/* fujiconfigrom.h -- GENERATED by tools/mkromh.py from config.bin, do not edit. */

#ifndef FUJICONFIGROM_H
#define FUJICONFIGROM_H

#define FUJI_CONFIGROM_SIZE 32768

static const unsigned char _configrom[FUJI_CONFIGROM_SIZE] = {
    0xF0, 0xF0, 0xF0, 0xF0, 0xF2, 0xF4, 0xF2, 0xF4, 0xF2, 0xF4, 0xF0, 0xF0,
    0xF0, 0xF0, 0x0F, 0x0F, 0xF0, 0xF0, 0xF0, 0xF0, 0xF0, 0xF0, 0xF0, 0xF0,
    0xF0, 0xF0, 0xF0, 0xF0, 0xF0, 0xF0, 0xF0, 0xF0, 0xF0, 0xF0, 0xF0, 0xF0,
    0xF0, 0xF0, 0xF0, 0xF0, 0xF0, 0xF0, 0xF0, 0xF0, 0xF0, 0xF0, 0xF0, 0xF0,
    0xF0, 0xF0, 0xF0, 0xF0, 0xF0, 0xF0, 0xF0, 0xF0, 0xF0, 0xF0, 0xF0, 0xF0,
    0xF0, 0xF0, 0xF0, 0xF0, 0xF0, 0xF0, 0xF0, 0xF0, 0xF0, 0xF0, 0xF0, 0xF0,
    0xF0, 0xF0, 0xF0, 0xF0, 0xF0, 0xF0, 0xF0, 0xF0, 0xF0, 0xF0, 0xF0, 0xF0,
    0xF0, 0xF0, 0xF0, 0xF0, 0xF0, 0xF0, 0xF0, 0xF0, 0xF0, 0xF0, 0xF0, 0xF0,
    0xF0, 0xF0, 0xF0, 0xF0, 0xF0, 0xF0, 0xF0, 0xF0, 0xF0, 0xF0, 0xF0, 0xF0,
    0xF0, 0xF0, 0xF0, 0xF0, 0xF0, 0xF0, 0xF0, 0xF0, 0xF0, 0xF0, 0xF0, 0xF0,
    0xF0, 0xF0, 0xF0, 0xF0, 0xF0, 0xF0, 0xF0, 0xF0, 0xF0, 0xF0, 0xF0, 0xF0,
    0xF0, 0xF0, 0xF0, 0xF0, 0xF0, 0xF0, 0xF0, 0xF0, 0xF0, 0xF0, 0xF0, 0xF0,
    0xF0, 0xF0, 0xF0, 0xF0, 0xF0, 0xF0, 0xF0, 0xF0, 0xF0, 0xF0, 0xF0, 0xF0,
    0xF0, 0xF0, 0xF0, 0xF0, 0xF0, 0xF0, 0xF0, 0xF0, 0xF0, 0xF0, 0xF0, 0xF0,
    0xF0, 0xF0, 0xF0, 0xF0, 0xF0, 0xF0, 0xF0, 0xF0, 0xF0, 0xF0, 0xF0, 0xF0,
    0xF0, 0xF0, 0xF0, 0xF0, 0xF0, 0xF0, 0xF0, 0xF0, 0xF0, 0xF0, 0xF0, 0xF0,
    0xF0, 0xF0, 0xF0, 0xF0, 0xF0, 0xF0, 0xF0, 0xF0, 0xF0, 0xF0, 0xF0, 0xF0,
    0xF0, 0xF0, 0x87, 0x3C, 0xF0, 0xF0, 0xF0, 0xF0, 0x87, 0x78, 0xF0, 0xF0,
    0xF0, 0xF0, 0xF0, 0xF0, 0xF0, 0xF0, 0xF0, 0xF0, 0x78, 0xF0, 0xF0, 0xD2,
    0xF0, 0xF0, 0xF0, 0xF0, 0xF0, 0xF0, 0xF0, 0xF0, 0xF0, 0xF0, 0xF0, 0xF0,
    0xF0, 0xF0, 0x87, 0x3C, 0xF0, 0xF0, 0xF0, 0xF0, 0xF0, 0xF0, 0xF0, 0xF0,
    0xF0, 0xF0, 0xF0, 0xF0, 0xF0, 0xF0, 0xF0, 0xF0, 0xF2, 0xF4, 0xF2, 0xF4,
    0xF2, 0xF4, 0xF0, 0xF0, 0xF0, 0xF0, 0x0F, 0x0F, 0xF0, 0xF0, 0xF0, 0xF0,
    0xF0, 0xF0, 0xF0, 0xF0, 0xF0, 0xF0, 0xF0, 0xF0, 0xF0, 0xF0, 0xF0, 0xF0,
    0xF0, 0xF0, 0xF8, 0xF0, 0xFC, 0xF0, 0xFE, 0xF0, 0xFF, 0xF0, 0xFF, 0xF8,
    0xFF, 0xFC, 0xFF, 0xFE, 0xFF, 0xFF, 0xF0, 0xF0, 0xF0, 0xF0, 0xF0, 0xF0,
    0xF0, 0xF0, 0xF0, 0xF0, 0xF0, 0xF0, 0xF0, 0xF0, 0xF0, 0xF0, 0xE1, 0xF0,
    0xF0, 0xF0, 0xB4, 0xB4, 0xE1, 0xF0, 0x78, 0x96, 0x87, 0xD2, 0xF0, 0xF0,
    0xF0, 0x78, 0xD2, 0xF0, 0xF0, 0xF0, 0xF0, 0xF0, 0xE1, 0xF0, 0xF0, 0xF0,
    0xE1, 0x78, 0x78, 0xF0, 0x87, 0x3C, 0x87, 0x3C, 0x0F, 0x1E, 0x87, 0x3C,
    0xF0, 0xB4, 0x87, 0x3C, 0x87, 0x3C, 0xE1, 0xF0, 0x87, 0x3C, 0x87, 0x3C,
    0xF0, 0xF0, 0xE1, 0xF0, 0xF0, 0x78, 0xF0, 0xF0, 0xD2, 0xF0, 0xE1, 0xF0,
    0x87, 0x3C, 0x78, 0xD2, 0x0F, 0x3C, 0x87, 0x3C, 0x0F, 0x78, 0x0F, 0x1E,
    0x78, 0xF0, 0x87, 0x3C, 0x78, 0xD2, 0x87, 0x3C, 0x87, 0x78, 0x78, 0xD2,
    0x0F, 0x1E, 0x78, 0xD2, 0x78, 0xD2, 0x87, 0x3C, 0x78, 0xF0, 0x87, 0x5A,
    0x78, 0xD2, 0x87, 0x3C, 0xE1, 0xF0, 0x87, 0x3C, 0xE1, 0xF0, 0x78, 0xD2,
    0x78, 0xD2, 0xE1, 0xF0, 0x0F, 0x1E, 0xC3, 0x78, 0xF0, 0xD2, 0xC3, 0x78,
    0xF0, 0xF0, 0x0F, 0x1E, 0xF0, 0xF0, 0x87, 0x1E, 0x0F, 0x3C, 0x87, 0x3C,
    0x87, 0x1E, 0x87, 0x3C, 0xD2, 0xF0, 0xF0, 0xD2, 0x78, 0xD2, 0xC3, 0x78,
    0x78, 0xB4, 0x78, 0xD2, 0xC3, 0x78, 0x69, 0xD2, 0x78, 0xD2, 0x87, 0x3C,
    0x78, 0xF0, 0xF0, 0xD2, 0x78, 0xF0, 0x0F, 0x3C, 0xE1, 0x3C, 0x87, 0x1E,
    0xE1, 0xF0, 0x96, 0x3C, 0x78, 0xD2, 0xF0, 0xD2, 0x0F, 0x1E, 0xF0, 0x3C,
    0xE1, 0xF0, 0x96, 0xF0, 0xF0, 0xF0, 0xF0, 0xF0, 0xF0, 0xF0, 0xFF, 0xFF,
    0xF2, 0xF4, 0xF2, 0xF7, 0xFE, 0xF4, 0xF0, 0xFF, 0xFF, 0xF0, 0x0F, 0x0F,
    0xF0, 0xF0, 0xF0, 0xF0, 0xF0, 0xF0, 0xF0, 0xF0, 0xF0, 0xF0, 0xF0, 0xF0,
    0xF0, 0xF0, 0xF0, 0xF0, 0xF0, 0xF0, 0xF8, 0xF0, 0xFC, 0xF0, 0xFE, 0xF0,
    0xFF, 0xF0, 0xFF, 0xF8, 0xFF, 0xFC, 0xFF, 0xFE, 0xFF, 0xFF, 0xF0, 0xF0,
    0xF0, 0xF0, 0xF0, 0xF0, 0xF0, 0xF0, 0xF0, 0xF0, 0xF0, 0xF0, 0xF0, 0xF0,
    0xF0, 0xF0, 0xF0, 0xF0, 0xF0, 0xF0, 0xB4, 0xB4, 0x0F, 0x3C, 0xB4, 0x96,
    0x78, 0x3C, 0xF0, 0xF0, 0xE1, 0xF0, 0xE1, 0xF0, 0xA5, 0xB4, 0xE1, 0xF0,
    0xF0, 0x78, 0xF0, 0xF0, 0xE1, 0x78, 0xB4, 0xF0, 0x3C, 0xD2, 0xE1, 0xF0,
    0x78, 0xF0, 0x78, 0xD2, 0xF0, 0xB4, 0x78, 0xD2, 0x78, 0xD2, 0xE1, 0xF0,
    0x78, 0xD2, 0xF0, 0xD2, 0xE1, 0x78, 0xF0, 0x78, 0xE1, 0xF0, 0xF0, 0xF0,
    0xE1, 0xF0, 0xF0, 0xF0, 0x78, 0xF0, 0x78, 0xD2, 0x78, 0xD2, 0x78, 0xD2,
    0x78, 0xB4, 0x78, 0xF0, 0x78, 0xF0, 0x78, 0xD2, 0x78, 0xD2, 0xE1, 0xF0,
    0x78, 0xB4, 0x78, 0xB4, 0x78, 0xF0, 0x78, 0xD2, 0x78, 0x96, 0x78, 0xD2,
    0x78, 0xF0, 0x78, 0xB4, 0x78, 0xB4, 0x78, 0xD2, 0xE1, 0xF0, 0x78, 0xD2,
    0xD2, 0x78, 0x3C, 0x96, 0xB4, 0xB4, 0xE1, 0xF0, 0xB4, 0xF0, 0xD2, 0xF0,
    0xF0, 0xB4, 0xF0, 0x78, 0xF0, 0xF0, 0xF0, 0xF0, 0xF0, 0xF0, 0x78, 0xD2,
    0x78, 0xD2, 0x78, 0xF0, 0x78, 0xD2, 0x78, 0xF0, 0xD2, 0xF0, 0x87, 0x1E,
    0x78, 0xD2, 0xE1, 0xF0, 0xF0, 0xB4, 0x78, 0xB4, 0xE1, 0xF0, 0x69, 0xD2,
    0x78, 0xD2, 0x78, 0xD2, 0x0F, 0x3C, 0x87, 0x1E, 0x78, 0xF0, 0xF0, 0xD2,
    0xD2, 0xD2, 0x78, 0xD2, 0xD2, 0x78, 0x69, 0xD2, 0xB4, 0xB4, 0x87, 0x1E,
    0xB4, 0xF0, 0xE1, 0xF0, 0xE1, 0xF0, 0xE1, 0xF0, 0xF0, 0xF0, 0xF0, 0xF0,
    0xF0, 0xF0, 0xF0, 0xF0, 0xF2, 0xF4, 0xF2, 0xF0, 0xF0, 0xF4, 0xF1, 0xF0,
    0xF0, 0xF8, 0x0F, 0x0F, 0xF0, 0xF0, 0xF0, 0xF0, 0xF0, 0xF0, 0xF0, 0xF0,
    0xF0, 0xF0, 0xF0, 0xF0, 0xF0, 0xF0, 0xF0, 0xF0, 0xF0, 0xF0, 0xF8, 0xF0,
    0xFC, 0xF0, 0xFE, 0xF0, 0xFF, 0xF0, 0xFF, 0xF8, 0xFF, 0xFC, 0xFF, 0xFE,
    0xFF, 0xFF, 0xF0, 0xF0, 0xF0, 0xF0, 0xF0, 0xF0, 0xF0, 0xF0, 0xF0, 0xF0,
    0xF0, 0xF0, 0xF0, 0xF0, 0xF0, 0xF0, 0xE1, 0xF0, 0xF0, 0xF0, 0x0F, 0x1E,
    0xE1, 0xD2, 0xD2, 0xF0, 0xA5, 0xD2, 0xF0, 0xF0, 0xD2, 0xF0, 0xF0, 0x78,
    0xC3, 0x78, 0xE1, 0xF0, 0xE1, 0x78, 0xF0, 0xF0, 0xF0, 0xF0, 0xD2, 0xF0,
    0x5A, 0xD2, 0xE1, 0xF0, 0xB4, 0xF0, 0xF0, 0xD2, 0x0F, 0x1E, 0xF0, 0xD2,
    0x78, 0xD2, 0xE1, 0xF0, 0x78, 0xD2, 0xF0, 0xD2, 0xE1, 0x78, 0xE1, 0x78,
    0xD2, 0xF0, 0x0F, 0x1E, 0xF0, 0x78, 0xE1, 0xF0, 0x69, 0x1E, 0x0F, 0x1E,
    0x78, 0xD2, 0x78, 0xF0, 0x78, 0xD2, 0x78, 0xF0, 0x78, 0xF0, 0x78, 0xD2,
    0x78, 0xD2, 0xE1, 0xF0, 0x78, 0xB4, 0x78, 0x78, 0x78, 0xF0, 0x78, 0xD2,
    0x78, 0x5A, 0x78, 0xD2, 0x78, 0xF0, 0x78, 0x5A, 0x78, 0x78, 0xF0, 0xD2,
    0xE1, 0xF0, 0x78, 0xD2, 0xB4, 0xB4, 0x5A, 0x5A, 0xD2, 0x78, 0xE1, 0xF0,
    0xD2, 0xF0, 0xD2, 0xF0, 0xF0, 0x78, 0xF0, 0x78, 0xF0, 0xF0, 0xF0, 0xF0,
    0xF0, 0xF0, 0x87, 0x1E, 0x78, 0xD2, 0x78, 0xF0, 0x78, 0xD2, 0x0F, 0x1E,
    0xD2, 0xF0, 0x78, 0xD2, 0x78, 0xD2, 0xE1, 0xF0, 0xF0, 0xB4, 0x0F, 0x78,
    0xE1, 0xF0, 0x69, 0xD2, 0x78, 0xD2, 0x78, 0xD2, 0x78, 0xD2, 0x78, 0xD2,
    0x78, 0xF0, 0x87, 0x3C, 0xD2, 0xF0, 0x78, 0xD2, 0xB4, 0xB4, 0x69, 0xD2,
    0xE1, 0xF0, 0x78, 0xD2, 0xE1, 0xF0, 0xE1, 0xF0, 0xE1, 0xF0, 0xE1, 0xF0,
    0xF0, 0xF0, 0xF0, 0xF0, 0xF0, 0xF0, 0xF0, 0xF0, 0xF2, 0xF4, 0xF1, 0xF0,
    0xF0, 0xF8, 0xF2, 0xF0, 0xF0, 0xF4, 0x0F, 0x0F, 0xF0, 0xF0, 0xF0, 0xF0,
    0xF0, 0xF0, 0xF0, 0xF0, 0xF0, 0xF0, 0xF0, 0xF0, 0xF0, 0xF0, 0xF0, 0xF0,
    0xF0, 0xF0, 0xF8, 0xF0, 0xFC, 0xF0, 0xFE, 0xF0, 0xFF, 0xF0, 0xFF, 0xF8,
    0xFF, 0xFC, 0xFF, 0xFE, 0xFF, 0xFF, 0xF0, 0xF0, 0xF0, 0xF0, 0xF0, 0xF0,
    0xF0, 0xF0, 0xF0, 0xF0, 0xF0, 0xF0, 0xF0, 0xF0, 0xF0, 0xF0, 0xE1, 0xF0,
    0xF0, 0xF0, 0xB4, 0xB4, 0x87, 0x3C, 0xE1, 0xF0, 0xD2, 0xF0, 0xF0, 0xF0,
    0xD2, 0xF0, 0xF0, 0x78, 0x0F, 0x1E, 0x0F, 0x1E, 0xF0, 0xF0, 0x87, 0x3C,
    0xF0, 0xF0, 0xE1, 0xF0, 0x69, 0xD2, 0xE1, 0xF0, 0xC3, 0x3C, 0xC3, 0x3C,
    0xB4, 0xB4, 0xF0, 0xD2, 0x0F, 0x3C, 0xF0, 0x78, 0x87, 0x3C, 0x87, 0x1E,
    0xF0, 0xF0, 0xF0, 0xF0, 0xB4, 0xF0, 0xF0, 0xF0, 0xF0, 0xB4, 0xF0, 0x3C,
    0x5A, 0xD2, 0x78, 0xD2, 0x0F, 0x3C, 0x78, 0xF0, 0x78, 0xD2, 0x0F, 0x3C,
    0x0F, 0x3C, 0x78, 0x1E, 0x0F, 0x1E, 0xE1, 0xF0, 0xF0, 0xB4, 0x0F, 0xF0,
    0x78, 0xF0, 0x69, 0xD2, 0x69, 0xD2, 0x78, 0xD2, 0x0F, 0x3C, 0x78, 0xD2,
    0x0F, 0x3C, 0x87, 0x3C, 0xE1, 0xF0, 0x78, 0xD2, 0xB4, 0xB4, 0x69, 0xD2,
    0xE1, 0xF0, 0xE1, 0xF0, 0xE1, 0xF0, 0xD2, 0xF0, 0xE1, 0xF0, 0xF0, 0x78,
    0xF0, 0xF0, 0xF0, 0xF0, 0xF0, 0xF0, 0xF0, 0xD2, 0x78, 0xD2, 0x78, 0xF0,
    0x78, 0xD2, 0x78, 0xD2, 0x0F, 0x3C, 0x78, 0xD2, 0x78, 0xD2, 0xE1, 0xF0,
    0xF0, 0xB4, 0x78, 0x78, 0xE1, 0xF0, 0x69, 0xD2, 0x78, 0xD2, 0x78, 0xD2,
    0x78, 0xD2, 0x78, 0xD2, 0x3C, 0xD2, 0x78, 0xF0, 0xD2, 0xF0, 0x78, 0xD2,
    0x78, 0xD2, 0x69, 0xD2, 0xB4, 0xB4, 0x78, 0xD2, 0xF0, 0xB4, 0x96, 0xF0,
    0xE1, 0xF0, 0xF0, 0x3C, 0x78, 0x3C, 0xF0, 0xF0, 0xF0, 0xF0, 0xFF, 0xFF,
    0xF2, 0xF4, 0xF0, 0xFF, 0xFF, 0xF0, 0xF2, 0xF7, 0xFE, 0xF4, 0x0F, 0x0F,
    0xF0, 0xF0, 0xF0, 0xF0, 0xF0, 0xF0, 0xF0, 0xF0, 0xF0, 0xF0, 0xF0, 0xF0,
    0xF0, 0xF0, 0xF0, 0xF0, 0xF0, 0xF0, 0xF8, 0xF0, 0xFC, 0xF0, 0xFE, 0xF0,
    0xFF, 0xF0, 0xFF, 0xF8, 0xFF, 0xFC, 0xFF, 0xFE, 0xFF, 0xFF, 0xF0, 0xF0,
    0xF0, 0xF0, 0xF0, 0xF0, 0xF0, 0xF0, 0xF0, 0xF0, 0xF0, 0xF0, 0xF0, 0xF0,
    0xF0, 0xF0, 0xE1, 0xF0, 0xD2, 0x78, 0x0F, 0x1E, 0x69, 0xF0, 0xF0, 0x78,
    0xA5, 0xF0, 0xD2, 0xF0, 0xD2, 0xF0, 0xF0, 0x78, 0xC3, 0x78, 0xE1, 0xF0,
    0xF0, 0xF0, 0xF0, 0xF0, 0xF0, 0xF0, 0xF0, 0x78, 0x78, 0x5A, 0xA5, 0xF0,
    0xF0, 0xD2, 0xF0, 0xD2, 0xD2, 0xB4, 0x0F, 0x3C, 0x78, 0xF0, 0xF0, 0xB4,
    0x78, 0xD2, 0x78, 0xD2, 0xE1, 0x78, 0xE1, 0x78, 0xD2, 0xF0, 0x0F, 0x1E,
    0xF0, 0x78, 0xF0, 0xD2, 0x69, 0x1E, 0x78, 0xD2, 0x78, 0xD2, 0x78, 0xF0,
    0x78, 0xD2, 0x78, 0xF0, 0x78, 0xF0, 0x78, 0xF0, 0x78, 0xD2, 0xE1, 0xF0,
    0xF0, 0xB4, 0x78, 0x78, 0x78, 0xF0, 0x5A, 0x5A, 0x5A, 0xD2, 0x78, 0xD2,
    0x78, 0xD2, 0x78, 0xD2, 0x78, 0xD2, 0x78, 0xF0, 0xE1, 0xF0, 0x78, 0xD2,
    0x78, 0xD2, 0x78, 0xD2, 0xD2, 0x78, 0xD2, 0x78, 0xF0, 0x78, 0xD2, 0xF0,
    0xD2, 0xF0, 0xF0, 0x78, 0xB4, 0xB4, 0xF0, 0xF0, 0xF0, 0xF0, 0x87, 0x3C,
    0x0F, 0x3C, 0x87, 0x3C, 0x87, 0x1E, 0x87, 0x3C, 0xD2, 0xF0, 0x87, 0x1E,
    0x0F, 0x3C, 0xC3, 0xF0, 0xF0, 0x3C, 0x78, 0xB4, 0xE1, 0xF0, 0x1E, 0x3C,
    0x0F, 0x3C, 0x87, 0x3C, 0x0F, 0x3C, 0x87, 0x1E, 0x4B, 0x3C, 0x87, 0x1E,
    0x0F, 0x3C, 0x78, 0xD2, 0x78, 0xD2, 0x78, 0xD2, 0x78, 0xD2, 0x78, 0xD2,
    0x0F, 0x1E, 0xE1, 0xF0, 0xE1, 0xF0, 0xE1, 0xF0, 0x87, 0xD2, 0xF0, 0xF0,
    0xF0, 0xF0, 0xF0, 0xF0, 0xF2, 0xF4, 0xF0, 0xF0, 0xF0, 0xF0, 0xF2, 0xF4,
    0xF2, 0xF4, 0x0F, 0x0F, 0xF0, 0xF0, 0xF0, 0xF0, 0xF0, 0xF0, 0xF0, 0xF0,
    0xF0, 0xF0, 0xF0, 0xF0, 0xF0, 0xF0, 0xF0, 0xF0, 0xF0, 0xF0, 0xF8, 0xF0,
    0xFC, 0xF0, 0xFE, 0xF0, 0xFF, 0xF0, 0xFF, 0xF8, 0xFF, 0xFC, 0xFF, 0xFE,
    0xFF, 0xFF, 0xF0, 0xF0, 0xF0, 0xF0, 0xF0, 0xF0, 0xF0, 0xF0, 0xF0, 0xF0,
    0xF0, 0xF0, 0xF0, 0xF0, 0xF0, 0xF0, 0xE1, 0xF0, 0xD2, 0x78, 0xB4, 0xB4,
    0x87, 0x1E, 0x3C, 0xB4, 0x78, 0x78, 0xE1, 0xF0, 0xE1, 0xF0, 0xE1, 0xF0,
    0xA5, 0xB4, 0xE1, 0xF0, 0xF0, 0xF0, 0xF0, 0xF0, 0xF0, 0xF0, 0xF0, 0xB4,
    0x78, 0x96, 0xC3, 0xF0, 0x78, 0xD2, 0x78, 0xD2, 0xE1, 0xB4, 0x78, 0xF0,
    0x78, 0xF0, 0x78, 0xD2, 0x78, 0xD2, 0x78, 0xD2, 0xE1, 0x78, 0xE1, 0x78,
    0xE1, 0xF0, 0xF0, 0xF0, 0xE1, 0xF0, 0x78, 0xD2, 0x78, 0xD2, 0xB4, 0xB4,
    0x78, 0xD2, 0x78, 0xD2, 0x78, 0xB4, 0x78, 0xF0, 0x78, 0xF0, 0x78, 0xD2,
    0x78, 0xD2, 0xE1, 0xF0, 0xF0, 0xB4, 0x78, 0xB4, 0x78, 0xF0, 0x3C, 0x96,
    0x3C, 0xD2, 0x78, 0xD2, 0x78, 0xD2, 0x78, 0xD2, 0x78, 0xD2, 0x78, 0xD2,
    0xE1, 0xF0, 0x78, 0xD2, 0x78, 0xD2, 0x78, 0xD2, 0xB4, 0xB4, 0xB4, 0xB4,
    0xF0, 0xB4, 0xD2, 0xF0, 0xB4, 0xF0, 0xF0, 0x78, 0xD2, 0x78, 0xF0, 0xF0,
    0xE1, 0xF0, 0xF0, 0xF0, 0x78, 0xF0, 0xF0, 0xF0, 0xF0, 0xD2, 0xF0, 0xF0,
    0xD2, 0xF0, 0xF0, 0xF0, 0x78, 0xF0, 0xF0, 0xF0, 0xF0, 0xF0, 0x78, 0xF0,
    0xE1, 0xF0, 0xF0, 0xF0, 0xF0, 0xF0, 0xF0, 0xF0, 0xF0, 0xF0, 0xF0, 0xF0,
    0xF0, 0xF0, 0xF0, 0xF0, 0xD2, 0xF0, 0xF0, 0xF0, 0xF0, 0xF0, 0xF0, 0xF0,
    0xF0, 0xF0, 0xF0, 0xF0, 0xF0, 0xF0, 0xE1, 0xF0, 0xE1, 0xF0, 0xE1, 0xF0,
    0xF0, 0xF0, 0xF0, 0xF0, 0xF0, 0xF0, 0xF0, 0xF0, 0xF2, 0xF4, 0xF0, 0xF0,
    0xF0, 0xF0, 0xF2, 0xF4, 0xF2, 0xF4, 0x0F, 0x0F, 0xF0, 0xF0, 0xF0, 0xF0,
    0xF0, 0xF0, 0xF0, 0xF0, 0xF0, 0xF0, 0xF0, 0xF0, 0xF0, 0xF0, 0xF0, 0xF0,
    0xF0, 0xF0, 0xF0, 0xF0, 0xF0, 0xF0, 0xF0, 0xF0, 0xF0, 0xF0, 0xF0, 0xF0,
    0xF0, 0xF0, 0xF0, 0xF0, 0xF0, 0xF0, 0xF0, 0xF0, 0xF0, 0xF0, 0xF0, 0xF0,
    0xF0, 0xF0, 0xF0, 0xF0, 0xF0, 0xF0, 0xF0, 0xF0, 0xF0, 0xF0, 0xE1, 0xF0,
    0xD2, 0x78, 0xB4, 0xB4, 0xE1, 0xF0, 0x3C, 0xD2, 0x87, 0xF0, 0xE1, 0xF0,
    0xF0, 0x78, 0xD2, 0xF0, 0xF0, 0xF0, 0xF0, 0xF0, 0xF0, 0xF0, 0xF0, 0xF0,
    0xF0, 0xF0, 0xF0, 0xD2, 0x87, 0x3C, 0xE1, 0xF0, 0x87, 0x3C, 0x87, 0x3C,
    0xF0, 0x3C, 0x0F, 0x1E, 0x87, 0x3C, 0x0F, 0x1E, 0x87, 0x3C, 0x87, 0x3C,
    0xF0, 0xF0, 0xF0, 0xF0, 0xF0, 0x78, 0xF0, 0xF0, 0xD2, 0xF0, 0x87, 0x3C,
    0x87, 0x3C, 0xC3, 0x78, 0x0F, 0x3C, 0x87, 0x3C, 0x0F, 0x78, 0x0F, 0x1E,
    0x0F, 0x1E, 0x87, 0x3C, 0x78, 0xD2, 0x87, 0x3C, 0xF0, 0x1E, 0x78, 0xD2,
    0x78, 0xF0, 0x78, 0xD2, 0x78, 0xD2, 0x87, 0x3C, 0x0F, 0x3C, 0x87, 0x3C,
    0x0F, 0x3C, 0x87, 0x3C, 0x0F, 0x1E, 0x78, 0xD2, 0x78, 0xD2, 0x78, 0xD2,
    0x78, 0xD2, 0x78, 0xD2, 0x0F, 0x1E, 0xC3, 0x78, 0x78, 0xF0, 0xC3, 0x78,
    0xE1, 0xF0, 0xF0, 0xF0, 0xD2, 0xF0, 0xF0, 0xF0, 0x78, 0xF0, 0xF0, 0xF0,
    0xF0, 0xD2, 0xF0, 0xF0, 0xE1, 0x3C, 0xF0, 0xF0, 0x78, 0xF0, 0xE1, 0xF0,
    0xF0, 0xB4, 0x78, 0xF0, 0xC3, 0xF0, 0xF0, 0xF0, 0xF0, 0xF0, 0xF0, 0xF0,
    0xF0, 0xF0, 0xF0, 0xF0, 0xF0, 0xF0, 0xF0, 0xF0, 0xD2, 0xF0, 0xF0, 0xF0,
    0xF0, 0xF0, 0xF0, 0xF0, 0xF0, 0xF0, 0xF0, 0xF0, 0xF0, 0xF0, 0xF0, 0x3C,
    0xE1, 0xF0, 0x96, 0xF0, 0xF0, 0xF0, 0xF0, 0xF0, 0x78, 0xD8, 0xA9, 0x7F,
    0x85, 0x3C, 0xA9, 0x00, 0x85, 0x38, 0xA2, 0xFF, 0x9A, 0xA9, 0x00, 0x85,
    0x46, 0xA9, 0x80, 0x85, 0x47, 0x20, 0x59, 0xC5, 0x20, 0x93, 0xBF, 0xA9,
    0x4C, 0x8D, 0x5B, 0x54, 0xA9, 0x3E, 0x8D, 0x5C, 0x54, 0xA9, 0x88, 0x8D,
    0x5D, 0x54, 0x20, 0x3F, 0x88, 0x20, 0xBF, 0xC3, 0x20, 0xBF, 0xC3, 0xA0,
    0x04, 0x20, 0xF2, 0x89, 0x20, 0x87, 0xBF, 0x4C, 0x3B, 0x88, 0x40, 0xA0,
    0x00, 0xF0, 0x07, 0xA9, 0x4B, 0xA2, 0x88, 0x4C, 0x9D, 0x52, 0x60, 0x20,
    0xC3, 0xC3, 0xA9, 0x14, 0x20, 0x17, 0xAA, 0xA9, 0x02, 0x20, 0xAD, 0xC3,
    0xA9, 0x14, 0x20, 0xAD, 0xC3, 0xA0, 0x03, 0x20, 0x14, 0xC1, 0x20, 0xF9,
    0xA9, 0x4C, 0xAB, 0xC0, 0x20, 0xC3, 0xC3, 0xA9, 0x15, 0x20, 0x17, 0xAA,
    0xA9, 0x02, 0x20, 0xAD, 0xC3, 0xA9, 0x15, 0x20, 0xAD, 0xC3, 0xA0, 0x03,
    0x20, 0x14, 0xC1, 0x20, 0xF9, 0xA9, 0x4C, 0xAB, 0xC0, 0x20, 0xC3, 0xC3,
    0x20, 0x12, 0xC1, 0x20, 0xAC, 0xC4, 0x18, 0x69, 0x03, 0x20, 0xAD, 0xC3,
    0xA9, 0x14, 0x20, 0x17, 0xAA, 0xA9, 0x02, 0x20, 0xAD, 0xC3, 0xA9, 0x14,
    0x20, 0xAD, 0xC3, 0xA9, 0xCB, 0xA2, 0xC5, 0x20, 0xF9, 0xA9, 0xA9, 0x03,
    0x20, 0xAD, 0xC3, 0xA9, 0x14, 0x20, 0xAD, 0xC3, 0xA0, 0x04, 0x20, 0x14,
    0xC1, 0x20, 0xF9, 0xA9, 0xA0, 0x00, 0xB1, 0x46, 0x20, 0xAD, 0xC3, 0xA9,
    0x14, 0x20, 0xAD, 0xC3, 0xA9, 0xC0, 0xA2, 0xC5, 0x20, 0xF9, 0xA9, 0xA0,
    0x00, 0xB1, 0x46, 0x18, 0x69, 0x07, 0x20, 0xAD, 0xC3, 0xA9, 0x14, 0x20,
    0xAD, 0xC3, 0xAD, 0x02, 0x0C, 0x20, 0x0A, 0xAF, 0x20, 0x40, 0xB6, 0x4C,
    0xB9, 0xC0, 0x20, 0xC3, 0xC3, 0x20, 0x12, 0xC1, 0x20, 0x06, 0xAD, 0x4C,
    0xAB, 0xC0, 0x20, 0xAD, 0xC3, 0x4C, 0xFF, 0x88, 0x20, 0x89, 0xB7, 0xA0,
    0x00, 0xB1, 0x46, 0x08, 0xB1, 0x46, 0x38, 0xE9, 0x01, 0x91, 0x46, 0x28,
    0xD0, 0xEE, 0x4C, 0x9C, 0xC0, 0x20, 0xAD, 0xC3, 0xA0, 0x00, 0xB1, 0x46,
    0x0A, 0x90, 0x16, 0xAD, 0xC6, 0x52, 0xF0, 0x3B, 0x18, 0x69, 0x03, 0x20,
    0xAD, 0xC3, 0xA9, 0x00, 0x20, 0x2B, 0xAD, 0xCE, 0xC6, 0x52, 0x4C, 0x4D,
    0x89, 0xAD, 0xC6, 0x52, 0x18, 0x69, 0x01, 0xCD, 0xC7, 0x52, 0xB0, 0x1F,
    0xAD, 0xC6, 0x52, 0x18, 0x69, 0x03, 0x20, 0xAD, 0xC3, 0xA9, 0x00, 0x20,
    0x2B, 0xAD, 0xEE, 0xC6, 0x52, 0xAD, 0xC6, 0x52, 0x18, 0x69, 0x03, 0x20,
    0xAD, 0xC3, 0xA9, 0x01, 0x20, 0x2B, 0xAD, 0x4C, 0x9C, 0xC0, 0x20, 0xD7,
    0xBF, 0xA9, 0x00, 0xA8, 0x91, 0x46, 0xA8, 0xB9, 0xCD, 0xC5, 0xF0, 0x26,
    0xA0, 0x00, 0xB1, 0x46, 0x18, 0x69, 0x02, 0x20, 0xAD, 0xC3, 0xA9, 0x02,
    0x20, 0xAD, 0xC3, 0xA8, 0xB1, 0x46, 0xA8, 0xB9, 0xCD, 0xC5, 0x20, 0xC4,
    0xAA, 0x20, 0x8B, 0xB6, 0xA0, 0x00, 0x18, 0xA9, 0x01, 0x71, 0x46, 0x4C,
    0x64, 0x89, 0xA9, 0x02, 0x20, 0xAD, 0xC3, 0xA9, 0x03, 0x20, 0xAD, 0xC3,
    0xA9, 0x9C, 0xA2, 0xC5, 0x20, 0xF9, 0xA9, 0xA9, 0x02, 0x20, 0xAD, 0xC3,
    0xA9, 0x04, 0x20, 0xAD, 0xC3, 0xA9, 0x88, 0xA2, 0xC5, 0x20, 0xF9, 0xA9,
    0xA9, 0x02, 0x20, 0xAD, 0xC3, 0xA9, 0x05, 0x20, 0xAD, 0xC3, 0xA9, 0xC8,
    0xA2, 0xC5, 0x20, 0xF9, 0xA9, 0xA9, 0x02, 0x20, 0xAD, 0xC3, 0xA9, 0x06,
    0x20, 0x27, 0xAE, 0xA9, 0x00, 0xA8, 0x91, 0x46, 0xC9, 0x1E, 0xB0, 0x14,
    0x20, 0xDB, 0xAF, 0xC9, 0x00, 0xD0, 0x0D, 0x20, 0x51, 0xAE, 0xA0, 0x00,
    0x18, 0xA9, 0x01, 0x71, 0x46, 0x4C, 0xD2, 0x89, 0x20, 0x81, 0xAE, 0x4C,
    0x9C, 0xC0, 0x20, 0x93, 0xA9, 0x20, 0x07, 0xB6, 0x20, 0xCA, 0xAF, 0x20,
    0x10, 0xBA, 0xAA, 0xD0, 0x15, 0xA9, 0x02, 0x20, 0xAD, 0xC3, 0x20, 0xAD,
    0xC3, 0xA9, 0xAF, 0xA2, 0xC5, 0x20, 0xF9, 0xA9, 0x20, 0x40, 0xB6, 0x4C,
    0x13, 0x8A, 0xAD, 0x4E, 0x54, 0x20, 0x62, 0xBA, 0x20, 0x5E, 0x89, 0xA9,
    0x00, 0x8D, 0xC2, 0x52, 0xAD, 0xC2, 0x52, 0xF0, 0x17, 0xC9, 0x01, 0xF0,
    0x19, 0xC9, 0x02, 0xF0, 0x1B, 0xC9, 0x04, 0xF0, 0x1D, 0xC9, 0x05, 0xF0,
    0x1F, 0xC9, 0x06, 0xF0, 0x21, 0x4C, 0x64, 0x8A, 0x20, 0x6A, 0x8A, 0x4C,
    0x24, 0x8A, 0x20, 0xF7, 0x8A, 0x4C, 0x24, 0x8A, 0x20, 0x52, 0x8B, 0x4C,
    0x24, 0x8A, 0x20, 0xB0, 0x92, 0x4C, 0x24, 0x8A, 0x20, 0x6A, 0x9B, 0x4C,
    0x24, 0x8A, 0x20, 0x28, 0xA3, 0x4C, 0x24, 0x8A, 0x20, 0x51, 0x8F, 0x4C,
    0x24, 0x8A, 0xA2, 0x08, 0xA9, 0x00, 0x20, 0xC3, 0xC3, 0x20, 0xAD, 0xC3,
    0x20, 0xAC, 0xB9, 0xAA, 0xD0, 0x05, 0xA9, 0x03, 0x4C, 0xF1, 0x8A, 0xA9,
    0x70, 0x20, 0xAD, 0xC3, 0xA9, 0xFA, 0x20, 0xAD, 0xC3, 0xA9, 0x10, 0x20,
    0xAD, 0xC3, 0xA9, 0x00, 0x20, 0xAD, 0xC3, 0x20, 0xAD, 0xC3, 0x20, 0xAD,
    0xC3, 0x20, 0xAD, 0xC3, 0xA9, 0x07, 0x20, 0x2E, 0xC1, 0x20, 0xC3, 0xC3,
    0xA2, 0x00, 0xA9, 0x01, 0x20, 0x60, 0xBB, 0xAA, 0xD0, 0x05, 0xA9, 0x03,
    0x4C, 0xF1, 0x8A, 0xA0, 0x00, 0xB1, 0x46, 0xC9, 0x03, 0xF0, 0x36, 0xA9,
    0x70, 0x20, 0xAD, 0xC3, 0xA9, 0xFE, 0x20, 0xAD, 0xC3, 0xA9, 0x00, 0x20,
    0xAD, 0xC3, 0x20, 0xAD, 0xC3, 0x20, 0xAD, 0xC3, 0x20, 0xAD, 0xC3, 0x20,
    0xAD, 0xC3, 0x20, 0xBF, 0xC3, 0x20, 0x60, 0xBB, 0xAA, 0xF0, 0x10, 0xA0,
    0x02, 0x20, 0x7E, 0xC5, 0xA0, 0x00, 0xB1, 0x4E, 0xF0, 0x05, 0xA9, 0x02,
    0x4C, 0xF1, 0x8A, 0xA9, 0x01, 0x8D, 0xC2, 0x52, 0x4C, 0xB9, 0xC0, 0xA9,
    0x00, 0x8D, 0xC6, 0x52, 0x20, 0x15, 0x8D, 0x4C, 0x4A, 0x8B, 0x20, 0xDB,
    0xAF, 0x20, 0xAD, 0xC3, 0xA0, 0x00, 0xB1, 0x46, 0xC9, 0x01, 0xF0, 0x13,
    0xC9, 0x02, 0xF0, 0x17, 0xC9, 0x05, 0xF0, 0x1B, 0xC9, 0x06, 0xF0, 0x26,
    0xC9, 0x08, 0xF0, 0x19, 0x4C, 0x47, 0x8B, 0xA9, 0xFF, 0x20, 0x11, 0x89,
    0x4C, 0x47, 0x8B, 0xA9, 0x01, 0x20, 0x11, 0x89, 0x4C, 0x47, 0x8B, 0x20,
    0x45, 0x8E, 0x4C, 0x47, 0x8B, 0x8C, 0xC6, 0x52, 0x20, 0x15, 0x8D, 0x4C,
    0x47, 0x8B, 0xA9, 0x03, 0x8D, 0xC2, 0x52, 0x20, 0x9C, 0xC0, 0xAD, 0xC2,
    0x52, 0xC9, 0x01, 0xF0, 0xB1, 0x60, 0x20, 0xE0, 0xBF, 0xA9, 0x78, 0xA2,
    0xC6, 0x20, 0xEA, 0x88, 0xA9, 0xF5, 0xA2, 0xC5, 0x20, 0x4B, 0x88, 0xA9,
    0x70, 0x20, 0xAD, 0xC3, 0xA9, 0xFE, 0x20, 0xAD, 0xC3, 0xA9, 0x00, 0x20,
    0xAD, 0xC3, 0x20, 0xAD, 0xC3, 0x20, 0xAD, 0xC3, 0x20, 0xAD, 0xC3, 0x20,
    0xAD, 0xC3, 0x20, 0xBF, 0xC3, 0x20, 0x60, 0xBB, 0xAA, 0xF0, 0x16, 0xA9,
    0x03, 0x20, 0xAD, 0xC3, 0x20, 0xAD, 0xC3, 0xA2, 0x08, 0xA9, 0x00, 0x20,
    0xC3, 0xC3, 0xA9, 0x20, 0x20, 0x51, 0xAA, 0xA9, 0x00, 0xA0, 0x01, 0x91,
    0x46, 0xC9, 0x14, 0x90, 0x03, 0x4C, 0xA0, 0x8C, 0x20, 0xD5, 0xAF, 0x20,
    0xAD, 0xC3, 0x4C, 0xCE, 0x8B, 0x20, 0xDB, 0xAF, 0x20, 0xAD, 0xC3, 0xA0,
    0x00, 0xB1, 0x46, 0xC9, 0x06, 0xF0, 0x04, 0xC9, 0x05, 0xD0, 0x08, 0xA9,
    0x01, 0x8D, 0xC2, 0x52, 0x4C, 0xBE, 0xC0, 0x20, 0x9C, 0xC0, 0x20, 0xD5,
    0xAF, 0x38, 0xA0, 0x00, 0xF1, 0x46, 0xC9, 0x78, 0x90, 0xD7, 0x98, 0xC8,
    0x91, 0x46, 0xA9, 0x70, 0x20, 0xAD, 0xC3, 0xA9, 0xFA, 0x20, 0xAD, 0xC3,
    0xA9, 0x10, 0x20, 0xAD, 0xC3, 0xA9, 0x00, 0x20, 0xAD, 0xC3, 0x20, 0xAD,
    0xC3, 0x20, 0xAD, 0xC3, 0x20, 0xAD, 0xC3, 0xA9, 0x08, 0x20, 0x2E, 0xC1,
    0x20, 0xC3, 0xC3, 0xA2, 0x00, 0xA9, 0x01, 0x20, 0x60, 0xBB, 0xAA, 0xD0,
    0x03, 0x4C, 0x94, 0x8C, 0xA0, 0x01, 0xB1, 0x46, 0xC9, 0x01, 0xF0, 0x37,
    0xC9, 0x03, 0xF0, 0x0B, 0xC9, 0x04, 0xF0, 0x46, 0xC9, 0x05, 0xF0, 0x59,
    0x4C, 0x94, 0x8C, 0xA9, 0xA3, 0xA2, 0xC6, 0x20, 0x4B, 0x88, 0xA9, 0x02,
    0x20, 0xAD, 0xC3, 0xA9, 0x15, 0x20, 0xAD, 0xC3, 0xA9, 0xC4, 0xA2, 0xC6,
    0x20, 0xF9, 0xA9, 0x20, 0x55, 0xB6, 0xA9, 0x32, 0x20, 0xF6, 0x88, 0xA9,
    0x03, 0x8D, 0xC2, 0x52, 0x4C, 0xB9, 0xC0, 0xA9, 0x21, 0xA2, 0xC6, 0x20,
    0x4B, 0x88, 0x20, 0x40, 0xB6, 0xA9, 0x78, 0x20, 0xF6, 0x88, 0xA9, 0x01,
    0x8D, 0xC2, 0x52, 0x4C, 0xB9, 0xC0, 0xA9, 0x58, 0xA2, 0xC6, 0x20, 0x4B,
    0x88, 0x20, 0x40, 0xB6, 0xA9, 0x78, 0x20, 0xF6, 0x88, 0xA9, 0x01, 0x8D,
    0xC2, 0x52, 0x4C, 0xB9, 0xC0, 0xA9, 0x47, 0xA2, 0xC6, 0x20, 0x4B, 0x88,
    0x20, 0x40, 0xB6, 0xA9, 0x78, 0x20, 0xF6, 0x88, 0xA9, 0x01, 0x8D, 0xC2,
    0x52, 0x4C, 0xB9, 0xC0, 0x20, 0x9C, 0xC0, 0xA0, 0x01, 0x18, 0x98, 0x71,
    0x46, 0x4C, 0x9F, 0x8B, 0xA9, 0x34, 0xA2, 0xC6, 0x20, 0x4B, 0x88, 0x20,
    0x40, 0xB6, 0xA9, 0x78, 0x20, 0xF6, 0x88, 0xA9, 0x01, 0x8D, 0xC2, 0x52,
    0x4C, 0xAB, 0xC0, 0x20, 0xAD, 0xC3, 0xA0, 0x00, 0xB1, 0x46, 0x20, 0xAD,
    0xC3, 0xA0, 0x00, 0xB1, 0x46, 0x0A, 0xA2, 0x00, 0x90, 0x0B, 0xB1, 0x46,
    0x10, 0x01, 0xCA, 0x20, 0x6F, 0xC3, 0x4C, 0xDA, 0x8C, 0xB1, 0x46, 0x10,
    0x01, 0xCA, 0x20, 0xC3, 0xC3, 0xA9, 0x19, 0x20, 0xAD, 0xC3, 0xA0, 0x05,
    0xB1, 0x46, 0x20, 0xAD, 0xC3, 0xA0, 0x04, 0xB1, 0x46, 0x0A, 0x90, 0x07,
    0xA9, 0xC7, 0xA2, 0xC6, 0x4C, 0xFB, 0x8C, 0xA9, 0xC9, 0xA2, 0xC6, 0x20,
    0xF9, 0xA9, 0xA9, 0x1A, 0x20, 0xAD, 0xC3, 0xA0, 0x05, 0xB1, 0x46, 0x20,
    0xAD, 0xC3, 0xA0, 0x03, 0x20, 0x14, 0xC1, 0x20, 0x91, 0xAE, 0x4C, 0xC3,
    0xC0, 0xA2, 0x08, 0xA9, 0x00, 0x20, 0xC3, 0xC3, 0x20, 0xD7, 0xBF, 0xA9,
    0x88, 0xA2, 0xC6, 0x20, 0xEA, 0x88, 0xA9, 0x97, 0xA2, 0xC6, 0x20, 0x4B,
    0x88, 0xA9, 0x15, 0x20, 0x17, 0xAA, 0xA9, 0x00, 0x8D, 0xCC, 0x53, 0xA9,
    0x70, 0x20, 0xAD, 0xC3, 0xA9, 0xFD, 0x20, 0xAD, 0xC3, 0xA9, 0x00, 0x20,
    0xAD, 0xC3, 0x20, 0xAD, 0xC3, 0x20, 0xAD, 0xC3, 0x20, 0xAD, 0xC3, 0x20,
    0xAD, 0xC3, 0x20, 0xBF, 0xC3, 0x20, 0x60, 0xBB, 0xAA, 0xF0, 0x17, 0xA0,
    0x02, 0x20, 0x7E, 0xC5, 0xA0, 0x00, 0xB1, 0x4E, 0x8D, 0xCC, 0x53, 0xC9,
    0x10, 0x98, 0x90, 0x07, 0xA9, 0x0F, 0x8D, 0xCC, 0x53, 0x98, 0xA8, 0x91,
    0x46, 0xCD, 0xCC, 0x53, 0x90, 0x03, 0x4C, 0xFB, 0x8D, 0xB1, 0x46, 0x18,
    0x69, 0x03, 0x20, 0xAD, 0xC3, 0xA9, 0x70, 0x20, 0xAD, 0xC3, 0xA9, 0xFC,
    0x20, 0xAD, 0xC3, 0xA9, 0x01, 0x20, 0xAD, 0xC3, 0xA0, 0x04, 0xB1, 0x46,
    0x20, 0xAD, 0xC3, 0xA9, 0x00, 0x20, 0xAD, 0xC3, 0x20, 0xAD, 0xC3, 0x20,
    0xAD, 0xC3, 0x20, 0xBF, 0xC3, 0x20, 0x60, 0xBB, 0xAA, 0xD0, 0x0D, 0xA0,
    0x01, 0xB1, 0x46, 0x8D, 0xCC, 0x53, 0x20, 0x9C, 0xC0, 0x4C, 0xFB, 0x8D,
    0xA9, 0x03, 0x20, 0xAD, 0xC3, 0xA0, 0x01, 0xB1, 0x46, 0x20, 0xAD, 0xC3,
    0xA0, 0x07, 0x20, 0xEA, 0xC3, 0xA9, 0x15, 0x20, 0x51, 0xAA, 0xA0, 0x00,
    0xB1, 0x46, 0x20, 0xAD, 0xC3, 0xA0, 0x04, 0x20, 0x14, 0xC1, 0xA0, 0x21,
    0x20, 0x93, 0xC0, 0x85, 0x4E, 0x86, 0x4F, 0xA0, 0x00, 0xB1, 0x4E, 0x20,
    0xB7, 0x8C, 0x20, 0x9C, 0xC0, 0xA0, 0x00, 0x18, 0xA9, 0x01, 0x71, 0x46,
    0x4C, 0x73, 0x8D, 0xA9, 0x03, 0x20, 0xAD, 0xC3, 0xAD, 0xCC, 0x53, 0x18,
    0x69, 0x03, 0x20, 0xAD, 0xC3, 0xA9, 0x0C, 0xA2, 0xC6, 0x20, 0xF9, 0xA9,
    0xAD, 0xCC, 0x53, 0x18, 0x69, 0x01, 0x8D, 0xC7, 0x52, 0xA9, 0xDC, 0xA2,
    0xC5, 0x20, 0x4B, 0x88, 0xA9, 0xB6, 0xA2, 0xC6, 0x20, 0x68, 0x88, 0xAD,
    0xC6, 0x52, 0xCD, 0xC7, 0x52, 0x90, 0x05, 0xA9, 0x00, 0x8D, 0xC6, 0x52,
    0xAD, 0xC6, 0x52, 0x18, 0x69, 0x03, 0x20, 0xAD, 0xC3, 0xA9, 0x01, 0x20,
    0x2B, 0xAD, 0x4C, 0xB9, 0xC0, 0xA2, 0x08, 0xA9, 0x00, 0x20, 0xC3, 0xC3,
    0x20, 0xD7, 0xBF, 0xAD, 0xC6, 0x52, 0xCD, 0xCC, 0x53, 0x90, 0x03, 0x4C,
    0xD8, 0x8E, 0xA9, 0x70, 0x20, 0xAD, 0xC3, 0xA9, 0xFC, 0x20, 0xAD, 0xC3,
    0xA9, 0x01, 0x20, 0xAD, 0xC3, 0xAD, 0xC6, 0x52, 0x20, 0xAD, 0xC3, 0xA9,
    0x00, 0x20, 0xAD, 0xC3, 0x20, 0xAD, 0xC3, 0x20, 0xAD, 0xC3, 0x20, 0xBF,
    0xC3, 0x20, 0x60, 0xBB, 0xAA, 0xD0, 0x0A, 0xA9, 0xF0, 0xA2, 0xC5, 0x20,
    0x85, 0x88, 0x4C, 0xB9, 0xC0, 0xA9, 0x00, 0xA8, 0x91, 0x46, 0xC9, 0x20,
    0xB0, 0x37, 0xA0, 0x02, 0x20, 0x7E, 0xC5, 0xA0, 0x00, 0xB1, 0x46, 0xA8,
    0xB1, 0x4E, 0xF0, 0x28, 0xA9, 0x4C, 0xA2, 0x53, 0xA0, 0x00, 0x18, 0x71,
    0x46, 0x90, 0x01, 0xE8, 0x85, 0x48, 0x86, 0x49, 0xA0, 0x02, 0x20, 0x7E,
    0xC5, 0xA0, 0x00, 0xB1, 0x46, 0xA8, 0xB1, 0x4E, 0xA0, 0x00, 0x91, 0x48,
    0x18, 0xA9, 0x01, 0x71, 0x46, 0x4C, 0x90, 0x8E, 0xA8, 0xB1, 0x46, 0xA8,
    0xA9, 0x00, 0x99, 0x4C, 0x53, 0x4C, 0x07, 0x8F, 0xA9, 0x00, 0x8D, 0x09,
    0x54, 0xA9, 0xBF, 0xA2, 0xC6, 0x20, 0xC3, 0xC3, 0xA9, 0x20, 0x20, 0x07,
    0xB1, 0xAA, 0xF0, 0x05, 0xAD, 0x09, 0x54, 0xD0, 0x06, 0x20, 0x15, 0x8D,
    0x4C, 0xB9, 0xC0, 0xA9, 0x4C, 0xA2, 0x53, 0x20, 0xC3, 0xC3, 0xA9, 0x09,
    0xA2, 0x54, 0x20, 0x8D, 0xC4, 0xA9, 0x00, 0x8D, 0x09, 0x54, 0xA9, 0xAD,
    0xA2, 0xC6, 0x20, 0xC3, 0xC3, 0xA9, 0x3F, 0x20, 0x07, 0xB1, 0xAA, 0xD0,
    0x06, 0x20, 0x15, 0x8D, 0x4C, 0xB9, 0xC0, 0xA9, 0x68, 0xA2, 0xC6, 0x20,
    0x4B, 0x88, 0xA9, 0x4C, 0xA2, 0x53, 0x20, 0xC3, 0xC3, 0xA9, 0x09, 0xA2,
    0x54, 0x20, 0x60, 0xA7, 0xAA, 0xD0, 0x12, 0xA9, 0xBF, 0xA2, 0xC6, 0x20,
    0x85, 0x88, 0xA9, 0x78, 0x20, 0xF6, 0x88, 0x20, 0x15, 0x8D, 0x4C, 0xB9,
    0xC0, 0xA9, 0x02, 0x8D, 0xC2, 0x52, 0x4C, 0xB9, 0xC0, 0x20, 0xE6, 0x8F,
    0x4C, 0xDB, 0x8F, 0x20, 0xDB, 0xAF, 0x20, 0xAD, 0xC3, 0xA0, 0x00, 0xB1,
    0x46, 0xC9, 0x01, 0xF0, 0x17, 0xC9, 0x02, 0xF0, 0x1B, 0xC9, 0x05, 0xF0,
    0x1F, 0xC9, 0x06, 0xF0, 0x35, 0xC9, 0x07, 0xF0, 0x5B, 0xC9, 0x08, 0xF0,
    0x4A, 0x4C, 0xD8, 0x8F, 0xA9, 0xFF, 0x20, 0x11, 0x89, 0x4C, 0xD8, 0x8F,
    0xA9, 0x01, 0x20, 0x11, 0x89, 0x4C, 0xD8, 0x8F, 0xAD, 0xC6, 0x52, 0xC9,
    0x08, 0xD0, 0x0D, 0xAD, 0xC5, 0x52, 0xD0, 0x08, 0xA9, 0x06, 0x8D, 0xC2,
    0x52, 0x4C, 0xD8, 0x8F, 0x20, 0x45, 0x91, 0x4C, 0xD8, 0x8F, 0xAD, 0xC5,
    0x52, 0xF0, 0x10, 0x20, 0x99, 0x9A, 0xAD, 0xC2, 0x52, 0xC9, 0x03, 0xD0,
    0x23, 0x20, 0xE6, 0x8F, 0x4C, 0xD8, 0x8F, 0xA9, 0x01, 0x8D, 0xC2, 0x52,
    0x4C, 0xD8, 0x8F, 0xAD, 0xC5, 0x52, 0xD0, 0x10, 0xA9, 0x05, 0x8D, 0xC2,
    0x52, 0x4C, 0xD8, 0x8F, 0xAD, 0xC5, 0x52, 0xD0, 0x03, 0x20, 0xDB, 0x91,
    0x20, 0x9C, 0xC0, 0xAD, 0xC2, 0x52, 0xC9, 0x03, 0xD0, 0x03, 0x4C, 0x57,
    0x8F, 0x60, 0x20, 0xD7, 0xBF, 0xAD, 0xC5, 0x52, 0xF0, 0x07, 0xA9, 0x22,
    0xA2, 0xC7, 0x4C, 0xF9, 0x8F, 0xA9, 0x72, 0xA2, 0xC7, 0x20, 0xEA, 0x88,
    0xAD, 0xC5, 0x52, 0xF0, 0x0E, 0xA9, 0x0E, 0xA2, 0xC7, 0x20, 0x4B, 0x88,
    0xA9, 0x57, 0xA2, 0xC7, 0x4C, 0x1A, 0x90, 0xA9, 0xF9, 0xA2, 0xC6, 0x20,
    0x4B, 0x88, 0xA9, 0xE4, 0xA2, 0xC6, 0x20, 0x68, 0x88, 0xA9, 0x70, 0x20,
    0xAD, 0xC3, 0xA9, 0xF4, 0x20, 0xAD, 0xC3, 0xA9, 0x00, 0x20, 0xAD, 0xC3,
    0x20, 0xAD, 0xC3, 0x20, 0xAD, 0xC3, 0x20, 0xAD, 0xC3, 0x20, 0xAD, 0xC3,
    0x20, 0xBF, 0xC3, 0x20, 0x60, 0xBB, 0xAA, 0xD0, 0x0F, 0xA9, 0x8F, 0xA2,
    0xC7, 0x20, 0x85, 0x88, 0xA9, 0x00, 0x8D, 0xC7, 0x52, 0x4C, 0x9C, 0xC0,
    0xA9, 0x00, 0x8D, 0xCB, 0x52, 0xA8, 0x91, 0x46, 0xC9, 0x08, 0x90, 0x03,
    0x4C, 0xFD, 0x90, 0xA2, 0x00, 0xB1, 0x46, 0x20, 0x69, 0xBF, 0x20, 0x53,
    0xBF, 0x85, 0x4E, 0x86, 0x4F, 0x18, 0xA5, 0x4E, 0x48, 0xA9, 0x08, 0x65,
    0x4F, 0xAA, 0x68, 0x20, 0xC3, 0xC3, 0xA0, 0x02, 0xB1, 0x46, 0x18, 0x69,
    0x03, 0x20, 0xAD, 0xC3, 0xA0, 0x00, 0xB1, 0x46, 0x20, 0x17, 0xAA, 0xA9,
    0x03, 0x20, 0xAD, 0xC3, 0xA0, 0x01, 0xB1, 0x46, 0x20, 0xAD, 0xC3, 0xA0,
    0x05, 0xA2, 0x00, 0xB1, 0x46, 0x20, 0x7E, 0xC0, 0x20, 0x91, 0xAE, 0xA0,
    0x02, 0x20, 0x7E, 0xC5, 0xA0, 0x00, 0xB1, 0x4E, 0xD0, 0x16, 0xA9, 0x05,
    0x20, 0xAD, 0xC3, 0xA0, 0x01, 0xB1, 0x46, 0x20, 0xAD, 0xC3, 0xA9, 0x87,
    0xA2, 0xC7, 0x20, 0xF9, 0xA9, 0x4C, 0xF0, 0x90, 0xA9, 0x05, 0x20, 0xAD,
    0xC3, 0xA0, 0x01, 0xB1, 0x46, 0x20, 0xAD, 0xC3, 0xA0, 0x06, 0x20, 0xEA,
    0xC3, 0xA9, 0x19, 0x20, 0x51, 0xAA, 0xAD, 0xCB, 0x52, 0x20, 0xC1, 0xC3,
    0xA0, 0x05, 0xB1, 0x46, 0xA8, 0xA9, 0x01, 0x20, 0x2B, 0xC4, 0x20, 0x7D,
    0xC3, 0x8D, 0xCB, 0x52, 0x20, 0xB9, 0xC0, 0xA0, 0x00, 0x18, 0xA9, 0x01,
    0x71, 0x46, 0x4C, 0x56, 0x90, 0xA9, 0x08, 0x8D, 0xC7, 0x52, 0xAD, 0xC5,
    0x52, 0xD0, 0x1B, 0xA9, 0x0B, 0x20, 0x17, 0xAA, 0xA9, 0x05, 0x20, 0xAD,
    0xC3, 0xA9, 0x0B, 0x20, 0xAD, 0xC3, 0xA9, 0x47, 0xA2, 0xC7, 0x20, 0xF9,
    0xA9, 0xA9, 0x09, 0x8D, 0xC7, 0x52, 0xA9, 0x01, 0x8D, 0xC8, 0x52, 0xAD,
    0xC6, 0x52, 0xCD, 0xC7, 0x52, 0x90, 0x05, 0xA9, 0x00, 0x8D, 0xC6, 0x52,
    0xAD, 0xC6, 0x52, 0x18, 0x69, 0x03, 0x20, 0xAD, 0xC3, 0xA9, 0x01, 0x20,
    0x2B, 0xAD, 0x4C, 0x9C, 0xC0, 0xAD, 0xCB, 0x52, 0x20, 0xC1, 0xC3, 0xAC,
    0xC6, 0x52, 0xA9, 0x01, 0x20, 0x2B, 0xC4, 0x20, 0x43, 0xBF, 0xC9, 0x00,
    0xD0, 0x16, 0xAD, 0xC5, 0x52, 0xF0, 0x07, 0xA9, 0x66, 0xA2, 0xC7, 0x4C,
    0x6A, 0x91, 0xA9, 0xCB, 0xA2, 0xC6, 0x20, 0x4B, 0x88, 0x4C, 0x40, 0xB6,
    0xA9, 0x36, 0xA2, 0xC7, 0x20, 0x4B, 0x88, 0xA9, 0x70, 0x20, 0xAD, 0xC3,
    0xA9, 0xF9, 0x20, 0xAD, 0xC3, 0xA9, 0x01, 0x20, 0xAD, 0xC3, 0xAD, 0xC6,
    0x52, 0x20, 0xAD, 0xC3, 0xA9, 0x00, 0x20, 0xAD, 0xC3, 0x20, 0xAD, 0xC3,
    0x20, 0xAD, 0xC3, 0x20, 0xBF, 0xC3, 0x20, 0x60, 0xBB, 0xAA, 0xD0, 0x07,
    0xA9, 0xA0, 0xA2, 0xC7, 0x4C, 0x85, 0x88, 0xAD, 0xC6, 0x52, 0x8D, 0xC3,
    0x52, 0xA9, 0x2F, 0x8D, 0xCC, 0x52, 0xA9, 0x00, 0x8D, 0xCD, 0x52, 0x8D,
    0x09, 0x54, 0x8D, 0xC9, 0x52, 0x8D, 0xCA, 0x52, 0x20, 0x14, 0x94, 0xAA,
    0xD0, 0x07, 0xA9, 0x9B, 0xA2, 0xC7, 0x4C, 0x85, 0x88, 0xA9, 0x00, 0x8D,
    0xC6, 0x52, 0x20, 0x55, 0xB6, 0xA9, 0x04, 0x8D, 0xC2, 0x52, 0x60, 0x20,
    0xED, 0xBF, 0xAD, 0xC6, 0x52, 0xC9, 0x08, 0xD0, 0x06, 0x20, 0x40, 0xB6,
    0x4C, 0xB9, 0xC0, 0xA9, 0x70, 0x20, 0xAD, 0xC3, 0xA9, 0xF4, 0x20, 0xAD,
    0xC3, 0xA9, 0x00, 0x20, 0xAD, 0xC3, 0x20, 0xAD, 0xC3, 0x20, 0xAD, 0xC3,
    0x20, 0xAD, 0xC3, 0x20, 0xAD, 0xC3, 0x20, 0xBF, 0xC3, 0x20, 0x60, 0xBB,
    0xAA, 0xD0, 0x0A, 0xA9, 0x8F, 0xA2, 0xC7, 0x20, 0x85, 0x88, 0x4C, 0xB9,
    0xC0, 0xA2, 0x00, 0xAD, 0xC6, 0x52, 0x20, 0x69, 0xBF, 0x20, 0x53, 0xBF,
    0x85, 0x4E, 0x86, 0x4F, 0x18, 0xA5, 0x4E, 0x48, 0xA9, 0x08, 0x65, 0x4F,
    0xAA, 0x68, 0xA0, 0x01, 0x20, 0x6F, 0xC4, 0xA9, 0x00, 0xA8, 0x91, 0x46,
    0xC9, 0x1F, 0xB0, 0x37, 0xA0, 0x02, 0x20, 0x7E, 0xC5, 0xA0, 0x00, 0xB1,
    0x46, 0xA8, 0xB1, 0x4E, 0xF0, 0x28, 0xA9, 0x09, 0xA2, 0x54, 0xA0, 0x00,
    0x18, 0x71, 0x46, 0x90, 0x01, 0xE8, 0x85, 0x48, 0x86, 0x49, 0xA0, 0x02,
    0x20, 0x7E, 0xC5, 0xA0, 0x00, 0xB1, 0x46, 0xA8, 0xB1, 0x4E, 0xA0, 0x00,
    0x91, 0x48, 0x18, 0xA9, 0x01, 0x71, 0x46, 0x4C, 0x3A, 0x92, 0xA8, 0xB1,
    0x46, 0xA8, 0xA9, 0x00, 0x99, 0x09, 0x54, 0xA9, 0x7D, 0xA2, 0xC7, 0x20,
    0xC3, 0xC3, 0xA9, 0x1F, 0x20, 0x07, 0xB1, 0xAA, 0xF0, 0x1C, 0xAD, 0xC6,
    0x52, 0x20, 0xAD, 0xC3, 0xA9, 0x09, 0xA2, 0x54, 0x20, 0x90, 0xA5, 0xAA,
    0xD0, 0x0C, 0xA9, 0x95, 0xA2, 0xC7, 0x20, 0x85, 0x88, 0xA9, 0x5A, 0x20,
    0xF6, 0x88, 0x20, 0xE6, 0x8F, 0x4C, 0xB9, 0xC0, 0x20, 0x28, 0x94, 0x4C,
    0x64, 0x93, 0x20, 0xDB, 0xAF, 0x20, 0xAD, 0xC3, 0xA0, 0x00, 0xB1, 0x46,
    0xC9, 0x01, 0xF0, 0x1F, 0xC9, 0x02, 0xF0, 0x23, 0xC9, 0x03, 0xF0, 0x27,
    0xC9, 0x04, 0xF0, 0x46, 0xC9, 0x05, 0xF0, 0x63, 0xC9, 0x06, 0xF0, 0x65,
    0xC9, 0x07, 0xF0, 0x67, 0xC9, 0x08, 0xF0, 0x69, 0x4C, 0x61, 0x93, 0xA9,
    0xFF, 0x20, 0xB0, 0x95, 0x4C, 0x61, 0x93, 0xA9, 0x01, 0x20, 0xB0, 0x95,
    0x4C, 0x61, 0x93, 0xAD, 0xC9, 0x52, 0xC9, 0x10, 0xAD, 0xCA, 0x52, 0xE9,
    0x00, 0x90, 0x62, 0xAD, 0xC9, 0x52, 0x38, 0xE9, 0x10, 0x8D, 0xC9, 0x52,
    0xB0, 0x03, 0xCE, 0xCA, 0x52, 0x8C, 0xC6, 0x52, 0x20, 0xE5, 0x94, 0x4C,
    0x61, 0x93, 0xAD, 0xC7, 0x52, 0xF0, 0x46, 0xAD, 0xC8, 0x52, 0xD0, 0x41,
    0xA9, 0x10, 0x18, 0x6D, 0xC9, 0x52, 0x8D, 0xC9, 0x52, 0x90, 0x03, 0xEE,
    0xCA, 0x52, 0x8C, 0xC6, 0x52, 0x20, 0xE5, 0x94, 0x4C, 0x61, 0x93, 0x20,
    0xC8, 0x96, 0x4C, 0x61, 0x93, 0x20, 0x51, 0x96, 0x4C, 0x61, 0x93, 0x20,
    0x59, 0x98, 0x4C, 0x61, 0x93, 0xAD, 0xC5, 0x52, 0xF0, 0x10, 0x20, 0x35,
    0x9A, 0xAD, 0xC2, 0x52, 0xC9, 0x04, 0xD0, 0x09, 0x20, 0x28, 0x94, 0x4C,
    0x61, 0x93, 0x20, 0x85, 0x98, 0x20, 0x9C, 0xC0, 0xAD, 0xC2, 0x52, 0xC9,
    0x04, 0xD0, 0x03, 0x4C, 0xB6, 0x92, 0x60, 0x20, 0xC3, 0xC3, 0x20, 0x12,
    0xC1, 0x20, 0xDD, 0xB9, 0x4C, 0xAB, 0xC0, 0x20, 0xAD, 0xC3, 0x20, 0x07,
    0xC0, 0xA9, 0x70, 0x20, 0xAD, 0xC3, 0xA9, 0xF6, 0x20, 0xAD, 0xC3, 0xA9,
    0x02, 0x20, 0xAD, 0xC3, 0xA0, 0x08, 0xB1, 0x46, 0x20, 0xAD, 0xC3, 0xA9,
    0x00, 0x20, 0xAD, 0xC3, 0x20, 0xAD, 0xC3, 0x20, 0xAD, 0xC3, 0x20, 0xBF,
    0xC3, 0x20, 0x60, 0xBB, 0xAA, 0xF0, 0x66, 0xA2, 0x08, 0xA9, 0x00, 0xA0,
    0x03, 0x20, 0x6F, 0xC4, 0x85, 0x4E, 0x86, 0x4F, 0xA8, 0xB1, 0x4E, 0xA0,
    0x02, 0x91, 0x46, 0xA0, 0x04, 0x20, 0x14, 0xC1, 0x20, 0x7E, 0xC0, 0x85,
    0x4E, 0x86, 0x4F, 0xA0, 0x00, 0xB1, 0x4E, 0xC8, 0x91, 0x46, 0xA0, 0x04,
    0x20, 0x14, 0xC1, 0x20, 0x85, 0xC0, 0x85, 0x4E, 0x86, 0x4F, 0xA0, 0x00,
    0xB1, 0x4E, 0x91, 0x46, 0xA0, 0x02, 0xB1, 0x46, 0xC9, 0x7F, 0xD0, 0x0E,
    0x88, 0xB1, 0x46, 0xC9, 0x7F, 0xD0, 0x06, 0xA2, 0x00, 0x8A, 0x4C, 0xC8,
    0xC0, 0xC8, 0xA2, 0x00, 0xB1, 0x46, 0xC9, 0x2E, 0xD0, 0x0D, 0x88, 0xB1,
    0x46, 0xF0, 0x0A, 0xC9, 0x2E, 0xD0, 0x04, 0xA1, 0x46, 0xF0, 0x02, 0xA9,
    0x01, 0x4C, 0xC8, 0xC0, 0xAD, 0xC3, 0x52, 0x20, 0xAD, 0xC3, 0xA9, 0xCC,
    0xA2, 0x52, 0x20, 0xC3, 0xC3, 0xA9, 0x09, 0xA2, 0x54, 0x4C, 0xF3, 0xA4,
    0xA9, 0xCC, 0xA2, 0x52, 0x20, 0xAC, 0xC4, 0x20, 0xAD, 0xC3, 0x20, 0x21,
    0xC0, 0xA5, 0x46, 0xA6, 0x47, 0x20, 0xC3, 0xC3, 0xA9, 0x34, 0xA2, 0xC8,
    0x20, 0x8D, 0xC4, 0xA2, 0x00, 0xAD, 0xC3, 0x52, 0xA0, 0x31, 0x20, 0x93,
    0xC0, 0xA0, 0x05, 0x91, 0x46, 0xA5, 0x46, 0xA6, 0x47, 0x20, 0xEA, 0x88,
    0xA9, 0x02, 0x20, 0xAD, 0xC3, 0xA9, 0x01, 0x20, 0xAD, 0xC3, 0xA0, 0x09,
    0xB1, 0x46, 0xC9, 0x1D, 0x90, 0x15, 0xA2, 0x00, 0xB1, 0x46, 0xA0, 0x1C,
    0x20, 0xCE, 0xBF, 0x18, 0x69, 0xCC, 0xA8, 0x8A, 0x69, 0x52, 0xAA, 0x98,
    0x4C, 0x83, 0x94, 0xA9, 0xCC, 0xA2, 0x52, 0x20, 0xF9, 0xA9, 0x20, 0x8F,
    0x94, 0x20, 0xE5, 0x94, 0x4C, 0xD2, 0xC0, 0xAD, 0xC5, 0x52, 0xF0, 0x0E,
    0xA9, 0xF4, 0xA2, 0xC7, 0x20, 0x4B, 0x88, 0xA9, 0xA5, 0xA2, 0xC7, 0x4C,
    0x68, 0x88, 0xA9, 0xC2, 0xA2, 0xC7, 0x20, 0x4B, 0x88, 0xA9, 0xDE, 0xA2,
    0xC7, 0x4C, 0x68, 0x88, 0x20, 0x8B, 0xB9, 0xAD, 0xC3, 0x52, 0x8D, 0xC6,
    0x52, 0xA9, 0x03, 0x8D, 0xC2, 0x52, 0x60, 0x20, 0x8B, 0xB9, 0x4C, 0x14,
    0x94, 0x20, 0xAD, 0xC3, 0xA0, 0x00, 0xB1, 0x46, 0xC9, 0x10, 0xB0, 0x12,
    0x18, 0x69, 0x03, 0x20, 0x17, 0xAA, 0xA0, 0x00, 0x18, 0xA9, 0x01, 0x71,
    0x46, 0x91, 0x46, 0x4C, 0xCA, 0x94, 0x4C, 0x9C, 0xC0, 0x20, 0xD7, 0xBF,
    0xAD, 0xC9, 0x52, 0xAE, 0xCA, 0x52, 0x20, 0x6F, 0x93, 0xAA, 0xD0, 0x12,
    0x20, 0xC5, 0x94, 0xA9, 0x45, 0xA2, 0xC8, 0x20, 0x85, 0x88, 0xA9, 0x00,
    0x8D, 0xC7, 0x52, 0x4C, 0x9C, 0xC0, 0xA9, 0x00, 0x8D, 0xC7, 0x52, 0x8D,
    0xC8, 0x52, 0xA8, 0x91, 0x46, 0xC9, 0x10, 0xB0, 0x50, 0xB1, 0x46, 0x18,
    0x69, 0x03, 0x20, 0xAD, 0xC3, 0xA0, 0x00, 0xB1, 0x46, 0x20, 0x17, 0xAA,
    0xA9, 0x1B, 0x20, 0x7B, 0x93, 0xAA, 0xD0, 0x0B, 0xA9, 0x01, 0x8D, 0xC8,
    0x52, 0x20, 0x9C, 0xC0, 0x4C, 0x65, 0x95, 0xA9, 0x03, 0x20, 0xAD, 0xC3,
    0xA0, 0x01, 0xB1, 0x46, 0x20, 0xAD, 0xC3, 0xA2, 0x08, 0xA9, 0x00, 0x20,
    0xC3, 0xC3, 0xA9, 0x1B, 0x20, 0x51, 0xAA, 0xA0, 0x01, 0xB1, 0x46, 0x18,
    0x69, 0x01, 0x8D, 0xC7, 0x52, 0x20, 0x9C, 0xC0, 0x88, 0x18, 0xA9, 0x01,
    0x71, 0x46, 0x4C, 0x0F, 0x95, 0xAD, 0xC7, 0x52, 0x20, 0xC5, 0x94, 0xAD,
    0xC7, 0x52, 0xD0, 0x1E, 0xA9, 0x03, 0x20, 0xAD, 0xC3, 0x20, 0xAD, 0xC3,
    0xAD, 0x09, 0x54, 0xF0, 0x07, 0xA9, 0x14, 0xA2, 0xC8, 0x4C, 0x88, 0x95,
    0xA9, 0x2C, 0xA2, 0xC8, 0x20, 0xF9, 0xA9, 0x4C, 0x9C, 0xC0, 0xAD, 0xC6,
    0x52, 0xCD, 0xC7, 0x52, 0x90, 0x09, 0xAD, 0xC7, 0x52, 0x38, 0xE9, 0x01,
    0x8D, 0xC6, 0x52, 0xAD, 0xC6, 0x52, 0x18, 0x69, 0x03, 0x20, 0xAD, 0xC3,
    0xA9, 0x01, 0x20, 0x2B, 0xAD, 0x4C, 0x9C, 0xC0, 0x20, 0xAD, 0xC3, 0xA0,
    0x00, 0xB1, 0x46, 0x0A, 0x90, 0x48, 0xAD, 0xC7, 0x52, 0xF0, 0x24, 0xAD,
    0xC6, 0x52, 0xF0, 0x1F, 0x18, 0x69, 0x03, 0x20, 0xAD, 0xC3, 0xA9, 0x00,
    0x20, 0x2B, 0xAD, 0xCE, 0xC6, 0x52, 0xAD, 0xC6, 0x52, 0x18, 0x69, 0x03,
    0x20, 0xAD, 0xC3, 0xA9, 0x01, 0x20, 0x2B, 0xAD, 0x4C, 0x9C, 0xC0, 0xAD,
    0xC9, 0x52, 0xC9, 0x10, 0xAD, 0xCA, 0x52, 0xE9, 0x00, 0x90, 0x5F, 0xAD,
    0xC9, 0x52, 0x38, 0xE9, 0x10, 0x8D, 0xC9, 0x52, 0xB0, 0x03, 0xCE, 0xCA,
    0x52, 0xA9, 0x0F, 0x4C, 0x48, 0x96, 0xAD, 0xC7, 0x52, 0xF0, 0x47, 0xAD,
    0xC6, 0x52, 0x18, 0x69, 0x01, 0xCD, 0xC7, 0x52, 0xB0, 0x22, 0xAD, 0xC6,
    0x52, 0x18, 0x69, 0x03, 0x20, 0xAD, 0xC3, 0xA9, 0x00, 0x20, 0x2B, 0xAD,
    0xEE, 0xC6, 0x52, 0xAD, 0xC6, 0x52, 0x18, 0x69, 0x03, 0x20, 0xAD, 0xC3,
    0xA9, 0x01, 0x20, 0x2B, 0xAD, 0x4C, 0x9C, 0xC0, 0xAD, 0xC8, 0x52, 0xD0,
    0x15, 0xA9, 0x10, 0x18, 0x6D, 0xC9, 0x52, 0x8D, 0xC9, 0x52, 0x90, 0x03,
    0xEE, 0xCA, 0x52, 0x98, 0x8D, 0xC6, 0x52, 0x20, 0xE5, 0x94, 0x4C, 0x9C,
    0xC0, 0xA9, 0xCC, 0xA2, 0x52, 0x20, 0xAC, 0xC4, 0x20, 0xAD, 0xC3, 0xA0,
    0x00, 0xB1, 0x46, 0xC9, 0x02, 0xB0, 0x1A, 0xAD, 0xC5, 0x52, 0xF0, 0x0D,
    0x20, 0x99, 0x9A, 0xAD, 0xC2, 0x52, 0xC9, 0x04, 0xD0, 0x53, 0x4C, 0xC2,
    0x96, 0x20, 0xB0, 0x94, 0x4C, 0x9C, 0xC0, 0xA0, 0x00, 0xB1, 0x46, 0x38,
    0xE9, 0x01, 0x91, 0x46, 0xB1, 0x46, 0xF0, 0x19, 0xA2, 0x00, 0xB1, 0x46,
    0x20, 0xC0, 0xBF, 0x85, 0x4E, 0x8A, 0x18, 0x69, 0x52, 0x85, 0x4F, 0xA0,
    0xCC, 0xB1, 0x4E, 0xC9, 0x2F, 0xD0, 0xDC, 0xA0, 0x00, 0xB1, 0x46, 0xA8,
    0xA9, 0x00, 0x99, 0xCC, 0x52, 0x8D, 0xC9, 0x52, 0x8D, 0xCA, 0x52, 0x8D,
    0xC6, 0x52, 0x20, 0xBF, 0x94, 0xAA, 0xD0, 0x0A, 0xA9, 0x40, 0xA2, 0xC8,
    0x20, 0x85, 0x88, 0x4C, 0x9C, 0xC0, 0x20, 0x28, 0x94, 0x4C, 0x9C, 0xC0,
    0x20, 0x21, 0xC0, 0xAD, 0xC7, 0x52, 0xD0, 0x03, 0x4C, 0x56, 0x98, 0xA9,
    0x21, 0xA2, 0xC8, 0x20, 0x4B, 0x88, 0xAD, 0xC9, 0x52, 0xAE, 0xCA, 0x52,
    0x18, 0x6D, 0xC6, 0x52, 0x90, 0x01, 0xE8, 0x20, 0x6F, 0x93, 0xAA, 0xF0,
    0x08, 0xA9, 0x78, 0x20, 0x7B, 0x93, 0xAA, 0xD0, 0x0A, 0xA9, 0x3B, 0xA2,
    0xC8, 0x20, 0x85, 0x88, 0x4C, 0xCD, 0xC0, 0xA2, 0x08, 0xA9, 0x00, 0xA0,
    0x05, 0x20, 0x6F, 0xC4, 0xAA, 0xA0, 0x02, 0x20, 0x6F, 0xC4, 0x4C, 0x1A,
    0x97, 0xA0, 0x02, 0xA2, 0x00, 0xA9, 0x01, 0x20, 0x26, 0xBF, 0xA0, 0x03,
    0xB1, 0x46, 0xC9, 0x00, 0xD0, 0x05, 0x88, 0xB1, 0x46, 0xC9, 0x78, 0xB0,
    0x18, 0xA0, 0x03, 0x20, 0x14, 0xC1, 0x18, 0xA0, 0x05, 0x71, 0x46, 0x85,
    0x4E, 0x8A, 0xC8, 0x71, 0x46, 0x85, 0x4F, 0xA0, 0x00, 0xB1, 0x4E, 0xD0,
    0xD0, 0xA0, 0x02, 0xB1, 0x46, 0xC8, 0x11, 0x46, 0xD0, 0x0A, 0xA9, 0x4A,
    0xA2, 0xC8, 0x20, 0x85, 0x88, 0x4C, 0xCD, 0xC0, 0x20, 0x14, 0xC1, 0x20,
    0xC0, 0xBF, 0x18, 0xA0, 0x05, 0x71, 0x46, 0x85, 0x4E, 0x8A, 0xC8, 0x71,
    0x46, 0x85, 0x4F, 0xA0, 0x00, 0xB1, 0x4E, 0xC9, 0x2F, 0xF0, 0x03, 0x4C,
    0x39, 0x98, 0xA9, 0xCC, 0xA2, 0x52, 0x20, 0xAC, 0xC4, 0xA0, 0x04, 0x91,
    0x46, 0x85, 0x4E, 0x88, 0x20, 0x14, 0xC1, 0x18, 0x65, 0x4E, 0x90, 0x01,
    0xE8, 0xC9, 0x80, 0x8A, 0xE9, 0x00, 0xA9, 0x00, 0xAA, 0x90, 0x15, 0xA9,
    0x05, 0xA2, 0xC8, 0x20, 0x4B, 0x88, 0x20, 0x40, 0xB6, 0xA9, 0x5A, 0x20,
    0xF6, 0x88, 0x20, 0x8F, 0x94, 0x4C, 0xCD, 0xC0, 0x20, 0x6D, 0xC4, 0x20,
    0x12, 0xC1, 0xA0, 0x02, 0xD1, 0x46, 0x8A, 0xC8, 0xF1, 0x46, 0xB0, 0x38,
    0xC8, 0xB1, 0x46, 0x85, 0x4E, 0x20, 0x12, 0xC1, 0x18, 0x65, 0x4E, 0x90,
    0x02, 0xE8, 0x18, 0x69, 0xCC, 0x85, 0x48, 0x8A, 0x69, 0x52, 0x85, 0x49,
    0x20, 0x12, 0xC1, 0x18, 0xA0, 0x05, 0x71, 0x46, 0x85, 0x4E, 0x8A, 0xC8,
    0x71, 0x46, 0x85, 0x4F, 0xA0, 0x00, 0xB1, 0x4E, 0x91, 0x48, 0xA2, 0x00,
    0xA9, 0x01, 0x20, 0x24, 0xBF, 0x4C, 0xAB, 0x97, 0xC8, 0xB1, 0x46, 0x85,
    0x4E, 0x88, 0x20, 0x14, 0xC1, 0x18, 0x65, 0x4E, 0x90, 0x02, 0xE8, 0x18,
    0x69, 0xCC, 0x85, 0x4E, 0x8A, 0x69, 0x52, 0x85, 0x4F, 0xA9, 0x00, 0xA8,
    0x91, 0x4E, 0x8D, 0xC9, 0x52, 0x8D, 0xCA, 0x52, 0x8D, 0xC6, 0x52, 0x20,
    0xBF, 0x94, 0xAA, 0xD0, 0x36, 0xA9, 0x40, 0xA2, 0xC8, 0x20, 0x85, 0x88,
    0xA9, 0x5A, 0x20, 0xF6, 0x88, 0xA0, 0x04, 0xB1, 0x46, 0xA8, 0xA9, 0x00,
    0x99, 0xCC, 0x52, 0x20, 0xBF, 0x94, 0x4C, 0x53, 0x98, 0xAD, 0xC5, 0x52,
    0xF0, 0x0D, 0xA9, 0xF4, 0xA2, 0xC7, 0x20, 0x4B, 0x88, 0x20, 0x40, 0xB6,
    0x4C, 0xCD, 0xC0, 0x20, 0xF3, 0x9E, 0xA9, 0x78, 0x20, 0xF6, 0x88, 0x20,
    0x28, 0x94, 0x4C, 0xCD, 0xC0, 0xA9, 0x00, 0x8D, 0x27, 0x54, 0xA9, 0xD7,
    0xA2, 0xC7, 0x20, 0xC3, 0xC3, 0xA9, 0x1E, 0x20, 0x07, 0xB1, 0xA9, 0x00,
    0x8D, 0xC9, 0x52, 0x8D, 0xCA, 0x52, 0x8D, 0xC6, 0x52, 0x20, 0xBF, 0x94,
    0xAA, 0xD0, 0x07, 0xA9, 0x40, 0xA2, 0xC8, 0x20, 0x85, 0x88, 0x4C, 0x28,
    0x94, 0x20, 0x21, 0xC0, 0xAD, 0xC7, 0x52, 0xD0, 0x03, 0x4C, 0x32, 0x9A,
    0xA9, 0x7F, 0xA2, 0xC8, 0x20, 0x4B, 0x88, 0xAD, 0xC9, 0x52, 0xAE, 0xCA,
    0x52, 0x18, 0x6D, 0xC6, 0x52, 0x90, 0x01, 0xE8, 0x20, 0x6F, 0x93, 0xAA,
    0xF0, 0x08, 0xA9, 0x78, 0x20, 0x7B, 0x93, 0xAA, 0xD0, 0x0A, 0xA9, 0x91,
    0xA2, 0xC8, 0x20, 0x85, 0x88, 0x4C, 0xCD, 0xC0, 0xA2, 0x08, 0xA9, 0x00,
    0xA0, 0x05, 0x20, 0x6F, 0xC4, 0xAA, 0xA0, 0x02, 0x20, 0x6F, 0xC4, 0x4C,
    0xD7, 0x98, 0xA0, 0x02, 0xA2, 0x00, 0xA9, 0x01, 0x20, 0x26, 0xBF, 0xA0,
    0x03, 0xB1, 0x46, 0xC9, 0x00, 0xD0, 0x05, 0x88, 0xB1, 0x46, 0xC9, 0x78,
    0xB0, 0x18, 0xA0, 0x03, 0x20, 0x14, 0xC1, 0x18, 0xA0, 0x05, 0x71, 0x46,
    0x85, 0x4E, 0x8A, 0xC8, 0x71, 0x46, 0x85, 0x4F, 0xA0, 0x00, 0xB1, 0x4E,
    0xD0, 0xD0, 0xA0, 0x02, 0xB1, 0x46, 0xC8, 0x11, 0x46, 0xD0, 0x0A, 0xA9,
    0xA0, 0xA2, 0xC8, 0x20, 0x85, 0x88, 0x4C, 0xCD, 0xC0, 0x20, 0x14, 0xC1,
    0x20, 0xC0, 0xBF, 0x18, 0xA0, 0x05, 0x71, 0x46, 0x85, 0x4E, 0x8A, 0xC8,
    0x71, 0x46, 0x85, 0x4F, 0xA0, 0x00, 0xB1, 0x4E, 0xC9, 0x2F, 0xD0, 0x15,
    0xA9, 0x4F, 0xA2, 0xC8, 0x20, 0x4B, 0x88, 0x20, 0x40, 0xB6, 0xA9, 0x5A,
    0x20, 0xF6, 0x88, 0x20, 0x8F, 0x94, 0x4C, 0xCD, 0xC0, 0xA9, 0xCC, 0xA2,
    0x52, 0x20, 0xAC, 0xC4, 0xA0, 0x04, 0x91, 0x46, 0x85, 0x4E, 0x88, 0x20,
    0x14, 0xC1, 0x18, 0x65, 0x4E, 0x90, 0x01, 0xE8, 0xC9, 0x80, 0x8A, 0xE9,
    0x00, 0xA9, 0x00, 0xAA, 0x90, 0x15, 0xA9, 0x65, 0xA2, 0xC8, 0x20, 0x4B,
    0x88, 0x20, 0x40, 0xB6, 0xA9, 0x5A, 0x20, 0xF6, 0x88, 0x20, 0x8F, 0x94,
    0x4C, 0xCD, 0xC0, 0x20, 0x6D, 0xC4, 0x20, 0x12, 0xC1, 0xA0, 0x04, 0xD1,
    0x46, 0x8A, 0xE9, 0x00, 0xB0, 0x2A, 0x20, 0x12, 0xC1, 0x18, 0x69, 0x4C,
    0x85, 0x48, 0x8A, 0x69, 0x53, 0x85, 0x49, 0x20, 0x12, 0xC1, 0x85, 0x4E,
    0x8A, 0x18, 0x69, 0x52, 0x85, 0x4F, 0xA0, 0xCC, 0xB1, 0x4E, 0xA0, 0x00,
    0x91, 0x48, 0xA2, 0x00, 0xA9, 0x01, 0x20, 0x24, 0xBF, 0x4C, 0x7A, 0x99,
    0xA2, 0x00, 0x8A, 0x20, 0x6D, 0xC4, 0x20, 0x12, 0xC1, 0xA0, 0x02, 0xD1,
    0x46, 0x8A, 0xC8, 0xF1, 0x46, 0xB0, 0x38, 0xC8, 0xB1, 0x46, 0x85, 0x4E,
    0x20, 0x12, 0xC1, 0x18, 0x65, 0x4E, 0x90, 0x02, 0xE8, 0x18, 0x69, 0x4C,
    0x85, 0x48, 0x8A, 0x69, 0x53, 0x85, 0x49, 0x20, 0x12, 0xC1, 0x18, 0xA0,
    0x05, 0x71, 0x46, 0x85, 0x4E, 0x8A, 0xC8, 0x71, 0x46, 0x85, 0x4F, 0xA0,
    0x00, 0xB1, 0x4E, 0x91, 0x48, 0xA2, 0x00, 0xA9, 0x01, 0x20, 0x24, 0xBF,
    0x4C, 0xB6, 0x99, 0xC8, 0xB1, 0x46, 0x85, 0x4E, 0x88, 0x20, 0x14, 0xC1,
    0x18, 0x65, 0x4E, 0x90, 0x02, 0xE8, 0x18, 0x69, 0x4C, 0x85, 0x4E, 0x8A,
    0x69, 0x53, 0x85, 0x4F, 0xA9, 0x00, 0xA8, 0x91, 0x4E, 0xAD, 0xC3, 0x52,
    0x8D, 0xC4, 0x52, 0xA9, 0x01, 0x8D, 0xC5, 0x52, 0x20, 0x8B, 0xB9, 0xAD,
    0xC4, 0x52, 0x8D, 0xC6, 0x52, 0xA9, 0x03, 0x8D, 0xC2, 0x52, 0x4C, 0xCD,
    0xC0, 0xA9, 0x4C, 0xA2, 0x53, 0x20, 0xC3, 0xC3, 0xA9, 0xCC, 0xA2, 0x52,
    0x20, 0x8E, 0xA7, 0xAA, 0xD0, 0x0D, 0xA9, 0x65, 0xA2, 0xC8, 0x20, 0x4B,
    0x88, 0x20, 0x40, 0xB6, 0x4C, 0x91, 0x9A, 0xA9, 0x74, 0xA2, 0xC8, 0x20,
    0x4B, 0x88, 0xAD, 0xC4, 0x52, 0x18, 0x69, 0x01, 0x20, 0xAD, 0xC3, 0xAD,
    0xC3, 0x52, 0x18, 0x69, 0x01, 0x20, 0xAD, 0xC3, 0xA9, 0x4C, 0xA2, 0x53,
    0x20, 0xC3, 0xC3, 0xA9, 0xCC, 0xA2, 0x52, 0x20, 0xC7, 0xA7, 0xAA, 0xF0,
    0x0D, 0xA9, 0x8A, 0xA2, 0xC8, 0x20, 0x4B, 0x88, 0x20, 0x55, 0xB6, 0x4C,
    0x91, 0x9A, 0xA9, 0x96, 0xA2, 0xC8, 0x20, 0x85, 0x88, 0xA9, 0x78, 0x20,
    0xF6, 0x88, 0x4C, 0x9C, 0x9A, 0x4C, 0x9C, 0x9A, 0x20, 0xE0, 0xBF, 0xA9,
    0x00, 0x8D, 0xC5, 0x52, 0xAD, 0xC4, 0x52, 0x8D, 0xC3, 0x52, 0xA9, 0x4C,
    0xA2, 0x53, 0x20, 0xAC, 0xC4, 0xA0, 0x01, 0x4C, 0xBD, 0x9A, 0xA0, 0x01,
    0xB1, 0x46, 0x38, 0xE9, 0x01, 0x91, 0x46, 0xB1, 0x46, 0xF0, 0x19, 0xA2,
    0x00, 0xB1, 0x46, 0x20, 0xC0, 0xBF, 0x85, 0x4E, 0x8A, 0x18, 0x69, 0x53,
    0x85, 0x4F, 0xA0, 0x4C, 0xB1, 0x4E, 0xC9, 0x2F, 0xD0, 0xDC, 0xA9, 0x00,
    0xA8, 0x91, 0x46, 0xC8, 0xD1, 0x46, 0xB0, 0x21, 0xA9, 0xCC, 0xA2, 0x52,
    0x88, 0x18, 0x71, 0x46, 0x90, 0x01, 0xE8, 0x85, 0x4E, 0x86, 0x4F, 0xB1,
    0x46, 0xA8, 0xB9, 0x4C, 0x53, 0xA0, 0x00, 0x91, 0x4E, 0x18, 0xA9, 0x01,
    0x71, 0x46, 0x4C, 0xDD, 0x9A, 0xB1, 0x46, 0xA8, 0xA9, 0x00, 0x99, 0xCC,
    0x52, 0x8D, 0x09, 0x54, 0x8D, 0xC9, 0x52, 0x8D, 0xCA, 0x52, 0x8D, 0xC6,
    0x52, 0x20, 0x8B, 0xB9, 0xA9, 0x70, 0x20, 0xAD, 0xC3, 0xA9, 0xF9, 0x20,
    0xAD, 0xC3, 0xA9, 0x01, 0x20, 0xAD, 0xC3, 0xAD, 0xC3, 0x52, 0x20, 0xAD,
    0xC3, 0xA9, 0x00, 0x20, 0xAD, 0xC3, 0x20, 0xAD, 0xC3, 0x20, 0xAD, 0xC3,
    0x20, 0xBF, 0xC3, 0x20, 0x60, 0xBB, 0xAA, 0xF0, 0x06, 0x20, 0x14, 0x94,
    0xAA, 0xD0, 0x17, 0xA9, 0x9B, 0xA2, 0xC8, 0x20, 0x85, 0x88, 0xA9, 0x5A,
    0x20, 0xF6, 0x88, 0xAD, 0xC3, 0x52, 0x8D, 0xC6, 0x52, 0xA9, 0x03, 0x4C,
    0x64, 0x9B, 0xA9, 0x04, 0x8D, 0xC2, 0x52, 0x4C, 0xAB, 0xC0, 0x20, 0xD7,
    0xBF, 0xA9, 0xC8, 0xA2, 0xC8, 0x20, 0xEA, 0x88, 0xA9, 0xD5, 0xA2, 0xC8,
    0x20, 0x4B, 0x88, 0xA9, 0x70, 0x20, 0xAD, 0xC3, 0xA9, 0xC4, 0x20, 0xAD,
    0xC3, 0xA9, 0x00, 0x20, 0xAD, 0xC3, 0x20, 0xAD, 0xC3, 0x20, 0xAD, 0xC3,
    0x20, 0xAD, 0xC3, 0x20, 0xAD, 0xC3, 0x20, 0xBF, 0xC3, 0x20, 0x60, 0xBB,
    0xAA, 0xD0, 0x03, 0x4C, 0x77, 0x9C, 0xA9, 0x02, 0x20, 0xAD, 0xC3, 0xA9,
    0x22, 0xA2, 0xC9, 0x20, 0xC3, 0xC3, 0x20, 0xBF, 0xC3, 0xA9, 0x12, 0x20,
    0xEF, 0x9C, 0xA9, 0x03, 0x20, 0xAD, 0xC3, 0xA9, 0x2C, 0xA2, 0xC9, 0x20,
    0xC3, 0xC3, 0xA9, 0x21, 0x20, 0xC1, 0xC3, 0xA9, 0x12, 0x20, 0xEF, 0x9C,
    0xA9, 0x05, 0x20, 0xAD, 0xC3, 0xA9, 0x48, 0xA2, 0xC9, 0x20, 0xC3, 0xC3,
    0xA9, 0x8C, 0x20, 0xC1, 0xC3, 0xA9, 0x0F, 0x20, 0xEF, 0x9C, 0xA9, 0x06,
    0x20, 0xAD, 0xC3, 0xA9, 0x0C, 0xA2, 0xC9, 0x20, 0xC3, 0xC3, 0xA9, 0x9C,
    0x20, 0xC1, 0xC3, 0xA9, 0x0F, 0x20, 0xEF, 0x9C, 0xA9, 0x07, 0x20, 0xAD,
    0xC3, 0xA9, 0xFC, 0xA2, 0xC8, 0x20, 0xC3, 0xC3, 0xA9, 0xAC, 0x20, 0xC1,
    0xC3, 0xA9, 0x0F, 0x20, 0xEF, 0x9C, 0xA9, 0x08, 0x20, 0xAD, 0xC3, 0xA9,
    0x41, 0xA2, 0xC9, 0x20, 0xC3, 0xC3, 0xA9, 0xBC, 0x20, 0xC1, 0xC3, 0xA9,
    0x0F, 0x20, 0xEF, 0x9C, 0xA9, 0x0A, 0x20, 0xAD, 0xC3, 0xA9, 0x3D, 0xA2,
    0xC9, 0x20, 0xC3, 0xC3, 0xA9, 0xCC, 0x20, 0xC1, 0xC3, 0xA9, 0x11, 0x20,
    0xEF, 0x9C, 0xA9, 0x0B, 0x20, 0xAD, 0xC3, 0xA9, 0x21, 0xA2, 0xC9, 0x20,
    0xC3, 0xC3, 0xA9, 0xDE, 0x20, 0xC1, 0xC3, 0xA9, 0x11, 0x20, 0xEF, 0x9C,
    0xA9, 0x0D, 0x20, 0xAD, 0xC3, 0xA9, 0x04, 0xA2, 0xC9, 0x20, 0xC3, 0xC3,
    0xA9, 0x7D, 0x20, 0xC1, 0xC3, 0xA9, 0x0E, 0x20, 0xEF, 0x9C, 0xA9, 0xA5,
    0xA2, 0xC8, 0x20, 0x4B, 0x88, 0xA9, 0xE0, 0xA2, 0xC8, 0x20, 0x68, 0x88,
    0x4C, 0x7E, 0x9C, 0xA9, 0xD0, 0xA2, 0xC8, 0x20, 0x85, 0x88, 0x20, 0x43,
    0x9D, 0x20, 0x80, 0xBA, 0xA0, 0x00, 0x91, 0x46, 0x4C, 0xE5, 0x9C, 0x20,
    0xDB, 0xAF, 0x20, 0xAD, 0xC3, 0x20, 0x80, 0xBA, 0x20, 0xAD, 0xC3, 0xA0,
    0x01, 0xB1, 0x46, 0xC9, 0x05, 0xF0, 0x04, 0xC9, 0x06, 0xD0, 0x08, 0xA9,
    0x03, 0x8D, 0xC2, 0x52, 0x4C, 0xCD, 0x9C, 0xB1, 0x46, 0xC9, 0x07, 0xD0,
    0x1C, 0x88, 0xB1, 0x46, 0x29, 0x01, 0xD0, 0x06, 0x20, 0x40, 0xB6, 0x4C,
    0xE2, 0x9C, 0xB1, 0x46, 0x29, 0x02, 0xF0, 0x04, 0x98, 0x4C, 0xCA, 0x9C,
    0xA9, 0x01, 0x20, 0x86, 0xBA, 0xA0, 0x00, 0xB1, 0x46, 0xA0, 0x02, 0xD1,
    0x46, 0xF0, 0x0B, 0xA0, 0x00, 0xB1, 0x46, 0xA0, 0x02, 0x91, 0x46, 0x20,
    0x43, 0x9D, 0x20, 0xAB, 0xC0, 0xAD, 0xC2, 0x52, 0xC9, 0x05, 0xF0, 0x9F,
    0x4C, 0x9C, 0xC0, 0x20, 0xAD, 0xC3, 0xA9, 0x03, 0x20, 0xAD, 0xC3, 0xA0,
    0x06, 0xB1, 0x46, 0x20, 0xAD, 0xC3, 0xA0, 0x06, 0x20, 0x14, 0xC1, 0x20,
    0xF9, 0xA9, 0xA9, 0x0C, 0x20, 0xAD, 0xC3, 0xA0, 0x06, 0xB1, 0x46, 0x20,
    0xAD, 0xC3, 0x18, 0xA0, 0x03, 0xB1, 0x46, 0x48, 0xA9, 0x08, 0xC8, 0x71,
    0x46, 0xAA, 0x68, 0x20, 0xC3, 0xC3, 0xA0, 0x04, 0xB1, 0x46, 0x20, 0x51,
    0xAA, 0x4C, 0xC8, 0xC0, 0x20, 0xAD, 0xC3, 0xA0, 0x00, 0xB1, 0x46, 0xF0,
    0x07, 0xA9, 0x35, 0xA2, 0xC9, 0x4C, 0x9C, 0xC0, 0xA9, 0x27, 0xA2, 0xC9,
    0x4C, 0x9C, 0xC0, 0x20, 0x80, 0xBA, 0x20, 0xAD, 0xC3, 0xA9, 0x0F, 0x20,
    0x17, 0xAA, 0xA9, 0x03, 0x20, 0xAD, 0xC3, 0xA9, 0x0F, 0x20, 0xAD, 0xC3,
    0xA9, 0x45, 0xA2, 0xC9, 0x20, 0xF9, 0xA9, 0xA9, 0x0C, 0x20, 0xAD, 0xC3,
    0xA9, 0x0F, 0x20, 0xAD, 0xC3, 0xAD, 0x4E, 0x54, 0x20, 0x2C, 0x9D, 0x20,
    0xF9, 0xA9, 0x20, 0x5C, 0xBA, 0xE0, 0x00, 0xD0, 0x05, 0xCD, 0x4E, 0x54,
    0xF0, 0x24, 0xA9, 0x11, 0x20, 0xAD, 0xC3, 0xA9, 0x0F, 0x20, 0xAD, 0xC3,
    0xA9, 0xB5, 0xA2, 0xC8, 0x20, 0xF9, 0xA9, 0xA9, 0x16, 0x20, 0xAD, 0xC3,
    0xA9, 0x0F, 0x20, 0xAD, 0xC3, 0x20, 0x5C, 0xBA, 0x20, 0x2C, 0x9D, 0x20,
    0xF9, 0xA9, 0xA9, 0x10, 0x20, 0x17, 0xAA, 0xA9, 0x03, 0x20, 0xAD, 0xC3,
    0xA9, 0x10, 0x20, 0xAD, 0xC3, 0xA9, 0xF3, 0xA2, 0xC8, 0x20, 0xF9, 0xA9,
    0xA9, 0x0C, 0x20, 0xAD, 0xC3, 0xA9, 0x10, 0x20, 0xAD, 0xC3, 0xA9, 0x4B,
    0xA2, 0xC9, 0x20, 0xF9, 0xA9, 0xA9, 0x0D, 0x20, 0xAD, 0xC3, 0xA9, 0x10,
    0x20, 0xAD, 0xC3, 0x20, 0x74, 0xBA, 0x20, 0x0A, 0xAF, 0xA9, 0x10, 0x20,
    0xAD, 0xC3, 0x20, 0xAD, 0xC3, 0x20, 0x7A, 0xBA, 0xAA, 0xF0, 0x07, 0xA9,
    0xEC, 0xA2, 0xC8, 0x4C, 0xF2, 0x9D, 0xA9, 0xEA, 0xA2, 0xC8, 0x20, 0xF9,
    0xA9, 0xA9, 0x11, 0x20, 0x17, 0xAA, 0xA9, 0x03, 0x20, 0xAD, 0xC3, 0xA9,
    0x11, 0x20, 0xAD, 0xC3, 0xA9, 0x39, 0xA2, 0xC9, 0x20, 0xF9, 0xA9, 0xA0,
    0x00, 0xB1, 0x46, 0x29, 0x01, 0xD0, 0x11, 0xA9, 0x0C, 0x20, 0xAD, 0xC3,
    0xA9, 0x11, 0x20, 0xAD, 0xC3, 0xA9, 0xBA, 0xA2, 0xC8, 0x4C, 0x71, 0x9E,
    0xA9, 0x0C, 0x20, 0xAD, 0xC3, 0xA9, 0x11, 0x20, 0xAD, 0xC3, 0xA0, 0x02,
    0xB1, 0x46, 0x29, 0x02, 0xF0, 0x07, 0xA9, 0x09, 0xA2, 0xC9, 0x4C, 0x41,
    0x9E, 0xA9, 0x31, 0xA2, 0xC9, 0x20, 0xF9, 0xA9, 0xA0, 0x00, 0xB1, 0x46,
    0x29, 0x08, 0xF0, 0x11, 0xA9, 0x10, 0x20, 0xAD, 0xC3, 0xA9, 0x11, 0x20,
    0xAD, 0xC3, 0xA9, 0x14, 0xA2, 0xC9, 0x4C, 0x71, 0x9E, 0xB1, 0x46, 0x29,
    0x04, 0xF0, 0x11, 0xA9, 0x10, 0x20, 0xAD, 0xC3, 0xA9, 0x11, 0x20, 0xAD,
    0xC3, 0xA9, 0x1B, 0xA2, 0xC9, 0x20, 0xF9, 0xA9, 0x4C, 0x9C, 0xC0, 0x20,
    0xC3, 0xC3, 0xA9, 0xED, 0xA2, 0xC9, 0x20, 0xEA, 0x88, 0xA9, 0x02, 0x20,
    0xAD, 0xC3, 0xA9, 0x03, 0x20, 0xAD, 0xC3, 0xA0, 0x05, 0x20, 0xEA, 0xC3,
    0xA9, 0x1C, 0x20, 0x51, 0xAA, 0xA9, 0x02, 0x20, 0xAD, 0xC3, 0xA9, 0x05,
    0x20, 0xAD, 0xC3, 0xA9, 0xDB, 0xA2, 0xC9, 0x20, 0xF9, 0xA9, 0xA9, 0x0C,
    0x20, 0xAD, 0xC3, 0xA9, 0x05, 0x20, 0xAD, 0xC3, 0xA2, 0x00, 0xAD, 0xC3,
    0x52, 0x20, 0x7E, 0xC0, 0x20, 0x91, 0xAE, 0xA9, 0x04, 0x20, 0xAD, 0xC3,
    0xA9, 0x08, 0x20, 0xAD, 0xC3, 0xA9, 0x1B, 0x20, 0xAD, 0xC3, 0xA9, 0x0A,
    0x20, 0xAD, 0xC3, 0xA2, 0x00, 0x8A, 0x20, 0xB6, 0xAB, 0x20, 0x50, 0xAD,
    0xA9, 0x00, 0x20, 0x0D, 0xA2, 0xA9, 0x00, 0x8D, 0xDB, 0x53, 0x8D, 0xDA,
    0x53, 0x8D, 0xD9, 0x53, 0x8D, 0xD8, 0x53, 0xA9, 0x0E, 0x20, 0x17, 0xAA,
    0x4C, 0xAB, 0xC0, 0xA2, 0x08, 0xA9, 0x00, 0x20, 0x77, 0x9E, 0xA9, 0xB4,
    0xA2, 0xC9, 0x20, 0x4B, 0x88, 0xA9, 0x00, 0x20, 0xAD, 0xC3, 0xAD, 0xC3,
    0x52, 0x20, 0xAD, 0xC3, 0xA9, 0x01, 0x20, 0xAD, 0xC3, 0xA9, 0xCC, 0xA2,
    0x52, 0x20, 0xC3, 0xC3, 0xA2, 0x08, 0xA9, 0x00, 0x20, 0x2E, 0xA6, 0xAA,
    0xD0, 0x07, 0xA9, 0x02, 0xA2, 0xCA, 0x4C, 0x85, 0x88, 0x4C, 0x2C, 0x9F,
    0xA9, 0x00, 0x20, 0xAD, 0xC3, 0x20, 0xE0, 0xBF, 0xA9, 0x00, 0x20, 0xAD,
    0xC3, 0x20, 0xBF, 0xC3, 0xA9, 0xD0, 0xA2, 0xC9, 0x20, 0x4B, 0x88, 0xA9,
    0x00, 0x20, 0xAD, 0xC3, 0xA9, 0x01, 0x20, 0x07, 0xA7, 0xA0, 0x04, 0x91,
    0x46, 0x20, 0xD7, 0xBF, 0xA0, 0x03, 0xB1, 0x46, 0xD0, 0x09, 0xAD, 0x00,
    0x0C, 0xA0, 0x05, 0xD1, 0x46, 0xF0, 0x05, 0xA9, 0x00, 0x4C, 0x6A, 0x9F,
    0xA9, 0x01, 0x20, 0xAD, 0xC3, 0x20, 0x2A, 0xBA, 0xA0, 0x05, 0x91, 0x46,
    0xA0, 0x00, 0xB1, 0x46, 0xF0, 0x06, 0xA9, 0x01, 0xA0, 0x04, 0x91, 0x46,
    0xA0, 0x04, 0xB1, 0x46, 0xF0, 0x10, 0xC8, 0xB1, 0x46, 0xC9, 0x80, 0xD0,
    0x09, 0x20, 0x36, 0xBA, 0x20, 0x84, 0xA2, 0x4C, 0xD2, 0xC0, 0xA0, 0x00,
    0xB1, 0x46, 0xF0, 0x10, 0x20, 0x4D, 0xA7, 0xAA, 0xD0, 0x0A, 0xA9, 0xFC,
    0xA2, 0xC9, 0x20, 0x85, 0x88, 0x4C, 0xD2, 0xC0, 0xA0, 0x04, 0xB1, 0x46,
    0xF0, 0x0D, 0xC8, 0xB1, 0x46, 0xC9, 0x02, 0xD0, 0x06, 0x20, 0xAB, 0xC0,
    0x4C, 0x12, 0xA0, 0xA0, 0x02, 0xA2, 0x00, 0xA9, 0x01, 0x20, 0x26, 0xBF,
    0xC9, 0x3D, 0x8A, 0xE9, 0x0F, 0x90, 0x0A, 0xA0, 0x05, 0xB1, 0x46, 0x20,
    0x84, 0xA2, 0x4C, 0xD2, 0xC0, 0x20, 0x30, 0xBA, 0xA0, 0x01, 0x91, 0x46,
    0xC9, 0x65, 0x90, 0x04, 0xA9, 0x64, 0x91, 0x46, 0xB1, 0x46, 0xA0, 0x07,
    0xD1, 0x46, 0xF0, 0x0B, 0xA0, 0x01, 0xB1, 0x46, 0xA0, 0x07, 0x91, 0x46,
    0x20, 0x0D, 0xA2, 0x20, 0x3C, 0xBA, 0x20, 0x91, 0xC1, 0x20, 0x43, 0xBA,
    0x20, 0x56, 0xA0, 0xA9, 0x01, 0x20, 0xF6, 0x88, 0x20, 0xAB, 0xC0, 0x4C,
    0x51, 0x9F, 0xA9, 0x64, 0x20, 0x0D, 0xA2, 0x20, 0x43, 0xBA, 0x20, 0x91,
    0xC1, 0x20, 0x43, 0xBA, 0x20, 0x56, 0xA0, 0x20, 0x56, 0xBA, 0x29, 0x08,
    0xF0, 0x06, 0x20, 0xB4, 0xA2, 0x4C, 0xC8, 0xC0, 0xA9, 0xE5, 0xA2, 0xC9,
    0x20, 0x4B, 0x88, 0xA9, 0x02, 0x20, 0xAD, 0xC3, 0xA9, 0x15, 0x20, 0xAD,
    0xC3, 0xA9, 0x0C, 0xA2, 0xCA, 0x20, 0xF9, 0xA9, 0x20, 0x55, 0xB6, 0xA9,
    0x0A, 0x20, 0xF6, 0x88, 0x20, 0xDD, 0xBE, 0x4C, 0xC8, 0xC0, 0x20, 0x91,
    0xC1, 0xA0, 0x0A, 0x20, 0xEC, 0xC4, 0xA0, 0x0D, 0x20, 0x1D, 0xC1, 0x20,
    0x91, 0xC1, 0xAD, 0xDB, 0x53, 0x85, 0x49, 0xAD, 0xDA, 0x53, 0x85, 0x48,
    0xAE, 0xD9, 0x53, 0xAD, 0xD8, 0x53, 0x20, 0x40, 0xC1, 0xD0, 0x03, 0x4C,
    0x43, 0xA1, 0xA0, 0x0D, 0x20, 0x1D, 0xC1, 0x8D, 0xD8, 0x53, 0x8E, 0xD9,
    0x53, 0xA4, 0x48, 0x8C, 0xDA, 0x53, 0xA4, 0x49, 0x8C, 0xDB, 0x53, 0xA9,
    0xFF, 0x8D, 0xDF, 0x53, 0x8D, 0xDE, 0x53, 0x8D, 0xDD, 0x53, 0x8D, 0xDC,
    0x53, 0xA9, 0x0E, 0x20, 0x17, 0xAA, 0xA0, 0x0D, 0x20, 0x1D, 0xC1, 0x20,
    0x91, 0xC1, 0xA9, 0x00, 0x85, 0x49, 0x85, 0x48, 0xAA, 0x20, 0x3A, 0xC1,
    0xF0, 0x03, 0x4C, 0x08, 0xA2, 0xA0, 0x0D, 0x20, 0x1D, 0xC1, 0x20, 0x91,
    0xC1, 0xA9, 0xCD, 0xA2, 0x53, 0x20, 0xC3, 0xC3, 0xA2, 0x00, 0xA9, 0x0A,
    0x20, 0x02, 0xC2, 0xA9, 0xCD, 0xA2, 0x53, 0x20, 0xAC, 0xC4, 0x8D, 0xD6,
    0x53, 0xA9, 0x20, 0x20, 0xC1, 0xC3, 0xAD, 0xD6, 0x53, 0x0A, 0x90, 0x02,
    0xA2, 0x01, 0x20, 0x8C, 0xC0, 0x20, 0xC4, 0xC4, 0x20, 0xC3, 0xC3, 0xA9,
    0x02, 0x20, 0x3B, 0xC0, 0x8D, 0xD7, 0x53, 0x18, 0x6D, 0xD6, 0x53, 0x20,
    0xAD, 0xC3, 0xA9, 0x0E, 0x20, 0xAD, 0xC3, 0xA9, 0x11, 0xA2, 0xCA, 0x20,
    0xF9, 0xA9, 0xAD, 0xD7, 0x53, 0x18, 0x6D, 0xD6, 0x53, 0x18, 0x69, 0x01,
    0x20, 0xAD, 0xC3, 0xA9, 0x0E, 0x20, 0xAD, 0xC3, 0xA9, 0xCD, 0xA2, 0x53,
    0x20, 0xF9, 0xA9, 0xAD, 0xD6, 0x53, 0x0A, 0x90, 0x01, 0x18, 0x6D, 0xD7,
    0x53, 0x18, 0x69, 0x01, 0x20, 0xAD, 0xC3, 0xA9, 0x0E, 0x20, 0xAD, 0xC3,
    0xA9, 0xF5, 0xA2, 0xC9, 0x20, 0xF9, 0xA9, 0xA0, 0x0D, 0x20, 0x1D, 0xC1,
    0x20, 0x91, 0xC1, 0xA9, 0x00, 0x85, 0x49, 0x85, 0x48, 0xAA, 0x20, 0x3A,
    0xC1, 0xF0, 0x03, 0x4C, 0x08, 0xA2, 0xA0, 0x11, 0x20, 0x1D, 0xC1, 0x20,
    0x91, 0xC1, 0xAD, 0xDF, 0x53, 0x85, 0x49, 0xAD, 0xDE, 0x53, 0x85, 0x48,
    0xAE, 0xDD, 0x53, 0xAD, 0xDC, 0x53, 0x20, 0x3A, 0xC1, 0xF0, 0x03, 0x4C,
    0x08, 0xA2, 0xA0, 0x11, 0x20, 0x1D, 0xC1, 0x8D, 0xDC, 0x53, 0x8E, 0xDD,
    0x53, 0xA4, 0x48, 0x8C, 0xDE, 0x53, 0xA4, 0x49, 0x8C, 0xDF, 0x53, 0xA0,
    0x11, 0x20, 0x1D, 0xC1, 0x20, 0x91, 0xC1, 0xA9, 0x05, 0x20, 0x2E, 0xC1,
    0x20, 0xC3, 0xC3, 0xA2, 0x00, 0xA9, 0x0A, 0x20, 0x02, 0xC2, 0xA9, 0x01,
    0x20, 0x2E, 0xC1, 0x20, 0xAC, 0xC4, 0xA0, 0x00, 0x91, 0x46, 0xCD, 0xD6,
    0x53, 0x90, 0x07, 0xF0, 0x05, 0xAD, 0xD6, 0x53, 0x91, 0x46, 0xAD, 0xD7,
    0x53, 0x18, 0x6D, 0xD6, 0x53, 0x38, 0xF1, 0x46, 0x20, 0xAD, 0xC3, 0xA9,
    0x0E, 0x20, 0xAD, 0xC3, 0xA9, 0x03, 0x20, 0x2E, 0xC1, 0x20, 0xF9, 0xA9,
    0x4C, 0xFF, 0xA1, 0xAD, 0xD7, 0x53, 0x18, 0x6D, 0xD6, 0x53, 0x38, 0xE9,
    0x01, 0x38, 0xA0, 0x00, 0xF1, 0x46, 0x20, 0xAD, 0xC3, 0xA0, 0x01, 0x18,
    0x98, 0x71, 0x46, 0x91, 0x46, 0xA9, 0x0E, 0x20, 0xAD, 0xC3, 0xA9, 0x20,
    0x20, 0xC4, 0xAA, 0xA0, 0x00, 0xB1, 0x46, 0xCD, 0xD6, 0x53, 0x90, 0xD3,
    0xA0, 0x12, 0x4C, 0x36, 0xBF, 0x20, 0xAD, 0xC3, 0xA9, 0x05, 0x20, 0xAD,
    0xC3, 0xA9, 0x09, 0x20, 0xAD, 0xC3, 0xA9, 0x16, 0x20, 0xAD, 0xC3, 0xA0,
    0x03, 0xB1, 0x46, 0x20, 0xAD, 0xC3, 0xA9, 0x64, 0x20, 0x61, 0xAD, 0xA9,
    0x0E, 0x20, 0xAD, 0xC3, 0xA9, 0x0C, 0x20, 0xAD, 0xC3, 0xA9, 0x07, 0xA2,
    0xCA, 0x20, 0xF9, 0xA9, 0xA9, 0x0E, 0x20, 0xAD, 0xC3, 0xA9, 0x0C, 0x20,
    0xAD, 0xC3, 0xA0, 0x02, 0xA2, 0x00, 0xB1, 0x46, 0x20, 0x91, 0xAE, 0xA0,
    0x00, 0xB1, 0x46, 0xC9, 0x64, 0x90, 0x07, 0xA2, 0x00, 0xA9, 0x03, 0x4C,
    0x6D, 0xA2, 0xB1, 0x46, 0xC9, 0x0A, 0xA2, 0x00, 0x90, 0x05, 0xA9, 0x02,
    0x4C, 0x6D, 0xA2, 0xA9, 0x01, 0xA0, 0x0E, 0x20, 0x93, 0xC0, 0x20, 0xAD,
    0xC3, 0xA9, 0x0C, 0x20, 0xAD, 0xC3, 0xA9, 0x0F, 0xA2, 0xCA, 0x20, 0xF9,
    0xA9, 0x4C, 0x9C, 0xC0, 0x20, 0xAD, 0xC3, 0xA9, 0x14, 0x20, 0x17, 0xAA,
    0xA9, 0x02, 0x20, 0xAD, 0xC3, 0xA9, 0x14, 0x20, 0xAD, 0xC3, 0xA9, 0xC4,
    0xA2, 0xC9, 0x20, 0xF9, 0xA9, 0xA9, 0x0E, 0x20, 0xAD, 0xC3, 0xA9, 0x14,
    0x20, 0xAD, 0xC3, 0xA0, 0x02, 0xB1, 0x46, 0x20, 0x0A, 0xAF, 0x20, 0x40,
    0xB6, 0x4C, 0x9C, 0xC0, 0x20, 0xD7, 0xBF, 0xA9, 0x4D, 0xA2, 0xC9, 0x20,
    0x4B, 0x88, 0xA9, 0x69, 0xA2, 0xC9, 0x20, 0x68, 0x88, 0x20, 0xDB, 0xAF,
    0x20, 0xAD, 0xC3, 0xA0, 0x00, 0xB1, 0x46, 0xC9, 0x06, 0xD0, 0x03, 0x4C,
    0xAB, 0xC0, 0xB1, 0x46, 0xC9, 0x05, 0xD0, 0x06, 0x20, 0x9C, 0xC0, 0x4C,
    0xE8, 0xA2, 0x20, 0x9C, 0xC0, 0x4C, 0xC5, 0xA2, 0xA9, 0x03, 0x20, 0x86,
    0xBA, 0xA9, 0x00, 0xA8, 0x91, 0x46, 0xC9, 0x3C, 0xB0, 0x29, 0xA9, 0x01,
    0x20, 0xF6, 0x88, 0x20, 0x80, 0xBA, 0x29, 0x01, 0xF0, 0x14, 0xA9, 0x83,
    0xA2, 0xC9, 0x20, 0x4B, 0x88, 0xA9, 0x9D, 0xA2, 0xC9, 0x20, 0x68, 0x88,
    0x20, 0x55, 0xB6, 0x4C, 0x9C, 0xC0, 0xA8, 0x18, 0xA9, 0x01, 0x71, 0x46,
    0x4C, 0xF0, 0xA2, 0x20, 0x36, 0xBA, 0x20, 0x84, 0xA2, 0x4C, 0x9C, 0xC0,
    0x20, 0xA4, 0xA3, 0xA9, 0x78, 0x20, 0xF6, 0x88, 0xA9, 0x08, 0x8D, 0xC6,
    0x52, 0xA9, 0x03, 0x8D, 0xC2, 0x52, 0x60, 0x20, 0xC3, 0xC3, 0x20, 0xD7,
    0xBF, 0xA9, 0x00, 0xA8, 0x91, 0x46, 0xA8, 0xB9, 0x13, 0xCA, 0xF0, 0x46,
    0xA0, 0x02, 0x20, 0x7E, 0xC5, 0xA0, 0x00, 0xB1, 0x46, 0xA8, 0xB1, 0x4E,
    0x20, 0xAD, 0xC3, 0xA0, 0x00, 0xB1, 0x46, 0xC9, 0x41, 0x90, 0x11, 0xC9,
    0x5B, 0xB0, 0x0D, 0xA2, 0x00, 0xB1, 0x46, 0xA0, 0x20, 0x20, 0x93, 0xC0,
    0xA0, 0x00, 0x91, 0x46, 0xC8, 0xB1, 0x46, 0xA8, 0xB9, 0x13, 0xCA, 0xA0,
    0x00, 0xD1, 0x46, 0xF0, 0x06, 0xA2, 0x00, 0x8A, 0x4C, 0xBE, 0xC0, 0x20,
    0x9C, 0xC0, 0x18, 0xA9, 0x01, 0x71, 0x46, 0x4C, 0x44, 0xA3, 0xA0, 0x02,
    0x20, 0x7E, 0xC5, 0xA0, 0x00, 0xB1, 0x46, 0xA8, 0xB1, 0x4E, 0x20, 0x44,
    0xC2, 0x4C, 0xB9, 0xC0, 0x20, 0xE0, 0xBF, 0xA9, 0xFF, 0x20, 0xAD, 0xC3,
    0x20, 0xAD, 0xC3, 0x20, 0xD7, 0xBF, 0xA9, 0x1E, 0xA2, 0xCA, 0x20, 0x4B,
    0x88, 0xA9, 0x70, 0x20, 0xAD, 0xC3, 0xA9, 0xF4, 0x20, 0xAD, 0xC3, 0xA9,
    0x00, 0x20, 0xAD, 0xC3, 0x20, 0xAD, 0xC3, 0x20, 0xAD, 0xC3, 0x20, 0xAD,
    0xC3, 0x20, 0xAD, 0xC3, 0x20, 0xBF, 0xC3, 0x20, 0x60, 0xBB, 0xAA, 0xD0,
    0x0A, 0xA9, 0x90, 0xA2, 0xCA, 0x20, 0x85, 0x88, 0x4C, 0xC3, 0xC0, 0xA9,
    0x00, 0xA8, 0x91, 0x46, 0xC9, 0x08, 0xB0, 0x4F, 0xA2, 0x00, 0xB1, 0x46,
    0x20, 0x69, 0xBF, 0x20, 0x53, 0xBF, 0x85, 0x4E, 0x86, 0x4F, 0x18, 0xA5,
    0x4E, 0x48, 0xA9, 0x08, 0x65, 0x4F, 0xAA, 0x68, 0xA0, 0x03, 0x20, 0x6F,
    0xC4, 0x20, 0x3B, 0xA3, 0xAA, 0xF0, 0x0B, 0xA0, 0x00, 0xB1, 0x46, 0xA0,
    0x02, 0x91, 0x46, 0x4C, 0x41, 0xA4, 0xA0, 0x04, 0x20, 0x7E, 0xC5, 0xA0,
    0x00, 0xB1, 0x4E, 0xD0, 0x0E, 0xC8, 0xB1, 0x46, 0xC9, 0xFF, 0xD0, 0x06,
    0x88, 0xB1, 0x46, 0xC8, 0x91, 0x46, 0x88, 0x18, 0xA9, 0x01, 0x71, 0x46,
    0x4C, 0xEA, 0xA3, 0xA0, 0x02, 0xB1, 0x46, 0xC9, 0xFF, 0xD0, 0x31, 0x88,
    0xB1, 0x46, 0xC9, 0xFF, 0xF0, 0x03, 0x4C, 0x53, 0xA4, 0xA9, 0x07, 0xC8,
    0x91, 0x46, 0xA9, 0x49, 0xA2, 0xCA, 0x20, 0x4B, 0x88, 0xA0, 0x02, 0xB1,
    0x46, 0x20, 0xAD, 0xC3, 0xA9, 0x13, 0xA2, 0xCA, 0x20, 0x90, 0xA5, 0xAA,
    0xD0, 0x0A, 0xA9, 0x8A, 0xA2, 0xCA, 0x20, 0x85, 0x88, 0x4C, 0xC3, 0xC0,
    0xA9, 0x5E, 0xA2, 0xCA, 0x20, 0x4B, 0x88, 0xA9, 0x70, 0x20, 0xAD, 0xC3,
    0xA9, 0xF9, 0x20, 0xAD, 0xC3, 0xA9, 0x01, 0x20, 0xAD, 0xC3, 0xA0, 0x05,
    0xB1, 0x46, 0x20, 0xAD, 0xC3, 0xA9, 0x00, 0x20, 0xAD, 0xC3, 0x20, 0xAD,
    0xC3, 0x20, 0xAD, 0xC3, 0x20, 0xBF, 0xC3, 0x20, 0x60, 0xBB, 0xAA, 0xD0,
    0x0A, 0xA9, 0x9B, 0xA2, 0xCA, 0x20, 0x85, 0x88, 0x4C, 0xC3, 0xC0, 0xA0,
    0x02, 0xB1, 0x46, 0x8D, 0xC3, 0x52, 0xA9, 0x7F, 0xA2, 0xCA, 0x20, 0x77,
    0x9E, 0xA9, 0x6F, 0xA2, 0xCA, 0x20, 0x4B, 0x88, 0xA9, 0x00, 0x20, 0xAD,
    0xC3, 0xA0, 0x03, 0xB1, 0x46, 0x20, 0xAD, 0xC3, 0xA9, 0x01, 0x20, 0xAD,
    0xC3, 0xA9, 0x34, 0xA2, 0xCA, 0x20, 0xDA, 0xA6, 0xAA, 0xD0, 0x0A, 0xA9,
    0x96, 0xA2, 0xCA, 0x20, 0x85, 0x88, 0x4C, 0xC3, 0xC0, 0x20, 0x2C, 0x9F,
    0x4C, 0xC3, 0xC0, 0x20, 0xC3, 0xC3, 0xA9, 0x02, 0x20, 0xC1, 0xC3, 0x20,
    0xE0, 0xBF, 0xA9, 0xF7, 0x20, 0x13, 0xA8, 0xA0, 0x08, 0xB1, 0x46, 0x20,
    0xAD, 0xC3, 0xA9, 0x01, 0x20, 0x42, 0xA8, 0xA0, 0x07, 0x20, 0x14, 0xC1,
    0x20, 0x6D, 0xC4, 0x20, 0x7C, 0xC5, 0xA0, 0x00, 0xB1, 0x4E, 0xF0, 0x1D,
    0x20, 0x7C, 0xC5, 0xA0, 0x00, 0xB1, 0x4E, 0x20, 0x5F, 0xA8, 0xA2, 0x00,
    0xA9, 0x01, 0x20, 0x24, 0xBF, 0xA0, 0x02, 0xA2, 0x00, 0xA9, 0x01, 0x20,
    0x26, 0xBF, 0x4C, 0x17, 0xA5, 0x20, 0x5F, 0xA8, 0xA0, 0x05, 0x20, 0x14,
    0xC1, 0x20, 0x6D, 0xC4, 0x20, 0x7C, 0xC5, 0xA0, 0x00, 0xB1, 0x4E, 0xF0,
    0x1F, 0x20, 0x7C, 0xC5, 0xA0, 0x00, 0xB1, 0x4E, 0x20, 0x5F, 0xA8, 0xA2,
    0x00, 0xA9, 0x01, 0x20, 0x24, 0xBF, 0xA0, 0x02, 0xA2, 0x00, 0xA9, 0x01,
    0x20, 0x26, 0xBF, 0x4C, 0x48, 0xA5, 0xA9, 0x00, 0x20, 0x5F, 0xA8, 0xA0,
    0x03, 0x20, 0x14, 0xC1, 0xE0, 0x01, 0x20, 0x5D, 0xC2, 0x08, 0xA0, 0x02,
    0xA9, 0x01, 0x20, 0x26, 0xBF, 0x28, 0xD0, 0xE6, 0x20, 0xEE, 0xA8, 0xA0,
    0x09, 0x4C, 0x36, 0xBF, 0x20, 0xC3, 0xC3, 0x20, 0xFA, 0xBF, 0xA9, 0x70,
    0x20, 0xAD, 0xC3, 0xA9, 0xF4, 0x20, 0xAD, 0xC3, 0xA9, 0x00, 0x20, 0xAD,
    0xC3, 0x20, 0xAD, 0xC3, 0x20, 0xAD, 0xC3, 0x20, 0xAD, 0xC3, 0x20, 0xAD,
    0xC3, 0x20, 0xBF, 0xC3, 0x20, 0x60, 0xBB, 0xAA, 0xF0, 0x71, 0xA9, 0xF3,
    0x20, 0x13, 0xA8, 0xA9, 0x00, 0xA0, 0x01, 0x91, 0x46, 0xC9, 0x08, 0xB0,
    0x5F, 0xB1, 0x46, 0xA0, 0x06, 0xD1, 0x46, 0xD0, 0x0E, 0xC8, 0x20, 0xEA,
    0xC3, 0xA2, 0x00, 0xA9, 0x20, 0x20, 0x8F, 0xA8, 0x4C, 0x1F, 0xA6, 0xA0,
    0x01, 0xA2, 0x00, 0xB1, 0x46, 0x20, 0x69, 0xBF, 0x20, 0x53, 0xBF, 0x85,
    0x4E, 0x86, 0x4F, 0x18, 0xA5, 0x4E, 0x48, 0xA9, 0x08, 0x65, 0x4F, 0xAA,
    0x68, 0xC8, 0x20, 0x6F, 0xC4, 0xA9, 0x00, 0xA8, 0x91, 0x46, 0xC9, 0x20,
    0xB0, 0x19, 0xA0, 0x03, 0x20, 0x7E, 0xC5, 0xA0, 0x00, 0xB1, 0x46, 0xA8,
    0xB1, 0x4E, 0x8D, 0x00, 0x0F, 0xA0, 0x00, 0x18, 0xA9, 0x01, 0x71, 0x46,
    0x4C, 0x00, 0xA6, 0xA0, 0x01, 0x18, 0x98, 0x71, 0x46, 0x4C, 0xC3, 0xA5,
    0x20, 0xEE, 0xA8, 0x4C, 0xCD, 0xC0, 0x20, 0xC3, 0xC3, 0x20, 0xBF, 0xC3,
    0xA9, 0xE2, 0x20, 0xAD, 0xC3, 0xA0, 0x09, 0xB1, 0x46, 0x20, 0xAD, 0xC3,
    0xA0, 0x09, 0xB1, 0x46, 0x20, 0xAD, 0xC3, 0xA0, 0x09, 0xB1, 0x46, 0x20,
    0x27, 0xA9, 0x4C, 0x6D, 0xA6, 0xA0, 0x05, 0x20, 0x7E, 0xC5, 0xA0, 0x00,
    0xB1, 0x4E, 0x8D, 0x00, 0x0F, 0xA0, 0x04, 0xA2, 0x00, 0xA9, 0x01, 0x20,
    0x26, 0xBF, 0xA2, 0x00, 0xA9, 0x01, 0x20, 0x24, 0xBF, 0xA0, 0x05, 0x20,
    0x7E, 0xC5, 0xA0, 0x00, 0xB1, 0x4E, 0xF0, 0x3A, 0x20, 0x12, 0xC1, 0xE0,
    0x01, 0x90, 0xD2, 0x4C, 0xB2, 0xA6, 0xA0, 0x03, 0x20, 0x7E, 0xC5, 0xA0,
    0x00, 0xB1, 0x4E, 0x20, 0xAD, 0xC3, 0xA0, 0x03, 0xA2, 0x00, 0xA9, 0x01,
    0x20, 0x26, 0xBF, 0xA0, 0x00, 0xB1, 0x46, 0xD0, 0x06, 0x20, 0x9C, 0xC0,
    0x4C, 0xC1, 0xA6, 0xB1, 0x46, 0x8D, 0x00, 0x0F, 0xC8, 0xA2, 0x00, 0x98,
    0x20, 0x26, 0xBF, 0x20, 0x9C, 0xC0, 0x20, 0x12, 0xC1, 0xE0, 0x01, 0x90,
    0xC9, 0x4C, 0xC1, 0xA6, 0xA9, 0x00, 0x8D, 0x00, 0x0F, 0x20, 0x12, 0xC1,
    0xE0, 0x01, 0x20, 0x5D, 0xC2, 0x08, 0xA9, 0x01, 0x20, 0x24, 0xBF, 0x28,
    0xD0, 0xEA, 0x20, 0xEE, 0xA8, 0xA0, 0x09, 0x4C, 0x36, 0xBF, 0x20, 0xC3,
    0xC3, 0xA9, 0xE2, 0x20, 0xAD, 0xC3, 0xA0, 0x05, 0xB1, 0x46, 0x20, 0xAD,
    0xC3, 0xA0, 0x05, 0xB1, 0x46, 0x20, 0xAD, 0xC3, 0xA0, 0x05, 0xB1, 0x46,
    0x20, 0x27, 0xA9, 0x20, 0xE8, 0xC3, 0xA2, 0x01, 0xA9, 0x00, 0x20, 0x8F,
    0xA8, 0x20, 0xEE, 0xA8, 0x4C, 0xC3, 0xC0, 0x20, 0xAD, 0xC3, 0xAD, 0x00,
    0x0C, 0x18, 0x69, 0x01, 0x20, 0xAD, 0xC3, 0xA0, 0x00, 0xB1, 0x46, 0xD0,
    0x04, 0xA9, 0x01, 0x91, 0x46, 0xA9, 0xF8, 0x20, 0x13, 0xA8, 0xA0, 0x02,
    0xB1, 0x46, 0x20, 0xAD, 0xC3, 0xA9, 0x01, 0x20, 0x42, 0xA8, 0xA0, 0x01,
    0xB1, 0x46, 0x20, 0xAD, 0xC3, 0xA9, 0x02, 0x20, 0x42, 0xA8, 0xA9, 0x10,
    0x20, 0xAD, 0xC3, 0xA0, 0x01, 0xB1, 0x46, 0x20, 0xBC, 0xBD, 0xA2, 0x00,
    0xA1, 0x46, 0x4C, 0xB9, 0xC0, 0xA2, 0x00, 0xAD, 0x02, 0x0C, 0xD0, 0x07,
    0xAD, 0x03, 0x0C, 0xC9, 0x06, 0xF0, 0x02, 0x8A, 0x60, 0xA9, 0x01, 0x60,
    0x20, 0xC3, 0xC3, 0xA9, 0xFB, 0x20, 0x13, 0xA8, 0xA9, 0x00, 0x20, 0xAD,
    0xC3, 0xA9, 0x01, 0x20, 0x42, 0xA8, 0xA0, 0x05, 0x20, 0xEA, 0xC3, 0xA2,
    0x00, 0xA9, 0x21, 0x20, 0x8F, 0xA8, 0x20, 0xE8, 0xC3, 0xA2, 0x00, 0xA9,
    0x40, 0x20, 0x8F, 0xA8, 0x20, 0xEE, 0xA8, 0x4C, 0xBE, 0xC0, 0x20, 0xC3,
    0xC3, 0xA0, 0x03, 0x20, 0x14, 0xC1, 0x20, 0xAC, 0xC4, 0x20, 0x7E, 0xC0,
    0x20, 0xC3, 0xC3, 0xA0, 0x03, 0x20, 0x14, 0xC1, 0x20, 0xAC, 0xC4, 0x20,
    0x0A, 0xBF, 0x20, 0xC3, 0xC3, 0xA0, 0x05, 0x20, 0x14, 0xC1, 0x20, 0x58,
    0xA9, 0x20, 0xAC, 0xC4, 0x20, 0x0A, 0xBF, 0xE0, 0x01, 0xD0, 0x02, 0xC9,
    0x3D, 0x20, 0x5D, 0xC2, 0x4C, 0xBE, 0xC0, 0x20, 0xC3, 0xC3, 0xA0, 0x03,
    0x20, 0x14, 0xC1, 0x20, 0x58, 0xA9, 0x20, 0xC3, 0xC3, 0xA9, 0xD8, 0x20,
    0x13, 0xA8, 0xA0, 0x07, 0xB1, 0x46, 0x20, 0xAD, 0xC3, 0xA9, 0x01, 0x20,
    0x42, 0xA8, 0xA0, 0x06, 0xB1, 0x46, 0x20, 0xAD, 0xC3, 0xA9, 0x02, 0x20,
    0x42, 0xA8, 0xA0, 0x05, 0x20, 0x14, 0xC1, 0x20, 0x6C, 0xA8, 0xA9, 0x7C,
    0x20, 0x5F, 0xA8, 0xA0, 0x03, 0x20, 0x14, 0xC1, 0x20, 0x6C, 0xA8, 0x20,
    0x12, 0xC1, 0x20, 0x6C, 0xA8, 0x20, 0x05, 0xA9, 0x4C, 0xD2, 0xC0, 0x20,
    0xAD, 0xC3, 0xA9, 0x05, 0x20, 0xAD, 0xC3, 0xA9, 0x00, 0x20, 0xBC, 0xBD,
    0xA9, 0x00, 0x20, 0xAD, 0xC3, 0xA9, 0x70, 0x20, 0xBC, 0xBD, 0xA9, 0x01,
    0x20, 0xAD, 0xC3, 0xA8, 0xB1, 0x46, 0x20, 0xBC, 0xBD, 0xA9, 0x02, 0x20,
    0xAD, 0xC3, 0xA9, 0x00, 0x20, 0xBC, 0xBD, 0x4C, 0x9C, 0xC0, 0x20, 0xAD,
    0xC3, 0xA9, 0x01, 0x8D, 0x00, 0x0F, 0xA8, 0xB1, 0x46, 0x8D, 0x00, 0x0F,
    0xA9, 0x02, 0x20, 0xAD, 0xC3, 0xA0, 0x01, 0xB1, 0x46, 0x20, 0xBC, 0xBD,
    0x4C, 0xAB, 0xC0, 0x20, 0xAD, 0xC3, 0xA0, 0x00, 0xB1, 0x46, 0x8D, 0x00,
    0x0F, 0x4C, 0x9C, 0xC0, 0x20, 0xC3, 0xC3, 0x4C, 0x83, 0xA8, 0x20, 0x7C,
    0xC5, 0xA0, 0x00, 0xB1, 0x4E, 0x8D, 0x00, 0x0F, 0xA2, 0x00, 0xA9, 0x01,
    0x20, 0x24, 0xBF, 0x20, 0x7C, 0xC5, 0xA0, 0x00, 0xB1, 0x4E, 0xD0, 0xE6,
    0x4C, 0xAB, 0xC0, 0x20, 0xC3, 0xC3, 0x20, 0xBF, 0xC3, 0x4C, 0xB4, 0xA8,
    0xA0, 0x05, 0x20, 0x7E, 0xC5, 0xA0, 0x00, 0xB1, 0x4E, 0x8D, 0x00, 0x0F,
    0xA0, 0x04, 0xA2, 0x00, 0xA9, 0x01, 0x20, 0x26, 0xBF, 0xA2, 0x00, 0xA9,
    0x01, 0x20, 0x24, 0xBF, 0xA0, 0x05, 0x20, 0x7E, 0xC5, 0xA0, 0x00, 0xB1,
    0x4E, 0xF0, 0x15, 0x20, 0x12, 0xC1, 0xA0, 0x02, 0xD1, 0x46, 0x8A, 0xC8,
    0xF1, 0x46, 0x90, 0xCC, 0x4C, 0xD4, 0xA8, 0xA9, 0x00, 0x8D, 0x00, 0x0F,
    0x20, 0x12, 0xC1, 0xA0, 0x02, 0xD1, 0x46, 0x8A, 0xC8, 0xF1, 0x46, 0x20,
    0x5D, 0xC2, 0x08, 0xA9, 0x01, 0x20, 0x24, 0xBF, 0x28, 0xD0, 0xE4, 0x4C,
    0xC8, 0xC0, 0x20, 0xCD, 0xBD, 0xC9, 0x00, 0xD0, 0x07, 0xAD, 0x03, 0x0C,
    0xC9, 0x06, 0xF0, 0x04, 0xA2, 0x00, 0x8A, 0x60, 0xA9, 0x01, 0xA2, 0x00,
    0x60, 0xAD, 0x9C, 0x52, 0x20, 0xAD, 0xC3, 0x20, 0xD7, 0xBF, 0xA9, 0x5A,
    0x8D, 0x9C, 0x52, 0x20, 0xEE, 0xA8, 0xA0, 0x00, 0x91, 0x46, 0xC8, 0xB1,
    0x46, 0x8D, 0x9C, 0x52, 0xA2, 0x00, 0xA1, 0x46, 0x4C, 0xAB, 0xC0, 0x20,
    0xAD, 0xC3, 0xA0, 0x03, 0xB1, 0x46, 0x20, 0x13, 0xA8, 0xA0, 0x02, 0xB1,
    0x46, 0x20, 0xAD, 0xC3, 0xA9, 0x01, 0x20, 0x42, 0xA8, 0xA0, 0x01, 0xB1,
    0x46, 0x20, 0xAD, 0xC3, 0xA9, 0x02, 0x20, 0x42, 0xA8, 0xA0, 0x00, 0xB1,
    0x46, 0x20, 0xAD, 0xC3, 0xA9, 0x03, 0x20, 0x42, 0xA8, 0x4C, 0xBE, 0xC0,
    0x20, 0xC3, 0xC3, 0x20, 0xE8, 0xC3, 0xA0, 0x03, 0x20, 0x7E, 0xC5, 0xA0,
    0x00, 0xB1, 0x4E, 0xF0, 0x24, 0xA0, 0x03, 0x20, 0x7E, 0xC5, 0xA0, 0x00,
    0xB1, 0x4E, 0xC9, 0x2F, 0xD0, 0x0B, 0xA0, 0x03, 0x20, 0x14, 0xC1, 0x20,
    0x7E, 0xC0, 0x20, 0x6D, 0xC4, 0xA0, 0x02, 0xA2, 0x00, 0xA9, 0x01, 0x20,
    0x26, 0xBF, 0x4C, 0x5E, 0xA9, 0x20, 0x12, 0xC1, 0x4C, 0xBE, 0xC0, 0x20,
    0xD7, 0xBF, 0xA9, 0x20, 0x20, 0xD0, 0xB6, 0xAD, 0x4E, 0x54, 0xF0, 0x02,
    0xA9, 0x10, 0xA0, 0x00, 0x91, 0x46, 0x98, 0x20, 0x5D, 0xB8, 0xA9, 0x00,
    0x20, 0xAD, 0xC3, 0xA9, 0x0F, 0x20, 0xAD, 0xC3, 0xA9, 0x00, 0x20, 0xAD,
    0xC3, 0xA0, 0x03, 0xAA, 0xB1, 0x46, 0xA0, 0x9A, 0x20, 0x93, 0xC0, 0x20,
    0x60, 0xB8, 0xA9, 0x01, 0x20, 0xAD, 0xC3, 0xA9, 0x0F, 0x20, 0xAD, 0xC3,
    0xA0, 0x02, 0xA2, 0x00, 0xB1, 0x46, 0xA0, 0x84, 0x20, 0x93, 0xC0, 0x20,
    0xAD, 0xC3, 0xA0, 0x03, 0xA2, 0x00, 0xB1, 0x46, 0xA0, 0x9A, 0x20, 0x93,
    0xC0, 0x20, 0x60, 0xB8, 0x4C, 0x9C, 0xC0, 0xA9, 0x00, 0x8D, 0xE3, 0x53,
    0xA9, 0x20, 0x4C, 0x81, 0xB8, 0x20, 0xC3, 0xC3, 0xA0, 0x03, 0xB1, 0x46,
    0x20, 0xAD, 0xC3, 0xA0, 0x03, 0xB1, 0x46, 0x20, 0xAD, 0xC3, 0xA0, 0x05,
    0x20, 0xEA, 0xC3, 0xA9, 0x00, 0x20, 0xE4, 0xAA, 0x4C, 0xBE, 0xC0, 0x20,
    0xAD, 0xC3, 0xA0, 0x00, 0xB1, 0x46, 0xC9, 0x18, 0xB0, 0x2C, 0xA9, 0x02,
    0x20, 0xAD, 0xC3, 0xA0, 0x01, 0xB1, 0x46, 0x20, 0xA8, 0xB8, 0xA9, 0x20,
    0x20, 0xAD, 0xC3, 0xA9, 0x1C, 0x20, 0x34, 0xB9, 0xA9, 0x02, 0x20, 0xAD,
    0xC3, 0xA0, 0x01, 0xB1, 0x46, 0x20, 0xA8, 0xB8, 0xA9, 0x00, 0x20, 0xAD,
    0xC3, 0xA9, 0x1C, 0x20, 0x4D, 0xB9, 0x4C, 0x9C, 0xC0, 0x20, 0xAD, 0xC3,
    0x20, 0xD7, 0xBF, 0xA0, 0x04, 0xB1, 0x46, 0xC9, 0x18, 0xB0, 0x62, 0xC8,
    0xB1, 0x46, 0xC9, 0x1E, 0xB0, 0x5B, 0xA0, 0x01, 0xB1, 0x46, 0x20, 0xC1,
    0xC3, 0xA9, 0x1E, 0x38, 0xA0, 0x07, 0xF1, 0x46, 0xB0, 0x01, 0xCA, 0x20,
    0x52, 0xC0, 0x30, 0x0D, 0xF0, 0x0B, 0xA9, 0x1E, 0x38, 0xA0, 0x05, 0xF1,
    0x46, 0xA0, 0x01, 0x91, 0x46, 0xA0, 0x05, 0xB1, 0x46, 0x20, 0xAD, 0xC3,
    0xA0, 0x05, 0xB1, 0x46, 0x20, 0xA8, 0xB8, 0xA0, 0x05, 0x20, 0xEA, 0xC3,
    0xA0, 0x03, 0xB1, 0x46, 0x20, 0xF1, 0xB8, 0xA0, 0x00, 0x91, 0x46, 0xA0,
    0x05, 0xB1, 0x46, 0x20, 0xAD, 0xC3, 0xA0, 0x05, 0xB1, 0x46, 0x20, 0xA8,
    0xB8, 0xA9, 0x00, 0x20, 0xAD, 0xC3, 0xA0, 0x01, 0xB1, 0x46, 0x20, 0x4D,
    0xB9, 0x4C, 0xC8, 0xC0, 0x20, 0xAD, 0xC3, 0xA0, 0x02, 0xB1, 0x46, 0x20,
    0xAD, 0xC3, 0xA0, 0x02, 0xB1, 0x46, 0x20, 0xAD, 0xC3, 0xA0, 0x02, 0xB1,
    0x46, 0x20, 0xAD, 0xC3, 0xA9, 0x00, 0x20, 0x35, 0xAB, 0x4C, 0xB9, 0xC0,
    0x20, 0xAD, 0xC3, 0x20, 0xD7, 0xBF, 0xA0, 0x04, 0xB1, 0x46, 0xC9, 0x18,
    0xB0, 0x40, 0xC8, 0xB1, 0x46, 0xC9, 0x1E, 0xB0, 0x39, 0x20, 0xAD, 0xC3,
    0xA0, 0x05, 0xB1, 0x46, 0x20, 0xA8, 0xB8, 0xA0, 0x05, 0x20, 0xEA, 0xC3,
    0xA9, 0x1E, 0x38, 0xA0, 0x07, 0xF1, 0x46, 0x20, 0xF1, 0xB8, 0xA0, 0x00,
    0x91, 0x46, 0xA0, 0x05, 0xB1, 0x46, 0x20, 0xAD, 0xC3, 0xA0, 0x05, 0xB1,
    0x46, 0x20, 0xA8, 0xB8, 0xA0, 0x01, 0xB1, 0x46, 0x20, 0xAD, 0xC3, 0xA0,
    0x01, 0xB1, 0x46, 0x20, 0x4D, 0xB9, 0x4C, 0xC8, 0xC0, 0x20, 0xAD, 0xC3,
    0xA0, 0x02, 0xB1, 0x46, 0xC9, 0x18, 0xB0, 0x35, 0xC8, 0xB1, 0x46, 0xC9,
    0x1E, 0xB0, 0x2E, 0x20, 0xAD, 0xC3, 0xA0, 0x03, 0xB1, 0x46, 0x20, 0xA8,
    0xB8, 0xA0, 0x01, 0xB1, 0x46, 0x20, 0x5C, 0xAF, 0x20, 0xC8, 0xB8, 0xA0,
    0x03, 0xB1, 0x46, 0x20, 0xAD, 0xC3, 0xA0, 0x03, 0xB1, 0x46, 0x20, 0xA8,
    0xB8, 0xA0, 0x00, 0xB1, 0x46, 0x20, 0xAD, 0xC3, 0xA9, 0x01, 0x20, 0x4D,
    0xB9, 0x4C, 0xBE, 0xC0, 0x20, 0xAD, 0xC3, 0xA0, 0x01, 0xB1, 0x46, 0xC9,
    0x18, 0xB0, 0x30, 0xC8, 0xB1, 0x46, 0xC9, 0x20, 0xB0, 0x29, 0x20, 0xAD,
    0xC3, 0xA0, 0x02, 0xB1, 0x46, 0x20, 0xA8, 0xB8, 0xA0, 0x00, 0xB1, 0x46,
    0x20, 0xC8, 0xB8, 0xA0, 0x02, 0xB1, 0x46, 0x20, 0xAD, 0xC3, 0xA0, 0x02,
    0xB1, 0x46, 0x20, 0xA8, 0xB8, 0xA9, 0x00, 0x20, 0xAD, 0xC3, 0xA9, 0x01,
    0x20, 0x4D, 0xB9, 0x4C, 0xB9, 0xC0, 0x20, 0xC3, 0xC3, 0x20, 0xD7, 0xBF,
    0xA0, 0x06, 0xB1, 0x46, 0x20, 0xAD, 0xC3, 0xA0, 0x06, 0xB1, 0x46, 0x20,
    0xA8, 0xB8, 0xA9, 0x03, 0x20, 0xC8, 0xB8, 0xA9, 0x01, 0x20, 0xAD, 0xC3,
    0xA0, 0x05, 0xB1, 0x46, 0x38, 0xA0, 0x07, 0xF1, 0x46, 0x38, 0xE9, 0x01,
    0x20, 0x34, 0xB9, 0xA9, 0x04, 0x20, 0xC8, 0xB8, 0xA0, 0x06, 0xB1, 0x46,
    0x20, 0xAD, 0xC3, 0xA0, 0x04, 0xB1, 0x46, 0x20, 0xA8, 0xB8, 0xA9, 0x05,
    0x20, 0xC8, 0xB8, 0xA9, 0x01, 0x20, 0xAD, 0xC3, 0xA0, 0x05, 0xB1, 0x46,
    0x38, 0xA0, 0x07, 0xF1, 0x46, 0x38, 0xE9, 0x01, 0x20, 0x34, 0xB9, 0xA9,
    0x06, 0x20, 0xC8, 0xB8, 0xA0, 0x05, 0xB1, 0x46, 0x18, 0x69, 0x01, 0xA0,
    0x00, 0x91, 0x46, 0xA0, 0x03, 0xD1, 0x46, 0xB0, 0x30, 0xA0, 0x06, 0xB1,
    0x46, 0x20, 0xAD, 0xC3, 0xA0, 0x01, 0xB1, 0x46, 0x20, 0xA8, 0xB8, 0xA9,
    0x02, 0x20, 0xC8, 0xB8, 0xA0, 0x04, 0xB1, 0x46, 0x20, 0xAD, 0xC3, 0xA0,
    0x01, 0xB1, 0x46, 0x20, 0xA8, 0xB8, 0xA9, 0x02, 0x20, 0xC8, 0xB8, 0xA0,
    0x00, 0x18, 0xA9, 0x01, 0x71, 0x46, 0x4C, 0x1D, 0xAC, 0x88, 0xB1, 0x46,
    0x88, 0x11, 0x46, 0xD0, 0x03, 0x4C, 0x03, 0xAD, 0xC8, 0x20, 0x14, 0xC1,
    0x20, 0xAC, 0xC4, 0x20, 0xAD, 0xC3, 0xA0, 0x05, 0xB1, 0x46, 0x38, 0xA0,
    0x07, 0xF1, 0x46, 0x38, 0xE9, 0x01, 0x20, 0xAD, 0xC3, 0x20, 0xD7, 0xBF,
    0xA0, 0x02, 0xA2, 0x00, 0xB1, 0x46, 0x20, 0x85, 0xC0, 0x20, 0xC3, 0xC3,
    0xA0, 0x03, 0xB1, 0x46, 0x20, 0x50, 0xC0, 0x30, 0x0C, 0xF0, 0x0A, 0xA0,
    0x01, 0xB1, 0x46, 0x38, 0xE9, 0x02, 0xC8, 0x91, 0x46, 0xA0, 0x09, 0xA2,
    0x00, 0xB1, 0x46, 0x20, 0x7E, 0xC0, 0x20, 0xC3, 0xC3, 0xA0, 0x03, 0xB1,
    0x46, 0x38, 0xC8, 0xF1, 0x46, 0xA2, 0x00, 0xB0, 0x01, 0xCA, 0x20, 0xC7,
    0xBF, 0x20, 0xC3, 0xC3, 0xA9, 0x02, 0x20, 0x3B, 0xC0, 0x20, 0x0A, 0xBF,
    0xA0, 0x00, 0x91, 0x46, 0x20, 0xAD, 0xC3, 0xA0, 0x09, 0xB1, 0x46, 0x20,
    0xA8, 0xB8, 0xA9, 0x20, 0x20, 0xC8, 0xB8, 0xA9, 0x00, 0xA0, 0x03, 0x91,
    0x46, 0x88, 0xD1, 0x46, 0xB0, 0x19, 0xA0, 0x05, 0x20, 0x7E, 0xC5, 0xA0,
    0x03, 0xB1, 0x46, 0xA8, 0xB1, 0x4E, 0x20, 0xC8, 0xB8, 0xA0, 0x03, 0x18,
    0xA9, 0x01, 0x71, 0x46, 0x4C, 0xDB, 0xAC, 0xA9, 0x20, 0x20, 0xC8, 0xB8,
    0x20, 0xB9, 0xC0, 0x4C, 0xCD, 0xC0, 0x20, 0xC3, 0xC3, 0x20, 0xEF, 0xA9,
    0xA9, 0x01, 0x20, 0xAD, 0xC3, 0xA9, 0x00, 0x20, 0xAD, 0xC3, 0xA9, 0x1E,
    0x20, 0xAD, 0xC3, 0xA9, 0x17, 0x20, 0xAD, 0xC3, 0xA0, 0x05, 0x20, 0x14,
    0xC1, 0x20, 0xB6, 0xAB, 0x4C, 0xAB, 0xC0, 0x20, 0xAD, 0xC3, 0xA0, 0x01,
    0xB1, 0x46, 0xC9, 0x18, 0xB0, 0x17, 0xA9, 0x02, 0x20, 0xAD, 0xC3, 0xA8,
    0xB1, 0x46, 0x20, 0xA8, 0xB8, 0xA0, 0x00, 0xB1, 0x46, 0x20, 0xAD, 0xC3,
    0xA9, 0x1C, 0x20, 0x4D, 0xB9, 0x4C, 0xAB, 0xC0, 0xA9, 0xE6, 0xA2, 0x53,
    0x20, 0xC3, 0xC3, 0xA9, 0xFF, 0x20, 0xC1, 0xC3, 0xA9, 0x20, 0x4C, 0x72,
    0xC2, 0x20, 0xAD, 0xC3, 0x20, 0xFA, 0xBF, 0xA0, 0x04, 0xB1, 0x46, 0xD0,
    0x04, 0xA9, 0x01, 0x91, 0x46, 0xC8, 0xB1, 0x46, 0x88, 0xD1, 0x46, 0x90,
    0x07, 0xF0, 0x05, 0xB1, 0x46, 0xC8, 0x91, 0x46, 0xA0, 0x05, 0xB1, 0x46,
    0x20, 0xC1, 0xC3, 0xA0, 0x08, 0xB1, 0x46, 0x20, 0x5B, 0xBF, 0x20, 0xC7,
    0xC2, 0x20, 0xC3, 0xC3, 0xA0, 0x06, 0xB1, 0x46, 0x20, 0xF9, 0xC4, 0xA0,
    0x02, 0x20, 0x6F, 0xC4, 0xA9, 0x00, 0xA0, 0x01, 0x91, 0x46, 0xA0, 0x06,
    0xD1, 0x46, 0xB0, 0x76, 0xA0, 0x01, 0xB1, 0x46, 0xC9, 0x20, 0xB0, 0x6E,
    0xA0, 0x03, 0x20, 0x14, 0xC1, 0xC9, 0x08, 0x8A, 0xE9, 0x00, 0x90, 0x12,
    0xA9, 0x18, 0xA0, 0x00, 0x91, 0x46, 0xA2, 0x00, 0xA9, 0x08, 0xA0, 0x02,
    0x20, 0xD9, 0xC4, 0x4C, 0xE8, 0xAD, 0xA0, 0x03, 0x20, 0x14, 0xC1, 0xA0,
    0x10, 0x20, 0x93, 0xC0, 0xA0, 0x00, 0x91, 0x46, 0xA2, 0x00, 0x8A, 0xA0,
    0x02, 0x20, 0x6F, 0xC4, 0xA0, 0x01, 0xB1, 0x46, 0xA8, 0xB9, 0xE6, 0x53,
    0xA0, 0x00, 0xD1, 0x46, 0xF0, 0x23, 0xC8, 0xB1, 0x46, 0xAA, 0x88, 0xB1,
    0x46, 0x9D, 0xE6, 0x53, 0xC8, 0xB1, 0x46, 0x18, 0xA0, 0x08, 0x71, 0x46,
    0x20, 0xAD, 0xC3, 0xA0, 0x08, 0xB1, 0x46, 0x20, 0xAD, 0xC3, 0xA0, 0x02,
    0xB1, 0x46, 0x20, 0x78, 0xAB, 0xA0, 0x01, 0x18, 0x98, 0x71, 0x46, 0x4C,
    0xA4, 0xAD, 0xA0, 0x09, 0x4C, 0x36, 0xBF, 0x20, 0xAD, 0xC3, 0xAD, 0xE3,
    0x53, 0xF0, 0x05, 0xA9, 0x00, 0x20, 0x79, 0xAF, 0xA0, 0x01, 0xB1, 0x46,
    0x8D, 0xE0, 0x53, 0x88, 0xB1, 0x46, 0x8D, 0xE1, 0x53, 0xA9, 0x01, 0x8D,
    0xE3, 0x53, 0x8C, 0xE5, 0x53, 0xA9, 0x01, 0x20, 0x79, 0xAF, 0x4C, 0xAB,
    0xC0, 0x20, 0xD7, 0xBF, 0xAD, 0xE3, 0x53, 0xF0, 0x25, 0xEE, 0xE5, 0x53,
    0xAD, 0xE5, 0x53, 0xC9, 0x18, 0x90, 0x05, 0xA9, 0x00, 0x8D, 0xE5, 0x53,
    0xAD, 0xE5, 0x53, 0xC9, 0x0C, 0x20, 0x5D, 0xC2, 0xA0, 0x00, 0x91, 0x46,
    0xCD, 0xE4, 0x53, 0xF0, 0x05, 0xB1, 0x46, 0x20, 0x79, 0xAF, 0x4C, 0x9C,
    0xC0, 0xAD, 0xE3, 0x53, 0xF0, 0x07, 0xA9, 0x00, 0x20, 0x79, 0xAF, 0xA9,
    0x00, 0x8D, 0xE3, 0x53, 0x60, 0x20, 0xC3, 0xC3, 0x20, 0x14, 0xC0, 0xA9,
    0x05, 0x20, 0xAD, 0xC3, 0xA9, 0x00, 0xA0, 0x06, 0x91, 0x46, 0xA8, 0xAA,
    0xB1, 0x46, 0x38, 0xE9, 0x01, 0x91, 0x46, 0x20, 0x7E, 0xC0, 0x20, 0x30,
    0xC1, 0x20, 0xC3, 0xC3, 0xA0, 0x0C, 0x20, 0xEA, 0xC3, 0xA9, 0x0A, 0x20,
    0x48, 0xC5, 0xA0, 0x30, 0x20, 0x93, 0xC0, 0xA0, 0x00, 0x20, 0x57, 0xC4,
    0xA0, 0x0A, 0x20, 0xEA, 0xC3, 0xA9, 0x0A, 0x20, 0xF9, 0xC4, 0xA0, 0x07,
    0x20, 0x6F, 0xC4, 0xE0, 0x00, 0xD0, 0x04, 0xC9, 0x00, 0xF0, 0x08, 0xA0,
    0x00, 0xA2, 0x00, 0xB1, 0x46, 0xD0, 0xBD, 0xA0, 0x0A, 0xB1, 0x46, 0x20,
    0xAD, 0xC3, 0xA0, 0x0A, 0xB1, 0x46, 0x20, 0xAD, 0xC3, 0xA9, 0x03, 0x20,
    0x2E, 0xC1, 0xA0, 0x02, 0x18, 0x71, 0x46, 0x90, 0x01, 0xE8, 0x20, 0xF9,
    0xA9, 0xA0, 0x0B, 0x4C, 0x36, 0xBF, 0x20, 0xAD, 0xC3, 0x20, 0xED, 0xBF,
    0xA0, 0x03, 0xB1, 0x46, 0x4A, 0x4A, 0x4A, 0x4A, 0x29, 0x0F, 0x85, 0x4E,
    0x18, 0xA9, 0xCA, 0x85, 0x4F, 0xA0, 0xA0, 0xB1, 0x4E, 0xA0, 0x00, 0x91,
    0x46, 0xA0, 0x03, 0xB1, 0x46, 0x29, 0x0F, 0x85, 0x4E, 0x18, 0xA9, 0xCA,
    0x85, 0x4F, 0xA0, 0xA0, 0xB1, 0x4E, 0xA0, 0x01, 0x91, 0x46, 0xA9, 0x00,
    0xC8, 0x91, 0x46, 0xA0, 0x05, 0xB1, 0x46, 0x20, 0xAD, 0xC3, 0xA0, 0x05,
    0xB1, 0x46, 0x20, 0xAD, 0xC3, 0xA9, 0x02, 0x20, 0x2E, 0xC1, 0x20, 0xF9,
    0xA9, 0x4C, 0xC8, 0xC0, 0x20, 0xAD, 0xC3, 0xA0, 0x00, 0xB1, 0x46, 0xC9,
    0x20, 0x90, 0x04, 0xC9, 0x7F, 0x90, 0x07, 0xA2, 0x00, 0xA9, 0x20, 0x4C,
    0x9C, 0xC0, 0xB1, 0x46, 0xA2, 0x00, 0x4C, 0x9C, 0xC0, 0x20, 0xAD, 0xC3,
    0xAD, 0xE0, 0x53, 0x20, 0xAD, 0xC3, 0xAD, 0xE1, 0x53, 0x20, 0x76, 0xB9,
    0x20, 0xAD, 0xC3, 0xAD, 0xE0, 0x53, 0x20, 0xAD, 0xC3, 0xAD, 0xE1, 0x53,
    0x20, 0xA8, 0xB8, 0xA0, 0x01, 0xB1, 0x46, 0xF0, 0x16, 0x88, 0xB1, 0x46,
    0xC9, 0x07, 0xD0, 0x05, 0xA9, 0x20, 0x4C, 0xAB, 0xAF, 0xB1, 0x46, 0x8D,
    0xE2, 0x53, 0xA9, 0x07, 0x4C, 0xBD, 0xAF, 0x88, 0xB1, 0x46, 0xC9, 0x07,
    0xD0, 0x06, 0xAD, 0xE2, 0x53, 0x20, 0xC8, 0xB8, 0xA0, 0x01, 0xB1, 0x46,
    0x8D, 0xE4, 0x53, 0x4C, 0xAB, 0xC0, 0xA9, 0x04, 0x8D, 0x83, 0x02, 0xA9,
    0x00, 0x8D, 0x82, 0x02, 0x60, 0xA2, 0x00, 0xAD, 0x4F, 0x54, 0x60, 0x20,
    0x4C, 0xB0, 0x20, 0xAD, 0xC3, 0xA2, 0x00, 0xA1, 0x46, 0xF0, 0x05, 0x20,
    0x1A, 0xB6, 0xA2, 0x00, 0xA1, 0x46, 0x4C, 0x9C, 0xC0, 0xA9, 0x00, 0x20,
    0xAD, 0xC3, 0xAD, 0x82, 0x02, 0x49, 0xFF, 0x20, 0xAD, 0xC3, 0xA5, 0x09,
    0x29, 0x80, 0xD0, 0x06, 0xA5, 0x0C, 0x29, 0x80, 0xD0, 0x08, 0xA0, 0x01,
    0xB1, 0x46, 0x09, 0x01, 0x91, 0x46, 0xA5, 0x08, 0x29, 0x80, 0xD0, 0x07,
    0xA8, 0xB1, 0x46, 0x29, 0x01, 0xF0, 0x09, 0xA0, 0x01, 0xB1, 0x46, 0x09,
    0x02, 0x91, 0x46, 0x88, 0xB1, 0x46, 0x29, 0x02, 0xF0, 0x08, 0xC8, 0xB1,
    0x46, 0x09, 0x04, 0x91, 0x46, 0x88, 0xB1, 0x46, 0x29, 0x08, 0xF0, 0x07,
    0xC8, 0xB1, 0x46, 0x09, 0x08, 0x91, 0x46, 0xA0, 0x01, 0xA2, 0x00, 0xB1,
    0x46, 0x4C, 0xAB, 0xC0, 0x20, 0xD7, 0xBF, 0xA9, 0x00, 0x20, 0xAD, 0xC3,
    0x20, 0xD7, 0xBF, 0x20, 0x89, 0xB7, 0xAD, 0x80, 0x02, 0x49, 0xFF, 0xA0,
    0x02, 0x91, 0x46, 0x29, 0x10, 0xF0, 0x05, 0xA9, 0x01, 0x4C, 0x89, 0xB0,
    0xB1, 0x46, 0x29, 0x20, 0xF0, 0x04, 0x98, 0x4C, 0x89, 0xB0, 0xB1, 0x46,
    0x29, 0x40, 0xF0, 0x05, 0xA9, 0x03, 0x4C, 0x89, 0xB0, 0xB1, 0x46, 0x29,
    0x80, 0xF0, 0x05, 0xA9, 0x04, 0x88, 0x91, 0x46, 0xA0, 0x01, 0xB1, 0x46,
    0xF0, 0x2A, 0xCD, 0x06, 0x54, 0xF0, 0x0F, 0x8D, 0x06, 0x54, 0xA9, 0x14,
    0x8D, 0x08, 0x54, 0xA2, 0x00, 0xB1, 0x46, 0x4C, 0xB9, 0xC0, 0xAD, 0x08,
    0x54, 0xF0, 0x14, 0xCE, 0x08, 0x54, 0xD0, 0x0F, 0xA9, 0x06, 0x8D, 0x08,
    0x54, 0xA2, 0x00, 0xB1, 0x46, 0x4C, 0xB9, 0xC0, 0x8D, 0x06, 0x54, 0x20,
    0xF1, 0xAF, 0xA0, 0x00, 0x91, 0x46, 0xA2, 0x00, 0xB1, 0x46, 0xF0, 0x30,
    0xAD, 0x07, 0x54, 0xD0, 0x2B, 0xB1, 0x46, 0x8D, 0x07, 0x54, 0xB1, 0x46,
    0x29, 0x01, 0xF0, 0x05, 0xA9, 0x05, 0x4C, 0xB9, 0xC0, 0xB1, 0x46, 0x29,
    0x02, 0xF0, 0x05, 0xA9, 0x06, 0x4C, 0xB9, 0xC0, 0xB1, 0x46, 0x29, 0x04,
    0xF0, 0x05, 0xA9, 0x07, 0x4C, 0xB9, 0xC0, 0xA9, 0x08, 0x4C, 0xB9, 0xC0,
    0xB1, 0x46, 0xD0, 0x03, 0x8D, 0x07, 0x54, 0x8A, 0x4C, 0xB9, 0xC0, 0x20,
    0xAD, 0xC3, 0x20, 0xD7, 0xBF, 0xA0, 0x01, 0xB1, 0x46, 0xC9, 0x40, 0x90,
    0x04, 0xA9, 0x3F, 0x91, 0x46, 0xB1, 0x46, 0x8D, 0x4A, 0x54, 0xB1, 0x46,
    0xA8, 0xA9, 0x00, 0x99, 0x09, 0x54, 0xA9, 0x09, 0xA2, 0x54, 0x20, 0xAC,
    0xC4, 0x8D, 0x49, 0x54, 0xA9, 0x00, 0x8D, 0x4B, 0x54, 0x8D, 0x4C, 0x54,
    0xA9, 0x02, 0x8D, 0x4D, 0x54, 0x20, 0xEF, 0xA9, 0xA9, 0x02, 0x20, 0xAD,
    0xC3, 0xA9, 0x01, 0x20, 0xAD, 0xC3, 0xA0, 0x05, 0x20, 0x14, 0xC1, 0x20,
    0xF9, 0xA9, 0xA0, 0x03, 0x20, 0x14, 0xC1, 0x20, 0xAC, 0xC4, 0x18, 0x69,
    0x02, 0x20, 0xAD, 0xC3, 0xA9, 0x01, 0x20, 0xAD, 0xC3, 0xA9, 0x05, 0xA2,
    0xCB, 0x20, 0xF9, 0xA9, 0xA9, 0x05, 0x20, 0xAD, 0xC3, 0xA9, 0x04, 0x20,
    0xAD, 0xC3, 0xA9, 0x1A, 0x20, 0xAD, 0xC3, 0xA9, 0x11, 0x20, 0xAD, 0xC3,
    0xA9, 0xED, 0xA2, 0xCA, 0x20, 0xB6, 0xAB, 0xA9, 0x02, 0x20, 0xAD, 0xC3,
    0xA9, 0x13, 0x20, 0xAD, 0xC3, 0xA9, 0xD2, 0xA2, 0xCA, 0x20, 0xF9, 0xA9,
    0xA9, 0x02, 0x20, 0xAD, 0xC3, 0xA9, 0x14, 0x20, 0xAD, 0xC3, 0xA9, 0xB6,
    0xA2, 0xCA, 0x20, 0xF9, 0xA9, 0x20, 0x45, 0xB2, 0x20, 0xC7, 0xB2, 0x20,
    0x1E, 0xB3, 0x20, 0x74, 0xB4, 0xA0, 0x00, 0x91, 0x46, 0x20, 0x81, 0xAE,
    0xA2, 0x00, 0xA1, 0x46, 0x4C, 0xBE, 0xC0, 0x20, 0xAD, 0xC3, 0xA2, 0x00,
    0xA1, 0x46, 0x20, 0x69, 0xBF, 0xA0, 0x20, 0x20, 0x93, 0xC0, 0x85, 0x4E,
    0xA0, 0x01, 0xB1, 0x46, 0x18, 0x65, 0x4E, 0x20, 0xAD, 0xC3, 0xAD, 0x4B,
    0x54, 0xF0, 0x19, 0xA0, 0x00, 0xB1, 0x46, 0xC9, 0x41, 0x90, 0x11, 0xC9,
    0x5B, 0xB0, 0x0D, 0xA2, 0x00, 0xB1, 0x46, 0xA0, 0x20, 0x20, 0x93, 0xC0,
    0xA0, 0x00, 0x91, 0x46, 0xA2, 0x00, 0xA1, 0x46, 0x4C, 0xB9, 0xC0, 0x20,
    0xAD, 0xC3, 0xA0, 0x00, 0xB1, 0x46, 0x0A, 0x18, 0x69, 0x06, 0xA2, 0x00,
    0x4C, 0x9C, 0xC0, 0x20, 0xAD, 0xC3, 0xA0, 0x02, 0xB1, 0x46, 0x18, 0x69,
    0x08, 0x20, 0xAD, 0xC3, 0xA0, 0x02, 0xB1, 0x46, 0x20, 0x03, 0xB2, 0x20,
    0xAD, 0xC3, 0xA0, 0x04, 0xB1, 0x46, 0x20, 0xAD, 0xC3, 0xA0, 0x04, 0xB1,
    0x46, 0x20, 0xC3, 0xB1, 0x20, 0xAD, 0xC3, 0xA0, 0x03, 0xB1, 0x46, 0x20,
    0x35, 0xAB, 0x4C, 0xB9, 0xC0, 0xA0, 0x13, 0x20, 0xEC, 0xC4, 0xA9, 0x00,
    0xA0, 0x12, 0x91, 0x46, 0xA8, 0x91, 0x46, 0xC9, 0x04, 0xB0, 0x53, 0x98,
    0xC8, 0x91, 0x46, 0xC9, 0x10, 0xB0, 0x2A, 0xA9, 0x02, 0x20, 0x2E, 0xC1,
    0x18, 0x71, 0x46, 0x90, 0x01, 0xE8, 0x20, 0xC3, 0xC3, 0xA0, 0x03, 0xB1,
    0x46, 0x20, 0xAD, 0xC3, 0xA0, 0x03, 0xB1, 0x46, 0x20, 0xC3, 0xB1, 0xA0,
    0x00, 0x20, 0x57, 0xC4, 0xA0, 0x01, 0x18, 0x98, 0x71, 0x46, 0x4C, 0x59,
    0xB2, 0xA9, 0x08, 0x20, 0xAD, 0xC3, 0xA0, 0x01, 0xB1, 0x46, 0x20, 0x03,
    0xB2, 0x20, 0xAD, 0xC3, 0xA9, 0x04, 0x20, 0x2E, 0xC1, 0x20, 0xF9, 0xA9,
    0xA0, 0x00, 0x18, 0xA9, 0x01, 0x71, 0x46, 0x4C, 0x51, 0xB2, 0xAD, 0x4D,
    0x54, 0xC9, 0x04, 0xB0, 0x11, 0xAD, 0x4C, 0x54, 0x20, 0xAD, 0xC3, 0xAD,
    0x4D, 0x54, 0x20, 0xAD, 0xC3, 0xA9, 0x01, 0x20, 0x13, 0xB2, 0xA0, 0x13,
    0x4C, 0x36, 0xBF, 0x20, 0xD7, 0xBF, 0xA9, 0x00, 0xA8, 0x91, 0x46, 0xC9,
    0x05, 0xB0, 0x48, 0xB1, 0x46, 0xA8, 0xB9, 0xB1, 0xCA, 0x20, 0xAD, 0xC3,
    0xA9, 0x0F, 0x20, 0xAD, 0xC3, 0xA0, 0x02, 0xA2, 0x00, 0xB1, 0x46, 0x0A,
    0x90, 0x02, 0xE8, 0x18, 0x69, 0x92, 0xA8, 0x8A, 0x69, 0x52, 0xAA, 0x98,
    0x20, 0xD9, 0xC3, 0xAD, 0x4D, 0x54, 0xC9, 0x04, 0xD0, 0x09, 0xAD, 0x4C,
    0x54, 0xA0, 0x04, 0xD1, 0x46, 0xF0, 0x05, 0xA9, 0x00, 0x4C, 0x0E, 0xB3,
    0xA9, 0x01, 0x20, 0xE4, 0xAA, 0xA0, 0x00, 0x18, 0xA9, 0x01, 0x71, 0x46,
    0x4C, 0xCD, 0xB2, 0x4C, 0x9C, 0xC0, 0xA9, 0x00, 0x20, 0xAD, 0xC3, 0x20,
    0xD7, 0xBF, 0xAD, 0x49, 0x54, 0xC9, 0x1C, 0x90, 0x0E, 0xA2, 0x00, 0xAD,
    0x49, 0x54, 0xA0, 0x1B, 0x20, 0xCE, 0xBF, 0xA0, 0x01, 0x91, 0x46, 0xA9,
    0x02, 0x20, 0x17, 0xAA, 0xA9, 0x00, 0xA8, 0x91, 0x46, 0x18, 0xC8, 0x71,
    0x46, 0xCD, 0x49, 0x54, 0xB0, 0x33, 0x88, 0xB1, 0x46, 0x18, 0x69, 0x02,
    0x20, 0xAD, 0xC3, 0xA9, 0x02, 0x20, 0xAD, 0xC3, 0xA2, 0x00, 0xA8, 0xB1,
    0x46, 0x18, 0xC8, 0x71, 0x46, 0x90, 0x01, 0xE8, 0x85, 0x4E, 0x8A, 0x18,
    0x69, 0x54, 0x85, 0x4F, 0xA0, 0x09, 0xB1, 0x4E, 0x20, 0xC4, 0xAA, 0xA0,
    0x00, 0x18, 0xA9, 0x01, 0x71, 0x46, 0x4C, 0x43, 0xB3, 0x88, 0xB1, 0x46,
    0x18, 0x69, 0x02, 0x20, 0xAD, 0xC3, 0xA9, 0x02, 0x20, 0x27, 0xAE, 0x4C,
    0xAB, 0xC0, 0x20, 0xAD, 0xC3, 0xAD, 0x4D, 0x54, 0xC9, 0x04, 0xD0, 0x2B,
    0xAC, 0x4C, 0x54, 0xB9, 0xB1, 0xCA, 0x20, 0xAD, 0xC3, 0xA9, 0x0F, 0x20,
    0xAD, 0xC3, 0xA2, 0x00, 0xAD, 0x4C, 0x54, 0x0A, 0x90, 0x02, 0xE8, 0x18,
    0x69, 0x92, 0xA8, 0x8A, 0x69, 0x52, 0xAA, 0x98, 0x20, 0xD9, 0xC3, 0xA9,
    0x00, 0x20, 0xE4, 0xAA, 0x4C, 0xD8, 0xB3, 0xAD, 0x4C, 0x54, 0x20, 0xAD,
    0xC3, 0xAD, 0x4D, 0x54, 0x20, 0xAD, 0xC3, 0xA9, 0x00, 0x20, 0x13, 0xB2,
    0xA0, 0x01, 0xB1, 0x46, 0x8D, 0x4C, 0x54, 0x88, 0xB1, 0x46, 0x8D, 0x4D,
    0x54, 0xC9, 0x04, 0xD0, 0x2B, 0xAC, 0x4C, 0x54, 0xB9, 0xB1, 0xCA, 0x20,
    0xAD, 0xC3, 0xA9, 0x0F, 0x20, 0xAD, 0xC3, 0xA2, 0x00, 0xAD, 0x4C, 0x54,
    0x0A, 0x90, 0x02, 0xE8, 0x18, 0x69, 0x92, 0xA8, 0x8A, 0x69, 0x52, 0xAA,
    0x98, 0x20, 0xD9, 0xC3, 0xA9, 0x01, 0x20, 0xE4, 0xAA, 0x4C, 0xAB, 0xC0,
    0xAD, 0x4C, 0x54, 0x20, 0xAD, 0xC3, 0xAD, 0x4D, 0x54, 0x20, 0xAD, 0xC3,
    0xA9, 0x01, 0x20, 0x13, 0xB2, 0x4C, 0xAB, 0xC0, 0x20, 0xAD, 0xC3, 0xAD,
    0x49, 0x54, 0xCD, 0x4A, 0x54, 0xB0, 0x1F, 0xEE, 0x49, 0x54, 0x18, 0x69,
    0x09, 0x85, 0x4E, 0xA9, 0x00, 0x69, 0x54, 0x85, 0x4F, 0xA0, 0x00, 0xB1,
    0x46, 0x91, 0x4E, 0xAC, 0x49, 0x54, 0xA9, 0x00, 0x99, 0x09, 0x54, 0x20,
    0x1E, 0xB3, 0x4C, 0x9C, 0xC0, 0xAD, 0x49, 0x54, 0xF0, 0x19, 0xCE, 0x49,
    0x54, 0xAD, 0x49, 0x54, 0x18, 0x69, 0x09, 0x85, 0x4E, 0xA9, 0x00, 0x69,
    0x54, 0x85, 0x4F, 0xA9, 0x00, 0xA8, 0x91, 0x4E, 0x4C, 0x1E, 0xB3, 0x60,
    0x20, 0xDB, 0xAF, 0x20, 0xAD, 0xC3, 0x20, 0x51, 0xAE, 0xA2, 0x00, 0xA1,
    0x46, 0xD0, 0x03, 0x4C, 0x01, 0xB6, 0xC9, 0x01, 0xF0, 0x31, 0xC9, 0x02,
    0xF0, 0x62, 0xC9, 0x03, 0xD0, 0x03, 0x4C, 0x2C, 0xB5, 0xC9, 0x04, 0xD0,
    0x03, 0x4C, 0x43, 0xB5, 0xC9, 0x05, 0xD0, 0x03, 0x4C, 0x96, 0xB5, 0xC9,
    0x06, 0xD0, 0x03, 0x4C, 0xE8, 0xB5, 0xC9, 0x07, 0xD0, 0x03, 0x4C, 0xEE,
    0xB5, 0xC9, 0x08, 0xD0, 0x03, 0x4C, 0xFC, 0xB5, 0x4C, 0x01, 0xB6, 0xAD,
    0x4D, 0x54, 0xC9, 0x04, 0xD0, 0x14, 0xAD, 0x4C, 0x54, 0x20, 0x46, 0xC3,
    0x18, 0x69, 0x01, 0x20, 0xAD, 0xC3, 0xA9, 0x03, 0x20, 0x92, 0xB3, 0x4C,
    0x01, 0xB6, 0xAD, 0x4D, 0x54, 0xD0, 0x03, 0x4C, 0x01, 0xB6, 0xAD, 0x4C,
    0x54, 0x20, 0xAD, 0xC3, 0xAD, 0x4D, 0x54, 0x38, 0xE9, 0x01, 0x20, 0x92,
    0xB3, 0x4C, 0x01, 0xB6, 0xAD, 0x4D, 0x54, 0xC9, 0x03, 0xB0, 0x12, 0xAD,
    0x4C, 0x54, 0x20, 0xAD, 0xC3, 0xAD, 0x4D, 0x54, 0x18, 0x69, 0x01, 0x20,
    0x92, 0xB3, 0x4C, 0x01, 0xB6, 0xAD, 0x4D, 0x54, 0xC9, 0x03, 0xF0, 0x03,
    0x4C, 0x01, 0xB6, 0xAD, 0x4C, 0x54, 0x20, 0x57, 0xC3, 0x20, 0xC3, 0xC3,
    0xA9, 0x10, 0x20, 0x3B, 0xC0, 0x20, 0xAD, 0xC3, 0xA9, 0x04, 0x20, 0x92,
    0xB3, 0x4C, 0x01, 0xB6, 0xAD, 0x4C, 0x54, 0xD0, 0x03, 0x4C, 0x01, 0xB6,
    0x38, 0xE9, 0x01, 0x20, 0xAD, 0xC3, 0xAD, 0x4D, 0x54, 0x20, 0x92, 0xB3,
    0x4C, 0x01, 0xB6, 0xAD, 0x4D, 0x54, 0xC9, 0x04, 0xD0, 0x26, 0xAD, 0x4C,
    0x54, 0x20, 0x7E, 0xC0, 0xC9, 0x05, 0x8A, 0xE9, 0x00, 0x50, 0x02, 0x49,
    0x80, 0x30, 0x03, 0x4C, 0x01, 0xB6, 0xAD, 0x4C, 0x54, 0x18, 0x69, 0x01,
    0x20, 0xAD, 0xC3, 0xAD, 0x4D, 0x54, 0x20, 0x92, 0xB3, 0x4C, 0x01, 0xB6,
    0xAD, 0x4C, 0x54, 0x20, 0x7E, 0xC0, 0xC9, 0x10, 0x8A, 0xE9, 0x00, 0x50,
    0x02, 0x49, 0x80, 0x30, 0x03, 0x4C, 0x01, 0xB6, 0xAD, 0x4C, 0x54, 0x18,
    0x69, 0x01, 0x20, 0xAD, 0xC3, 0xAD, 0x4D, 0x54, 0x20, 0x92, 0xB3, 0x4C,
    0x01, 0xB6, 0xAD, 0x4D, 0x54, 0xC9, 0x04, 0xB0, 0x12, 0xAD, 0x4C, 0x54,
    0x20, 0xAD, 0xC3, 0xAD, 0x4D, 0x54, 0x20, 0xC3, 0xB1, 0x20, 0x28, 0xB4,
    0x4C, 0x01, 0xB6, 0xAD, 0x4C, 0x54, 0xF0, 0x0F, 0xC9, 0x01, 0xF0, 0x19,
    0xC9, 0x02, 0xF0, 0x1D, 0xC9, 0x03, 0xF0, 0x1F, 0x4C, 0xE4, 0xB5, 0xAD,
    0x4B, 0x54, 0x49, 0x01, 0x8D, 0x4B, 0x54, 0x20, 0x45, 0xB2, 0x4C, 0x01,
    0xB6, 0xA9, 0x20, 0x20, 0x28, 0xB4, 0x4C, 0x01, 0xB6, 0x20, 0x55, 0xB4,
    0x4C, 0x01, 0xB6, 0xA9, 0x01, 0x4C, 0x9C, 0xC0, 0x8A, 0x4C, 0x9C, 0xC0,
    0x20, 0x55, 0xB4, 0x4C, 0x01, 0xB6, 0xAD, 0x4B, 0x54, 0x49, 0x01, 0x8D,
    0x4B, 0x54, 0x20, 0x45, 0xB2, 0x4C, 0x01, 0xB6, 0xA9, 0x01, 0x4C, 0x9C,
    0xC0, 0x20, 0x9C, 0xC0, 0x4C, 0x74, 0xB4, 0xA9, 0x00, 0x8D, 0x5F, 0x04,
    0xA9, 0x03, 0x8D, 0x5F, 0x04, 0xA9, 0x00, 0x8D, 0x58, 0x04, 0x8D, 0x51,
    0x04, 0x60, 0x20, 0xD7, 0xBF, 0xA9, 0x1A, 0x20, 0xAD, 0xC3, 0xA9, 0x08,
    0x20, 0xBB, 0xB6, 0xA9, 0x00, 0xA8, 0x91, 0x46, 0xC9, 0x64, 0xB0, 0x08,
    0x18, 0xA9, 0x01, 0x71, 0x46, 0x4C, 0x2A, 0xB6, 0xA9, 0x00, 0x8D, 0x51,
    0x04, 0x4C, 0x9C, 0xC0, 0xA9, 0x1A, 0x20, 0xAD, 0xC3, 0xA9, 0x08, 0x20,
    0xBB, 0xB6, 0xA9, 0x0A, 0x20, 0xA0, 0xB6, 0xA9, 0x00, 0x8D, 0x51, 0x04,
    0x60, 0x20, 0xD7, 0xBF, 0xA9, 0x00, 0xA8, 0x91, 0x46, 0xC9, 0x04, 0xB0,
    0x1D, 0xB1, 0x46, 0xA8, 0xB9, 0x07, 0xCB, 0x20, 0xAD, 0xC3, 0xA9, 0x08,
    0x20, 0xBB, 0xB6, 0xA9, 0x02, 0x20, 0xA0, 0xB6, 0xA0, 0x00, 0x18, 0xA9,
    0x01, 0x71, 0x46, 0x4C, 0x5B, 0xB6, 0xA9, 0x02, 0x20, 0xA0, 0xB6, 0xA9,
    0x00, 0x8D, 0x51, 0x04, 0x4C, 0x9C, 0xC0, 0xA9, 0x23, 0x20, 0xAD, 0xC3,
    0xA9, 0x06, 0x20, 0xBB, 0xB6, 0xA9, 0x02, 0x20, 0xA0, 0xB6, 0xA9, 0x00,
    0x8D, 0x51, 0x04, 0x60, 0x20, 0xAD, 0xC3, 0x4C, 0xA9, 0xB6, 0x20, 0x89,
    0xB7, 0xA0, 0x00, 0xB1, 0x46, 0x08, 0xB1, 0x46, 0x38, 0xE9, 0x01, 0x91,
    0x46, 0x28, 0xD0, 0xEE, 0x4C, 0x9C, 0xC0, 0x20, 0xAD, 0xC3, 0xA0, 0x01,
    0xB1, 0x46, 0x8D, 0x50, 0x04, 0x88, 0xB1, 0x46, 0x09, 0xA0, 0x8D, 0x51,
    0x04, 0x4C, 0xAB, 0xC0, 0x48, 0x20, 0x7B, 0xB7, 0x20, 0x53, 0xB7, 0xA9,
    0x00, 0x8D, 0x60, 0x52, 0x8D, 0x61, 0x52, 0x8D, 0x4F, 0x54, 0xA2, 0x00,
    0xAC, 0x4E, 0x54, 0xF0, 0x02, 0xA0, 0x04, 0xB9, 0x0B, 0xCB, 0x9D, 0x00,
    0x52, 0xA9, 0x52, 0x9D, 0x01, 0x52, 0xA9, 0x60, 0x9D, 0x02, 0x52, 0xE8,
    0xE8, 0xE8, 0xC8, 0xE0, 0x0C, 0xD0, 0xE8, 0xA0, 0x00, 0xA9, 0x07, 0x9D,
    0x00, 0x52, 0xB9, 0x5B, 0xCB, 0x9D, 0x01, 0x52, 0xB9, 0x43, 0xCB, 0x9D,
    0x02, 0x52, 0xA9, 0x00, 0x99, 0x7A, 0x52, 0xE8, 0xE8, 0xE8, 0xC8, 0xC0,
    0x18, 0xD0, 0xE2, 0xA9, 0x0F, 0x9D, 0x00, 0x52, 0xA9, 0x52, 0x9D, 0x01,
    0x52, 0xA9, 0x60, 0x9D, 0x02, 0x52, 0xE8, 0xE8, 0xE8, 0xE0, 0x60, 0xD0,
    0xEA, 0x68, 0x20, 0x81, 0xB8, 0x20, 0x94, 0xB7, 0xA9, 0x80, 0x85, 0x34,
    0xA9, 0x00, 0x85, 0x38, 0xA9, 0x52, 0x85, 0x2C, 0xA9, 0x00, 0x85, 0x30,
    0x4C, 0x80, 0xB7, 0x24, 0x28, 0x10, 0xFC, 0x24, 0x28, 0x30, 0xFC, 0xA2,
    0x00, 0xA0, 0x00, 0x85, 0x24, 0xE8, 0xD0, 0x01, 0xC8, 0x24, 0x28, 0x10,
    0xF6, 0xA9, 0x00, 0xC0, 0x01, 0x90, 0x08, 0xD0, 0x04, 0xE0, 0x0E, 0x90,
    0x02, 0xA9, 0x01, 0x8D, 0x4E, 0x54, 0x60, 0xA9, 0x7F, 0x85, 0x3C, 0x60,
    0x24, 0x28, 0x10, 0xFC, 0xA9, 0x56, 0x85, 0x3C, 0x60, 0x24, 0x28, 0x30,
    0xFC, 0x24, 0x28, 0x10, 0xFC, 0xEE, 0x4F, 0x54, 0xA2, 0x00, 0xBD, 0x62,
    0x52, 0xF0, 0x0E, 0xA9, 0x00, 0x9D, 0x62, 0x52, 0x8E, 0x56, 0x54, 0x20,
    0xAF, 0xB7, 0xAE, 0x56, 0x54, 0xE8, 0xE0, 0x18, 0xD0, 0xE8, 0x60, 0x8E,
    0x50, 0x54, 0xBD, 0x13, 0xCB, 0x85, 0x4E, 0x85, 0x56, 0xBD, 0x2B, 0xCB,
    0x85, 0x57, 0x18, 0x69, 0x03, 0x85, 0x4F, 0xBD, 0x7A, 0x52, 0x49, 0x01,
    0x9D, 0x7A, 0x52, 0xF0, 0x02, 0xA9, 0x40, 0x18, 0x7D, 0x43, 0xCB, 0x85,
    0x50, 0xBD, 0x5B, 0xCB, 0x85, 0x51, 0xA0, 0x00, 0x8C, 0x54, 0x54, 0x8C,
    0x55, 0x54, 0xC0, 0x20, 0xB0, 0x61, 0xB1, 0x4E, 0x8D, 0x51, 0x54, 0x8C,
    0x52, 0x54, 0xAD, 0x54, 0x54, 0xC9, 0x0B, 0x90, 0x04, 0xA0, 0x20, 0xD0,
    0x0C, 0xC8, 0xC0, 0x20, 0xB0, 0x07, 0xB1, 0x4E, 0xCD, 0x51, 0x54, 0xF0,
    0xF4, 0x8C, 0x53, 0x54, 0xAC, 0x55, 0x54, 0xA5, 0x56, 0x18, 0x6D, 0x52,
    0x54, 0x91, 0x50, 0xC8, 0xA9, 0xE0, 0x91, 0x50, 0xC8, 0xA5, 0x57, 0x91,
    0x50, 0xC8, 0xAD, 0x52, 0x54, 0x38, 0xED, 0x53, 0x54, 0x29, 0x1F, 0xAE,
    0x51, 0x54, 0xF0, 0x02, 0x09, 0x80, 0x91, 0x50, 0xC8, 0xAD, 0x52, 0x54,
    0x0A, 0x0A, 0x69, 0x10, 0x91, 0x50, 0xC8, 0x8C, 0x55, 0x54, 0xEE, 0x54,
    0x54, 0xAC, 0x53, 0x54, 0x4C, 0xE2, 0xB7, 0xAC, 0x55, 0x54, 0xA9, 0x00,
    0x91, 0x50, 0xC8, 0x91, 0x50, 0xAE, 0x50, 0x54, 0xBC, 0x73, 0xCB, 0xA5,
    0x50, 0x99, 0x00, 0x52, 0x60, 0x85, 0x20, 0x60, 0x85, 0x58, 0x20, 0x8F,
    0xC3, 0x85, 0x57, 0x20, 0x8F, 0xC3, 0x85, 0x56, 0x20, 0x8F, 0xC3, 0xAA,
    0xF0, 0x02, 0xA2, 0x10, 0xA5, 0x56, 0x95, 0x21, 0xA5, 0x57, 0x95, 0x22,
    0xA5, 0x58, 0x95, 0x23, 0x60, 0x0A, 0xA2, 0x00, 0x9D, 0x00, 0x40, 0x9D,
    0x00, 0x41, 0x9D, 0x00, 0x42, 0xE8, 0xD0, 0xF4, 0x8A, 0x9D, 0x00, 0x43,
    0x9D, 0x00, 0x44, 0x9D, 0x00, 0x45, 0xE8, 0xD0, 0xF4, 0xA9, 0x01, 0xA2,
    0x17, 0x9D, 0x62, 0x52, 0xCA, 0x10, 0xFA, 0x60, 0xC9, 0x18, 0x90, 0x02,
    0xA9, 0x17, 0x85, 0x45, 0xAA, 0xBD, 0x13, 0xCB, 0x85, 0x40, 0x85, 0x42,
    0xBD, 0x2B, 0xCB, 0x85, 0x41, 0x18, 0x69, 0x03, 0x85, 0x43, 0x20, 0x8F,
    0xC3, 0x85, 0x44, 0x60, 0xA4, 0x44, 0xC0, 0x20, 0xB0, 0x05, 0x0A, 0x91,
    0x40, 0xE6, 0x44, 0x60, 0x38, 0xE5, 0x44, 0x85, 0x4E, 0x8A, 0xE9, 0x00,
    0x85, 0x4F, 0xA4, 0x44, 0xC0, 0x20, 0xB0, 0x0A, 0xB1, 0x4E, 0xF0, 0x06,
    0x0A, 0x91, 0x40, 0xC8, 0xD0, 0xF2, 0x84, 0x44, 0x60, 0x85, 0x56, 0x20,
    0xA3, 0xC0, 0x38, 0xE5, 0x44, 0x85, 0x4E, 0x8A, 0xE9, 0x00, 0x85, 0x4F,
    0xA5, 0x44, 0x85, 0x58, 0x18, 0x65, 0x56, 0xB0, 0x04, 0xC9, 0x21, 0x90,
    0x02, 0xA9, 0x20, 0x85, 0x57, 0xA4, 0x44, 0xC4, 0x57, 0xB0, 0x14, 0xB1,
    0x4E, 0xF0, 0x10, 0xC9, 0x20, 0x90, 0x04, 0xC9, 0x7F, 0x90, 0x02, 0xA9,
    0x20, 0x0A, 0x91, 0x40, 0xC8, 0xD0, 0xE8, 0x84, 0x44, 0x98, 0x38, 0xE5,
    0x58, 0xA2, 0x00, 0x60, 0x85, 0x56, 0x20, 0x8F, 0xC3, 0x0A, 0xA4, 0x44,
    0xA6, 0x56, 0xF0, 0x0A, 0xC0, 0x20, 0xB0, 0x06, 0x91, 0x40, 0xC8, 0xCA,
    0xD0, 0xF6, 0x84, 0x44, 0x60, 0xAA, 0x20, 0x8F, 0xC3, 0x85, 0x56, 0x8A,
    0xF0, 0x1F, 0xA4, 0x44, 0xC0, 0x20, 0xB0, 0x19, 0xB1, 0x42, 0xC5, 0x56,
    0xF0, 0x0F, 0xA5, 0x56, 0x91, 0x42, 0xA9, 0x01, 0x84, 0x57, 0xA4, 0x45,
    0x99, 0x62, 0x52, 0xA4, 0x57, 0xC8, 0xCA, 0xD0, 0xE3, 0x60, 0xAA, 0xBD,
    0x13, 0xCB, 0x85, 0x4E, 0xBD, 0x2B, 0xCB, 0x85, 0x4F, 0x20, 0x8F, 0xC3,
    0xA8, 0xB1, 0x4E, 0x4A, 0xA2, 0x00, 0x60, 0xA9, 0x70, 0x20, 0xAD, 0xC3,
    0xA9, 0xF5, 0x20, 0xAD, 0xC3, 0xA9, 0x00, 0x20, 0xAD, 0xC3, 0x20, 0xAD,
    0xC3, 0x20, 0xAD, 0xC3, 0x20, 0xAD, 0xC3, 0x20, 0xAD, 0xC3, 0x20, 0xBF,
    0xC3, 0x4C, 0x60, 0xBB, 0xA9, 0x70, 0x20, 0xAD, 0xC3, 0xA9, 0xEA, 0x20,
    0xAD, 0xC3, 0xA9, 0x10, 0x20, 0xAD, 0xC3, 0xA9, 0x00, 0x20, 0xAD, 0xC3,
    0x20, 0xAD, 0xC3, 0x20, 0xAD, 0xC3, 0x20, 0xAD, 0xC3, 0xA9, 0x57, 0xA2,
    0x54, 0x20, 0xC3, 0xC3, 0xA2, 0x00, 0xA9, 0x01, 0x20, 0x60, 0xBB, 0xA2,
    0x00, 0xAD, 0x57, 0x54, 0x60, 0x20, 0xC3, 0xC3, 0xA9, 0x70, 0x20, 0xAD,
    0xC3, 0xA9, 0xE4, 0x20, 0xAD, 0xC3, 0xA9, 0x05, 0x20, 0xAD, 0xC3, 0xA0,
    0x03, 0xB1, 0x46, 0x20, 0xAD, 0xC3, 0xA0, 0x05, 0x20, 0x14, 0xC1, 0x8A,
    0x20, 0xAD, 0xC3, 0xA9, 0x00, 0x20, 0xAD, 0xC3, 0x20, 0xAD, 0xC3, 0x20,
    0xBF, 0xC3, 0x20, 0x60, 0xBB, 0x4C, 0xAB, 0xC0, 0xA2, 0x00, 0xAD, 0x09,
    0x0C, 0xC9, 0x46, 0xD0, 0x0E, 0xAD, 0x0A, 0x0C, 0xC9, 0x4E, 0xD0, 0x07,
    0xAD, 0x0B, 0x0C, 0xC9, 0x01, 0xF0, 0x02, 0x8A, 0x60, 0x60, 0xA2, 0x00,
    0xAD, 0x06, 0x0C, 0x60, 0xA2, 0x00, 0xAD, 0x07, 0x0C, 0x60, 0xA2, 0x00,
    0xAD, 0x08, 0x0C, 0x60, 0xA2, 0x0C, 0xA9, 0x16, 0x4C, 0x98, 0xBA, 0xA2,
    0x0C, 0xA9, 0x19, 0x4C, 0x98, 0xBA, 0xA2, 0x00, 0xAD, 0x12, 0x0C, 0x60,
    0xA2, 0x00, 0xAD, 0x25, 0x0C, 0x60, 0xA2, 0x00, 0xAD, 0x1F, 0x0C, 0x60,
    0xA2, 0x00, 0xAD, 0x1E, 0x0C, 0x60, 0x20, 0xAD, 0xC3, 0xA9, 0x15, 0x20,
    0xAD, 0xC3, 0xA0, 0x01, 0xB1, 0x46, 0x20, 0xBC, 0xBD, 0x4C, 0x9C, 0xC0,
    0xA2, 0x00, 0xAD, 0x1C, 0x0C, 0x60, 0xAD, 0x1D, 0x0C, 0x4C, 0x3E, 0xC2,
    0xA2, 0x00, 0xAD, 0x26, 0x0C, 0x60, 0x20, 0xAD, 0xC3, 0xA9, 0x16, 0x20,
    0xAD, 0xC3, 0xA0, 0x01, 0xB1, 0x46, 0x20, 0xBC, 0xBD, 0x4C, 0x9C, 0xC0,
    0x20, 0xC3, 0xC3, 0x20, 0x2E, 0xC0, 0xA0, 0x09, 0x20, 0x7E, 0xC5, 0xA2,
    0x00, 0xA1, 0x4E, 0x20, 0x80, 0xBF, 0x20, 0x91, 0xC1, 0xA0, 0x0D, 0x20,
    0x14, 0xC1, 0x20, 0x7E, 0xC0, 0x85, 0x4E, 0x86, 0x4F, 0xA2, 0x00, 0xA1,
    0x4E, 0x20, 0x80, 0xBF, 0xA4, 0x48, 0x84, 0x49, 0x86, 0x48, 0xAA, 0xA9,
    0x00, 0x20, 0x6A, 0xC1, 0x20, 0x91, 0xC1, 0xA0, 0x0D, 0x20, 0x14, 0xC1,
    0x20, 0x85, 0xC0, 0x85, 0x4E, 0x86, 0x4F, 0xA2, 0x00, 0xA1, 0x4E, 0x20,
    0x80, 0xBF, 0x86, 0x49, 0x85, 0x48, 0x8A, 0x20, 0x6A, 0xC1, 0x20, 0x78,
    0xC4, 0x20, 0x1B, 0xC1, 0xA0, 0x04, 0x20, 0x7A, 0xC4, 0xA0, 0x09, 0x20,
    0x7E, 0xC5, 0xA2, 0x00, 0xA1, 0x4E, 0x20, 0x80, 0xBF, 0x20, 0x91, 0xC1,
    0xA0, 0x0D, 0x20, 0x14, 0xC1, 0x20, 0x7E, 0xC0, 0x85, 0x4E, 0x86, 0x4F,
    0xA2, 0x00, 0xA1, 0x4E, 0x20, 0x80, 0xBF, 0xA4, 0x48, 0x84, 0x49, 0x86,
    0x48, 0xAA, 0xA9, 0x00, 0x20, 0x6A, 0xC1, 0x20, 0x91, 0xC1, 0xA0, 0x0D,
    0x20, 0x14, 0xC1, 0x20, 0x85, 0xC0, 0x85, 0x4E, 0x86, 0x4F, 0xA2, 0x00,
    0xA1, 0x4E, 0x20, 0x80, 0xBF, 0x86, 0x49, 0x85, 0x48, 0x8A, 0x20, 0x6A,
    0xC1, 0x20, 0x78, 0xC4, 0xA0, 0x07, 0x20, 0x1D, 0xC1, 0x20, 0x91, 0xC1,
    0xA0, 0x07, 0x20, 0x1D, 0xC1, 0x20, 0x40, 0xC1, 0xD0, 0x97, 0xA0, 0x07,
    0x20, 0x1D, 0xC1, 0xA0, 0x0A, 0x4C, 0x36, 0xBF, 0x20, 0xC3, 0xC3, 0xA0,
    0x0C, 0x20, 0xEC, 0xC4, 0xA9, 0x00, 0x8D, 0x58, 0x54, 0x8D, 0x59, 0x54,
    0xA0, 0x13, 0xB1, 0x46, 0xA0, 0x08, 0x91, 0x46, 0xA0, 0x12, 0xB1, 0x46,
    0xA0, 0x09, 0x91, 0x46, 0xA0, 0x11, 0xB1, 0x46, 0xA0, 0x0A, 0x91, 0x46,
    0xA0, 0x10, 0xB1, 0x46, 0xA0, 0x0B, 0x91, 0x46, 0xA0, 0x14, 0xB1, 0x46,
    0x29, 0x07, 0x85, 0x4E, 0x18, 0xA9, 0xCB, 0x85, 0x4F, 0xA0, 0x8B, 0xB1,
    0x4E, 0xA0, 0x07, 0x91, 0x46, 0xA0, 0x14, 0xB1, 0x46, 0x29, 0x07, 0x85,
    0x4E, 0x18, 0xA9, 0xCB, 0x85, 0x4F, 0xA0, 0x93, 0xB1, 0x4E, 0xA0, 0x06,
    0x91, 0x46, 0xB1, 0x46, 0xF0, 0x0D, 0xC8, 0xB1, 0x46, 0x20, 0xC1, 0xC3,
    0xA0, 0x08, 0xB1, 0x46, 0x20, 0xF9, 0xC4, 0xA0, 0x05, 0x91, 0x46, 0xA0,
    0x14, 0xB1, 0x46, 0x29, 0x08, 0xF0, 0x31, 0xA2, 0x00, 0xA0, 0x07, 0xB1,
    0x46, 0x18, 0x88, 0x71, 0x46, 0x90, 0x01, 0xE8, 0x85, 0x4E, 0x86, 0x4F,
    0xA0, 0x0D, 0x20, 0x14, 0xC1, 0x18, 0x65, 0x4E, 0x48, 0x8A, 0x65, 0x4F,
    0xAA, 0x68, 0xC9, 0x41, 0x8A, 0xE9, 0x01, 0x90, 0x0B, 0xA9, 0x04, 0x8D,
    0x5A, 0x54, 0xA2, 0x00, 0x8A, 0x4C, 0xAA, 0xBD, 0xA9, 0x05, 0x20, 0xAD,
    0xC3, 0xA9, 0x00, 0x20, 0xBC, 0xBD, 0xA9, 0x00, 0x20, 0xAD, 0xC3, 0xA0,
    0x17, 0xB1, 0x46, 0x20, 0xBC, 0xBD, 0xA9, 0x01, 0x20, 0xAD, 0xC3, 0xA0,
    0x16, 0xB1, 0x46, 0x20, 0xBC, 0xBD, 0xA9, 0x02, 0x20, 0xAD, 0xC3, 0xA9,
    0x00, 0x20, 0xBC, 0xBD, 0xA9, 0x00, 0xA0, 0x04, 0x91, 0x46, 0x88, 0x91,
    0x46, 0xA0, 0x06, 0xD1, 0x46, 0xB0, 0x48, 0x88, 0xB1, 0x46, 0x20, 0xAF,
    0xBD, 0xA9, 0x00, 0xA0, 0x02, 0x91, 0x46, 0xA0, 0x05, 0xD1, 0x46, 0xB0,
    0x2C, 0xA9, 0x08, 0x20, 0x2E, 0xC1, 0x88, 0x18, 0x71, 0x46, 0x90, 0x01,
    0xE8, 0x85, 0x4E, 0x86, 0x4F, 0xA0, 0x00, 0xB1, 0x4E, 0x48, 0xA0, 0x04,
    0x18, 0xA9, 0x01, 0x71, 0x46, 0x91, 0x46, 0x68, 0x20, 0xAF, 0xBD, 0xA0,
    0x02, 0x18, 0xA9, 0x01, 0x71, 0x46, 0x4C, 0x4D, 0xBC, 0xA0, 0x03, 0x18,
    0xA9, 0x01, 0x71, 0x46, 0x4C, 0x3B, 0xBC, 0xB1, 0x46, 0xF0, 0x0C, 0xA9,
    0x02, 0x20, 0xAD, 0xC3, 0xA0, 0x07, 0xB1, 0x46, 0x20, 0xBC, 0xBD, 0xA0,
    0x14, 0xB1, 0x46, 0x29, 0x08, 0xF0, 0x39, 0xA0, 0x11, 0x20, 0xEA, 0xC3,
    0xA0, 0x11, 0x20, 0xEA, 0xC3, 0x4C, 0xC7, 0xBC, 0xA0, 0x03, 0x20, 0x7E,
    0xC5, 0xA0, 0x00, 0xB1, 0x4E, 0x48, 0xA0, 0x02, 0xA2, 0x00, 0xA9, 0x01,
    0x20, 0x26, 0xBF, 0x68, 0x20, 0xAF, 0xBD, 0xA0, 0x01, 0xB1, 0x46, 0x88,
    0x11, 0x46, 0x08, 0xA2, 0x00, 0xA9, 0x01, 0x20, 0xD7, 0xC4, 0x28, 0xD0,
    0xD7, 0x20, 0xBE, 0xC0, 0xA0, 0x16, 0xB1, 0x46, 0x20, 0xAD, 0xC3, 0xA0,
    0x16, 0xB1, 0x46, 0x20, 0x5E, 0xBE, 0x20, 0xD3, 0xBD, 0x8D, 0x5A, 0x54,
    0xAD, 0x5A, 0x54, 0xF0, 0x06, 0xA2, 0x00, 0x8A, 0x4C, 0xAA, 0xBD, 0xAD,
    0x03, 0x0C, 0xC9, 0x06, 0xF0, 0x0B, 0xA9, 0x90, 0x8D, 0x5A, 0x54, 0xA2,
    0x00, 0x8A, 0x4C, 0xAA, 0xBD, 0xAE, 0x05, 0x0C, 0xAD, 0x04, 0x0C, 0x20,
    0x6D, 0xC4, 0xC9, 0x01, 0x8A, 0xE9, 0x04, 0x90, 0x07, 0xA2, 0x04, 0xA9,
    0x00, 0x20, 0x6D, 0xC4, 0xA0, 0x14, 0xB1, 0x46, 0x29, 0x10, 0xF0, 0x71,
    0xA0, 0x11, 0x20, 0xEA, 0xC3, 0xA2, 0x08, 0xA9, 0x00, 0x20, 0xC3, 0xC3,
    0x20, 0xE0, 0xBF, 0xA0, 0x07, 0x20, 0x14, 0xC1, 0x38, 0xA0, 0x12, 0xF1,
    0x46, 0x85, 0x56, 0x8A, 0xC8, 0xF1, 0x46, 0x05, 0x56, 0x90, 0x0A, 0xF0,
    0x08, 0x20, 0x14, 0xC1, 0xA0, 0x06, 0x20, 0x6F, 0xC4, 0xA0, 0x07, 0x20,
    0x14, 0xC1, 0x20, 0x6D, 0xC4, 0xA0, 0x01, 0xB1, 0x46, 0x88, 0x11, 0x46,
    0xF0, 0x30, 0xA0, 0x05, 0x20, 0x14, 0xC1, 0x85, 0x48, 0x86, 0x49, 0xA0,
    0x03, 0x20, 0x7E, 0xC5, 0xA0, 0x00, 0xB1, 0x4E, 0x91, 0x48, 0xA0, 0x04,
    0xA2, 0x00, 0xA9, 0x01, 0x20, 0x26, 0xBF, 0xA0, 0x02, 0xA2, 0x00, 0xA9,
    0x01, 0x20, 0x26, 0xBF, 0xA2, 0x00, 0xA9, 0x01, 0x20, 0xD7, 0xC4, 0x4C,
    0x61, 0xBD, 0x20, 0xC8, 0xC0, 0x20, 0x12, 0xC1, 0x8D, 0x58, 0x54, 0x8E,
    0x59, 0x54, 0xA2, 0x00, 0xA9, 0x01, 0xA0, 0x17, 0x4C, 0x36, 0xBF, 0x20,
    0xAD, 0xC3, 0xA0, 0x00, 0xB1, 0x46, 0x8D, 0x00, 0x0F, 0x4C, 0x9C, 0xC0,
    0x20, 0xAD, 0xC3, 0xA0, 0x01, 0xB1, 0x46, 0xAA, 0x88, 0xB1, 0x46, 0x9D,
    0x00, 0x0D, 0x4C, 0xAB, 0xC0, 0xAD, 0x9C, 0x52, 0x4C, 0xD3, 0xBD, 0x20,
    0xAD, 0xC3, 0xAD, 0x00, 0x0C, 0x18, 0x69, 0x01, 0x20, 0xAD, 0xC3, 0x20,
    0xFA, 0xBF, 0xA0, 0x05, 0xB1, 0x46, 0xC9, 0x06, 0xB0, 0x05, 0xA9, 0x06,
    0x4C, 0xF1, 0xBD, 0xB1, 0x46, 0x20, 0xC1, 0xC3, 0xA9, 0x3C, 0x20, 0x0C,
    0xC3, 0xA0, 0x02, 0x20, 0x6F, 0xC4, 0xA0, 0x04, 0xB1, 0x46, 0xD0, 0x04,
    0xA9, 0x01, 0x91, 0x46, 0xA5, 0x28, 0x29, 0x80, 0xA0, 0x01, 0x91, 0x46,
    0xA9, 0x10, 0x20, 0xAD, 0xC3, 0xA0, 0x05, 0xB1, 0x46, 0x20, 0xBC, 0xBD,
    0x4C, 0x4D, 0xBE, 0xA5, 0x28, 0x29, 0x80, 0xA0, 0x00, 0x91, 0x46, 0xC8,
    0xD1, 0x46, 0xF0, 0x21, 0x88, 0xB1, 0x46, 0xC8, 0x91, 0x46, 0x88, 0xB1,
    0x46, 0xF0, 0x16, 0xA2, 0x00, 0xA9, 0x01, 0xA0, 0x02, 0x20, 0xD9, 0xC4,
    0xE0, 0x00, 0xD0, 0x09, 0xC9, 0x00, 0xD0, 0x05, 0xA9, 0xFF, 0x4C, 0xC8,
    0xC0, 0xAD, 0x00, 0x0C, 0xA0, 0x04, 0xD1, 0x46, 0xD0, 0xC9, 0xA2, 0x00,
    0xAD, 0x02, 0x0C, 0x4C, 0xC8, 0xC0, 0x20, 0xAD, 0xC3, 0xAD, 0x9C, 0x52,
    0x20, 0xAD, 0xC3, 0xA0, 0x01, 0xB1, 0x46, 0xC9, 0xF8, 0xF0, 0x04, 0xC9,
    0xD8, 0xD0, 0x0E, 0x88, 0xA2, 0x00, 0xB1, 0x46, 0xC9, 0x3D, 0xB0, 0x32,
    0xA9, 0x3D, 0x4C, 0xAA, 0xBE, 0xC8, 0xB1, 0x46, 0xC9, 0x71, 0x90, 0x24,
    0xC9, 0x79, 0xB0, 0x20, 0x88, 0xB1, 0x46, 0xC9, 0x4F, 0xF0, 0x0C, 0xC9,
    0x43, 0xF0, 0x08, 0xC9, 0x53, 0xF0, 0x04, 0xC9, 0x52, 0xD0, 0x0D, 0x88,
    0xA2, 0x00, 0xB1, 0x46, 0xC9, 0x5B, 0xB0, 0x06, 0xA9, 0x5B, 0x91, 0x46,
    0xA2, 0x00, 0xA1, 0x46, 0x4C, 0xB9, 0xC0, 0x24, 0x28, 0x10, 0xFC, 0x24,
    0x28, 0x30, 0xFC, 0xA2, 0x00, 0xA0, 0x00, 0x85, 0x24, 0xE8, 0xD0, 0x01,
    0xC8, 0x24, 0x28, 0x10, 0xF6, 0xA9, 0x00, 0xC0, 0x01, 0x90, 0x08, 0xD0,
    0x04, 0xE0, 0x0E, 0x90, 0x02, 0xA9, 0x01, 0x8D, 0x15, 0x0D, 0xA2, 0x00,
    0x60, 0xA9, 0xB5, 0x8D, 0x11, 0x0D, 0x20, 0xEE, 0xBE, 0x4C, 0x00, 0x06,
    0x20, 0xEE, 0xBE, 0x4C, 0x03, 0x06, 0x78, 0xA9, 0x7F, 0x85, 0x3C, 0xA9,
    0x00, 0x8D, 0x51, 0x04, 0x8D, 0x53, 0x04, 0x8D, 0x55, 0x04, 0x8D, 0x57,
    0x04, 0x8D, 0x81, 0x02, 0x8D, 0x83, 0x02, 0x60, 0xA2, 0x00, 0x18, 0xA0,
    0x00, 0x71, 0x46, 0xC8, 0x85, 0x56, 0x8A, 0x71, 0x46, 0xAA, 0x18, 0xA5,
    0x46, 0x69, 0x02, 0x85, 0x46, 0x90, 0x02, 0xE6, 0x47, 0xA5, 0x56, 0x60,
    0xA0, 0x00, 0x18, 0x71, 0x46, 0x91, 0x46, 0x48, 0xC8, 0x8A, 0x71, 0x46,
    0x91, 0x46, 0xAA, 0x68, 0x60, 0xC8, 0x48, 0x18, 0x98, 0x65, 0x46, 0x85,
    0x46, 0x90, 0x02, 0xE6, 0x47, 0x68, 0x60, 0xA2, 0x00, 0xA0, 0x00, 0x31,
    0x46, 0xC8, 0x48, 0x8A, 0x31, 0x46, 0xAA, 0x68, 0x4C, 0x35, 0xBF, 0x86,
    0x56, 0x0A, 0x26, 0x56, 0xA6, 0x56, 0x60, 0x86, 0x56, 0x0A, 0x26, 0x56,
    0x0A, 0x26, 0x56, 0x0A, 0x26, 0x56, 0xA6, 0x56, 0x60, 0x86, 0x56, 0x0A,
    0x26, 0x56, 0x0A, 0x26, 0x56, 0x0A, 0x26, 0x56, 0x0A, 0x26, 0x56, 0xA6,
    0x56, 0x60, 0xA0, 0xFF, 0xE0, 0x80, 0xB0, 0x02, 0xA0, 0x00, 0x84, 0x48,
    0x84, 0x49, 0x60, 0xA0, 0x00, 0xF0, 0x07, 0xA9, 0xB7, 0xA2, 0xCB, 0x4C,
    0x9D, 0x52, 0x60, 0xA9, 0xB7, 0x85, 0x4E, 0xA9, 0xCB, 0x85, 0x4F, 0xA9,
    0x92, 0x85, 0x50, 0xA9, 0x52, 0x85, 0x51, 0xA2, 0xCF, 0xA9, 0xFF, 0x85,
    0x56, 0xA0, 0x00, 0xE8, 0xF0, 0x0D, 0xB1, 0x4E, 0x91, 0x50, 0xC8, 0xD0,
    0xF6, 0xE6, 0x4F, 0xE6, 0x51, 0xD0, 0xF0, 0xE6, 0x56, 0xD0, 0xEF, 0x60,
    0x38, 0xE9, 0x01, 0xB0, 0x01, 0xCA, 0x60, 0x38, 0xE9, 0x02, 0xB0, 0x01,
    0xCA, 0x60, 0x84, 0x56, 0x38, 0xE5, 0x56, 0xB0, 0x01, 0xCA, 0x60, 0xA4,
    0x46, 0xD0, 0x02, 0xC6, 0x47, 0xC6, 0x46, 0x60, 0xA5, 0x46, 0x38, 0xE9,
    0x02, 0x85, 0x46, 0x90, 0x01, 0x60, 0xC6, 0x47, 0x60, 0xA5, 0x46, 0x38,
    0xE9, 0x03, 0x85, 0x46, 0x90, 0x01, 0x60, 0xC6, 0x47, 0x60, 0xA5, 0x46,
    0x38, 0xE9, 0x04, 0x85, 0x46, 0x90, 0x01, 0x60, 0xC6, 0x47, 0x60, 0xA5,
    0x46, 0x38, 0xE9, 0x05, 0x85, 0x46, 0x90, 0x01, 0x60, 0xC6, 0x47, 0x60,
    0xA5, 0x46, 0x38, 0xE9, 0x06, 0x85, 0x46, 0x90, 0x01, 0x60, 0xC6, 0x47,
    0x60, 0xA5, 0x46, 0x38, 0xE9, 0x07, 0x85, 0x46, 0x90, 0x01, 0x60, 0xC6,
    0x47, 0x60, 0xA5, 0x46, 0x38, 0xE9, 0x08, 0x85, 0x46, 0x90, 0x01, 0x60,
    0xC6, 0x47, 0x60, 0xA2, 0x00, 0x20, 0x04, 0xC4, 0xA6, 0x4F, 0xA5, 0x56,
    0x45, 0x57, 0x10, 0x05, 0xA5, 0x4E, 0x4C, 0x6F, 0xC3, 0xA5, 0x4E, 0x60,
    0xA2, 0x00, 0x85, 0x48, 0x86, 0x49, 0xA0, 0x00, 0xB1, 0x46, 0xAA, 0xE6,
    0x46, 0xD0, 0x02, 0xE6, 0x47, 0xB1, 0x46, 0xE6, 0x46, 0xD0, 0x02, 0xE6,
    0x47, 0x38, 0xE5, 0x49, 0xD0, 0x09, 0xE4, 0x48, 0xF0, 0x04, 0x69, 0xFF,
    0x09, 0x01, 0x60, 0x50, 0xFD, 0x49, 0xFF, 0x09, 0x01, 0x60, 0x18, 0x69,
    0x01, 0x90, 0x01, 0xE8, 0x60, 0x18, 0x69, 0x02, 0x90, 0x01, 0xE8, 0x60,
    0xA0, 0x07, 0x4C, 0x93, 0xC0, 0xA0, 0x04, 0x84, 0x56, 0x18, 0x65, 0x56,
    0x90, 0x01, 0xE8, 0x60, 0xE6, 0x46, 0xD0, 0x02, 0xE6, 0x47, 0x60, 0xA0,
    0x01, 0xB1, 0x46, 0xAA, 0x88, 0xB1, 0x46, 0xE6, 0x46, 0xF0, 0x05, 0xE6,
    0x46, 0xF0, 0x03, 0x60, 0xE6, 0x46, 0xE6, 0x47, 0x60, 0xA0, 0x03, 0x4C,
    0x36, 0xBF, 0xA0, 0x04, 0x4C, 0x36, 0xBF, 0xA0, 0x05, 0x4C, 0x36, 0xBF,
    0xA0, 0x06, 0x4C, 0x36, 0xBF, 0xA0, 0x07, 0x4C, 0x36, 0xBF, 0xA0, 0x08,
    0x4C, 0x36, 0xBF, 0x85, 0x4E, 0x86, 0x4F, 0xA0, 0x03, 0xB1, 0x46, 0x38,
    0xE5, 0x49, 0xD0, 0x22, 0x88, 0xB1, 0x46, 0xC5, 0x48, 0xD0, 0x0C, 0x88,
    0xB1, 0x46, 0xC5, 0x4F, 0xD0, 0x05, 0x88, 0xB1, 0x46, 0xC5, 0x4E, 0x08,
    0x20, 0xBE, 0xC0, 0x28, 0xF0, 0x04, 0xB0, 0x03, 0xA9, 0xFF, 0x60, 0xA9,
    0x01, 0x60, 0x50, 0x04, 0x49, 0xFF, 0x09, 0x01, 0x08, 0x20, 0xBE, 0xC0,
    0x28, 0x60, 0xA0, 0x01, 0xB1, 0x46, 0xAA, 0x88, 0xB1, 0x46, 0x60, 0xA0,
    0x03, 0xB1, 0x46, 0x85, 0x49, 0x88, 0xB1, 0x46, 0x85, 0x48, 0x88, 0xB1,
    0x46, 0xAA, 0x88, 0xB1, 0x46, 0x60, 0xA2, 0x00, 0x18, 0x65, 0x46, 0x48,
    0x8A, 0x65, 0x47, 0xAA, 0x68, 0x60, 0x20, 0xD7, 0xC0, 0x4C, 0x44, 0xC2,
    0x20, 0xD7, 0xC0, 0x4C, 0x3E, 0xC2, 0x18, 0x49, 0xFF, 0x69, 0x01, 0x48,
    0x8A, 0x49, 0xFF, 0x69, 0x00, 0xAA, 0xA5, 0x48, 0x49, 0xFF, 0x69, 0x00,
    0x85, 0x48, 0xA5, 0x49, 0x49, 0xFF, 0x69, 0x00, 0x85, 0x49, 0x68, 0x60,
    0xA0, 0x00, 0x84, 0x48, 0x84, 0x49, 0xA0, 0x00, 0x11, 0x46, 0xC8, 0x85,
    0x56, 0x8A, 0x11, 0x46, 0xAA, 0xC8, 0xA5, 0x48, 0x11, 0x46, 0x85, 0x48,
    0xC8, 0xA5, 0x49, 0x11, 0x46, 0x85, 0x49, 0xA5, 0x56, 0x4C, 0x35, 0xBF,
    0xA9, 0x00, 0xAA, 0xA0, 0x00, 0x84, 0x48, 0x84, 0x49, 0x48, 0x20, 0xFA,
    0xBF, 0xA0, 0x03, 0xA5, 0x49, 0x91, 0x46, 0x88, 0xA5, 0x48, 0x91, 0x46,
    0x88, 0x8A, 0x91, 0x46, 0x68, 0x88, 0x91, 0x46, 0x60, 0x85, 0x56, 0x20,
    0xA3, 0xC0, 0x85, 0x50, 0x86, 0x51, 0x85, 0x52, 0x86, 0x53, 0x20, 0x9B,
    0xC3, 0x20, 0xA3, 0xC0, 0x85, 0x48, 0x86, 0x49, 0x60, 0x20, 0xA9, 0xC1,
    0xA6, 0x49, 0xA4, 0x56, 0xC0, 0x0A, 0xD0, 0x39, 0xA5, 0x48, 0x05, 0x4F,
    0x05, 0x4E, 0xD0, 0x11, 0xE0, 0x80, 0xD0, 0x0D, 0xA0, 0x0B, 0xB9, 0xAB,
    0xCB, 0x91, 0x50, 0x88, 0x10, 0xF8, 0x4C, 0x39, 0xC2, 0x8A, 0x10, 0x1D,
    0xA9, 0x2D, 0xA0, 0x00, 0x91, 0x50, 0xE6, 0x50, 0xD0, 0x02, 0xE6, 0x51,
    0xA5, 0x4E, 0xA6, 0x4F, 0x20, 0x46, 0xC1, 0x85, 0x4E, 0x86, 0x4F, 0x4C,
    0x05, 0xC2, 0x20, 0xA9, 0xC1, 0xA9, 0x00, 0x48, 0xA0, 0x20, 0xA9, 0x00,
    0x06, 0x4E, 0x26, 0x4F, 0x26, 0x48, 0x26, 0x49, 0x2A, 0xC5, 0x56, 0x90,
    0x04, 0xE5, 0x56, 0xE6, 0x4E, 0x88, 0xD0, 0xEC, 0xA8, 0xB9, 0x9B, 0xCB,
    0x48, 0xA5, 0x4E, 0x05, 0x4F, 0x05, 0x48, 0x05, 0x49, 0xD0, 0xD9, 0xA0,
    0x00, 0x68, 0x91, 0x50, 0xF0, 0x03, 0xC8, 0xD0, 0xF8, 0xA5, 0x52, 0xA6,
    0x53, 0x60, 0xD0, 0x06, 0xA2, 0x00, 0x8A, 0x60, 0xD0, 0xFA, 0xA2, 0x00,
    0xA9, 0x01, 0x60, 0xF0, 0xF9, 0x30, 0xF7, 0xA2, 0x00, 0x8A, 0x60, 0xF0,
    0x02, 0x10, 0xEF, 0xA2, 0x00, 0x8A, 0x60, 0xF0, 0xE9, 0x90, 0xE7, 0xA2,
    0x00, 0x8A, 0x60, 0xF0, 0xDB, 0xA2, 0x00, 0x8A, 0x2A, 0x60, 0x85, 0x52,
    0x86, 0x53, 0xA2, 0x00, 0xF0, 0x08, 0x85, 0x52, 0x86, 0x53, 0x20, 0xA3,
    0xC0, 0xAA, 0xA0, 0x01, 0xB1, 0x46, 0x85, 0x4F, 0x88, 0xB1, 0x46, 0x85,
    0x4E, 0x46, 0x53, 0x66, 0x52, 0x90, 0x09, 0x8A, 0x91, 0x4E, 0xE6, 0x4E,
    0xD0, 0x02, 0xE6, 0x4F, 0xA5, 0x4E, 0x18, 0x65, 0x52, 0x85, 0x50, 0xA5,
    0x4F, 0x65, 0x53, 0x85, 0x51, 0x8A, 0xA6, 0x53, 0xF0, 0x13, 0x91, 0x4E,
    0x91, 0x50, 0xC8, 0x91, 0x4E, 0x91, 0x50, 0xC8, 0xD0, 0xF4, 0xE6, 0x4F,
    0xE6, 0x51, 0xCA, 0xD0, 0xED, 0xA4, 0x52, 0xF0, 0x07, 0x88, 0x91, 0x4E,
    0x91, 0x50, 0xD0, 0xF9, 0x4C, 0xA3, 0xC0, 0x85, 0x54, 0x8A, 0xF0, 0x2E,
    0x86, 0x55, 0x20, 0x9B, 0xC3, 0x98, 0xA4, 0x4F, 0xF0, 0x27, 0x85, 0x56,
    0xA0, 0x10, 0x46, 0x55, 0x66, 0x54, 0x90, 0x0B, 0x18, 0x65, 0x4E, 0xAA,
    0xA5, 0x4F, 0x65, 0x56, 0x85, 0x56, 0x8A, 0x66, 0x56, 0x6A, 0x66, 0x55,
    0x66, 0x54, 0x88, 0xD0, 0xE9, 0xA5, 0x54, 0xA6, 0x55, 0x60, 0x4C, 0x0E,
    0xC3, 0x86, 0x4F, 0xA4, 0x4E, 0xA6, 0x54, 0x86, 0x4E, 0x84, 0x54, 0xA0,
    0x08, 0x4C, 0x18, 0xC3, 0x85, 0x54, 0x20, 0x9B, 0xC3, 0x98, 0xA0, 0x08,
    0xA6, 0x4F, 0xF0, 0x1D, 0x85, 0x55, 0x46, 0x54, 0x90, 0x0B, 0x18, 0x65,
    0x4E, 0xAA, 0xA5, 0x4F, 0x65, 0x55, 0x85, 0x55, 0x8A, 0x66, 0x55, 0x6A,
    0x66, 0x54, 0x88, 0xD0, 0xEB, 0xAA, 0xA5, 0x54, 0x60, 0x46, 0x54, 0x90,
    0x03, 0x18, 0x65, 0x4E, 0x6A, 0x66, 0x54, 0x88, 0xD0, 0xF5, 0xAA, 0xA5,
    0x54, 0x60, 0x85, 0x4E, 0x86, 0x4F, 0x0A, 0x26, 0x4F, 0x18, 0x65, 0x4E,
    0x48, 0x8A, 0x65, 0x4F, 0xAA, 0x68, 0x60, 0x85, 0x4E, 0x86, 0x4F, 0x0A,
    0x26, 0x4F, 0x0A, 0x26, 0x4F, 0x18, 0x65, 0x4E, 0x48, 0x8A, 0x65, 0x4F,
    0xAA, 0x68, 0x60, 0xE0, 0x00, 0x10, 0x0D, 0x18, 0x49, 0xFF, 0x69, 0x01,
    0x48, 0x8A, 0x49, 0xFF, 0x69, 0x00, 0xAA, 0x68, 0x60, 0xA2, 0x00, 0xA0,
    0x00, 0x11, 0x46, 0xC8, 0x85, 0x56, 0x8A, 0x11, 0x46, 0xAA, 0xA5, 0x56,
    0x4C, 0x35, 0xBF, 0xA0, 0x00, 0xB1, 0x46, 0xE6, 0x46, 0xF0, 0x01, 0x60,
    0xE6, 0x47, 0x60, 0xA0, 0x01, 0xB1, 0x46, 0x85, 0x4F, 0x88, 0xB1, 0x46,
    0x85, 0x4E, 0x4C, 0xAB, 0xC0, 0xA0, 0x00, 0xB1, 0x46, 0xA4, 0x46, 0xF0,
    0x07, 0xC6, 0x46, 0xA0, 0x00, 0x91, 0x46, 0x60, 0xC6, 0x47, 0xC6, 0x46,
    0x91, 0x46, 0x60, 0xA9, 0x00, 0xA2, 0x00, 0x48, 0xA5, 0x46, 0x38, 0xE9,
    0x02, 0x85, 0x46, 0xB0, 0x02, 0xC6, 0x47, 0xA0, 0x01, 0x8A, 0x91, 0x46,
    0x68, 0x88, 0x91, 0x46, 0x60, 0xA0, 0x01, 0x85, 0x4E, 0x86, 0x4F, 0xB1,
    0x4E, 0xAA, 0x88, 0xB1, 0x4E, 0x4C, 0xC3, 0xC3, 0xA0, 0x03, 0xA5, 0x46,
    0x38, 0xE9, 0x02, 0x85, 0x46, 0xB0, 0x02, 0xC6, 0x47, 0xB1, 0x46, 0xAA,
    0x88, 0xB1, 0x46, 0xA0, 0x00, 0x91, 0x46, 0xC8, 0x8A, 0x91, 0x46, 0x60,
    0x86, 0x57, 0xE0, 0x00, 0x10, 0x03, 0x20, 0x6F, 0xC3, 0x85, 0x54, 0x86,
    0x55, 0x20, 0xA3, 0xC0, 0x86, 0x56, 0xE0, 0x00, 0x10, 0x03, 0x20, 0x6F,
    0xC3, 0x85, 0x4E, 0x86, 0x4F, 0x4C, 0x0A, 0xC5, 0x85, 0x56, 0x20, 0xA3,
    0xC0, 0xA4, 0x56, 0x48, 0x98, 0x29, 0x0F, 0xF0, 0x10, 0x38, 0xE9, 0x08,
    0xF0, 0x0D, 0x90, 0x10, 0xA8, 0x68, 0x0A, 0x88, 0xD0, 0xFC, 0xAA, 0x98,
    0x60, 0x68, 0x60, 0x68, 0xAA, 0xA9, 0x00, 0x60, 0x69, 0x08, 0xA8, 0x68,
    0x86, 0x56, 0x0A, 0x26, 0x56, 0x88, 0xD0, 0xFA, 0xA6, 0x56, 0x60, 0x48,
    0x84, 0x56, 0xA0, 0x01, 0xB1, 0x46, 0x85, 0x4F, 0x88, 0xB1, 0x46, 0x85,
    0x4E, 0xA4, 0x56, 0x68, 0x91, 0x4E, 0x4C, 0xAB, 0xC0, 0xA0, 0x00, 0x91,
    0x46, 0xC8, 0x48, 0x8A, 0x91, 0x46, 0x68, 0x60, 0xA0, 0x00, 0x91, 0x46,
    0xC8, 0x48, 0x8A, 0x91, 0x46, 0xC8, 0xA5, 0x48, 0x91, 0x46, 0xC8, 0xA5,
    0x49, 0x91, 0x46, 0x68, 0x60, 0x85, 0x4E, 0x86, 0x4F, 0x20, 0xA3, 0xC0,
    0x85, 0x50, 0x86, 0x51, 0xA0, 0x00, 0xB1, 0x4E, 0x91, 0x50, 0xF0, 0x09,
    0xC8, 0xD0, 0xF7, 0xE6, 0x4F, 0xE6, 0x51, 0xD0, 0xF1, 0xA5, 0x50, 0x60,
    0x85, 0x54, 0x86, 0x55, 0xA2, 0x00, 0xA0, 0x00, 0xB1, 0x54, 0xF0, 0x08,
    0xC8, 0xD0, 0xF9, 0xE6, 0x55, 0xE8, 0xD0, 0xF4, 0x98, 0x60, 0xA2, 0x00,
    0x38, 0x49, 0xFF, 0xA0, 0x00, 0x71, 0x46, 0xC8, 0x48, 0x8A, 0x49, 0xFF,
    0x71, 0x46, 0xAA, 0x68, 0x4C, 0x35, 0xBF, 0xA0, 0x00, 0x38, 0x49, 0xFF,
    0x71, 0x46, 0x91, 0x46, 0x48, 0xC8, 0x8A, 0x49, 0xFF, 0x71, 0x46, 0x91,
    0x46, 0xAA, 0x68, 0x60, 0x98, 0x49, 0xFF, 0x38, 0x65, 0x46, 0x85, 0x46,
    0xB0, 0x02, 0xC6, 0x47, 0x60, 0xA2, 0x00, 0x85, 0x54, 0x86, 0x55, 0x20,
    0x9B, 0xC3, 0x20, 0x0A, 0xC5, 0xA5, 0x4E, 0xA6, 0x4F, 0x60, 0xA9, 0x00,
    0x85, 0x49, 0xA0, 0x10, 0xA6, 0x55, 0xF0, 0x1F, 0x06, 0x4E, 0x26, 0x4F,
    0x2A, 0x26, 0x49, 0xAA, 0xC5, 0x54, 0xA5, 0x49, 0xE5, 0x55, 0x90, 0x08,
    0x85, 0x49, 0x8A, 0xE5, 0x54, 0xAA, 0xE6, 0x4E, 0x8A, 0x88, 0xD0, 0xE4,
    0x85, 0x48, 0x60, 0x06, 0x4E, 0x26, 0x4F, 0x2A, 0xB0, 0x04, 0xC5, 0x54,
    0x90, 0x04, 0xE5, 0x54, 0xE6, 0x4E, 0x88, 0xD0, 0xEE, 0x85, 0x48, 0x60,
    0xA2, 0x00, 0x85, 0x54, 0x86, 0x55, 0x20, 0x9B, 0xC3, 0x20, 0x0A, 0xC5,
    0xA5, 0x48, 0xA6, 0x49, 0x60, 0xA9, 0xC2, 0x85, 0x4E, 0xA9, 0x52, 0x85,
    0x4F, 0xA9, 0x00, 0xA8, 0xA2, 0x01, 0xF0, 0x0A, 0x91, 0x4E, 0xC8, 0xD0,
    0xFB, 0xE6, 0x4F, 0xCA, 0xD0, 0xF6, 0xC0, 0x9C, 0xF0, 0x05, 0x91, 0x4E,
    0xC8, 0xD0, 0xF7, 0x60, 0xA0, 0x01, 0xB1, 0x46, 0x85, 0x4F, 0x88, 0xB1,
    0x46, 0x85, 0x4E, 0x60, 0x28, 0x43, 0x29, 0x20, 0x46, 0x55, 0x4A, 0x49,
    0x4E, 0x45, 0x54, 0x20, 0x50, 0x52, 0x4F, 0x4A, 0x45, 0x43, 0x54, 0x00,
    0x46, 0x4F, 0x52, 0x20, 0x54, 0x48, 0x45, 0x20, 0x41, 0x54, 0x41, 0x52,
    0x49, 0x20, 0x37, 0x38, 0x30, 0x30, 0x00, 0x3F, 0x4E, 0x4F, 0x20, 0x46,
    0x55, 0x4A, 0x49, 0x4E, 0x45, 0x54, 0x20, 0x43, 0x41, 0x52, 0x54, 0x00,
    0x20, 0x45, 0x52, 0x52, 0x4F, 0x52, 0x20, 0x00, 0x4F, 0x4B, 0x00, 0x3F,
    0x00, 0x46, 0x55, 0x4A, 0x49, 0x4E, 0x45, 0x54, 0x20, 0x43, 0x4F, 0x4E,
    0x46, 0x49, 0x47, 0x00, 0x31, 0x2D, 0x2D, 0x53, 0x45, 0x4C, 0x45, 0x43,
    0x54, 0x20, 0x20, 0x50, 0x41, 0x55, 0x53, 0x45, 0x2D, 0x2D, 0x52, 0x45,
    0x53, 0x43, 0x41, 0x4E, 0x00, 0x50, 0x4C, 0x45, 0x41, 0x53, 0x45, 0x20,
    0x57, 0x41, 0x49, 0x54, 0x20, 0x20, 0x32, 0x2D, 0x2D, 0x43, 0x41, 0x4E,
    0x43, 0x45, 0x4C, 0x00, 0x4F, 0x54, 0x48, 0x45, 0x52, 0x20, 0x28, 0x54,
    0x59, 0x50, 0x45, 0x20, 0x41, 0x4E, 0x20, 0x53, 0x53, 0x49, 0x44, 0x29,
    0x00, 0x3F, 0x4E, 0x4F, 0x20, 0x53, 0x53, 0x49, 0x44, 0x20, 0x41, 0x56,
    0x41, 0x49, 0x4C, 0x41, 0x42, 0x4C, 0x45, 0x00, 0x3F, 0x55, 0x4E, 0x41,
    0x42, 0x4C, 0x45, 0x20, 0x54, 0x4F, 0x20, 0x43, 0x4F, 0x4E, 0x4E, 0x45,
    0x43, 0x54, 0x00, 0x3F, 0x43, 0x4F, 0x4E, 0x4E, 0x45, 0x43, 0x54, 0x49,
    0x4F, 0x4E, 0x20, 0x4C, 0x4F, 0x53, 0x54, 0x00, 0x3F, 0x43, 0x4F, 0x4E,
    0x4E, 0x45, 0x43, 0x54, 0x20, 0x46, 0x41, 0x49, 0x4C, 0x45, 0x44, 0x00,
    0x53, 0x45, 0x54, 0x54, 0x49, 0x4E, 0x47, 0x20, 0x53, 0x53, 0x49, 0x44,
    0x2E, 0x2E, 0x2E, 0x00, 0x4A, 0x4F, 0x49, 0x4E, 0x49, 0x4E, 0x47, 0x20,
    0x4E, 0x45, 0x54, 0x57, 0x4F, 0x52, 0x4B, 0x00, 0x53, 0x45, 0x4C, 0x45,
    0x43, 0x54, 0x20, 0x4E, 0x45, 0x54, 0x57, 0x4F, 0x52, 0x4B, 0x00, 0x53,
    0x43, 0x41, 0x4E, 0x4E, 0x49, 0x4E, 0x47, 0x2E, 0x2E, 0x2E, 0x00, 0x43,
    0x4F, 0x4E, 0x4E, 0x45, 0x43, 0x54, 0x45, 0x44, 0x00, 0x50, 0x41, 0x53,
    0x53, 0x57, 0x4F, 0x52, 0x44, 0x00, 0x32, 0x2D, 0x2D, 0x48, 0x4F, 0x53,
    0x54, 0x53, 0x00, 0x53, 0x53, 0x49, 0x44, 0x00, 0x4F, 0x4B, 0x00, 0x2D,
    0x00, 0x20, 0x00, 0x3F, 0x45, 0x4D, 0x50, 0x54, 0x59, 0x20, 0x53, 0x4C,
    0x4F, 0x54, 0x20, 0x20, 0x53, 0x45, 0x4C, 0x2D, 0x2D, 0x52, 0x45, 0x4E,
    0x41, 0x4D, 0x45, 0x00, 0x32, 0x2D, 0x2D, 0x57, 0x49, 0x46, 0x49, 0x20,
    0x20, 0x50, 0x41, 0x55, 0x53, 0x45, 0x2D, 0x2D, 0x49, 0x4E, 0x46, 0x4F,
    0x00, 0x31, 0x2D, 0x2D, 0x4F, 0x50, 0x45, 0x4E, 0x20, 0x20, 0x53, 0x45,
    0x4C, 0x2D, 0x2D, 0x52, 0x45, 0x4E, 0x41, 0x4D, 0x45, 0x00, 0x31, 0x2D,
    0x2D, 0x50, 0x49, 0x43, 0x4B, 0x20, 0x44, 0x45, 0x53, 0x54, 0x49, 0x4E,
    0x41, 0x54, 0x49, 0x4F, 0x4E, 0x00, 0x43, 0x4F, 0x50, 0x59, 0x20, 0x54,
    0x4F, 0x20, 0x57, 0x48, 0x49, 0x43, 0x48, 0x20, 0x48, 0x4F, 0x53, 0x54,
    0x3F, 0x00, 0x4D, 0x4F, 0x55, 0x4E, 0x54, 0x49, 0x4E, 0x47, 0x20, 0x48,
    0x4F, 0x53, 0x54, 0x2E, 0x2E, 0x2E, 0x00, 0x50, 0x4C, 0x41, 0x59, 0x20,
    0x47, 0x41, 0x4D, 0x45, 0x20, 0x4C, 0x4F, 0x42, 0x42, 0x59, 0x00, 0x32,
    0x2D, 0x2D, 0x43, 0x41, 0x4E, 0x43, 0x45, 0x4C, 0x20, 0x43, 0x4F, 0x50,
    0x59, 0x00, 0x3F, 0x45, 0x4D, 0x50, 0x54, 0x59, 0x20, 0x53, 0x4C, 0x4F,
    0x54, 0x00, 0x48, 0x4F, 0x53, 0x54, 0x20, 0x53, 0x4C, 0x4F, 0x54, 0x53,
    0x00, 0x48, 0x4F, 0x53, 0x54, 0x20, 0x4E, 0x41, 0x4D, 0x45, 0x00, 0x28,
    0x45, 0x4D, 0x50, 0x54, 0x59, 0x29, 0x00, 0x48, 0x4F, 0x53, 0x54, 0x53,
    0x00, 0x57, 0x52, 0x49, 0x54, 0x45, 0x00, 0x4F, 0x50, 0x45, 0x4E, 0x00,
    0x48, 0x4F, 0x53, 0x54, 0x00, 0x31, 0x2D, 0x2D, 0x4F, 0x50, 0x45, 0x4E,
    0x20, 0x44, 0x49, 0x52, 0x20, 0x32, 0x2D, 0x2D, 0x42, 0x41, 0x43, 0x4B,
    0x20, 0x3C, 0x3E, 0x2D, 0x2D, 0x50, 0x41, 0x47, 0x45, 0x00, 0x31, 0x2D,
    0x2D, 0x4F, 0x50, 0x45, 0x4E, 0x20, 0x32, 0x2D, 0x2D, 0x42, 0x41, 0x43,
    0x4B, 0x20, 0x53, 0x45, 0x4C, 0x2D, 0x2D, 0x46, 0x49, 0x4C, 0x54, 0x45,
    0x52, 0x00, 0x3C, 0x3E, 0x2D, 0x2D, 0x50, 0x41, 0x47, 0x45, 0x20, 0x20,
    0x50, 0x41, 0x55, 0x53, 0x45, 0x2D, 0x2D, 0x43, 0x4F, 0x50, 0x59, 0x00,
    0x50, 0x41, 0x55, 0x53, 0x45, 0x2D, 0x2D, 0x43, 0x4F, 0x50, 0x59, 0x20,
    0x48, 0x45, 0x52, 0x45, 0x00, 0x3F, 0x50, 0x41, 0x54, 0x48, 0x20, 0x54,
    0x4F, 0x4F, 0x20, 0x4C, 0x4F, 0x4E, 0x47, 0x00, 0x28, 0x4E, 0x4F, 0x20,
    0x4D, 0x41, 0x54, 0x43, 0x48, 0x45, 0x53, 0x29, 0x00, 0x52, 0x45, 0x41,
    0x44, 0x49, 0x4E, 0x47, 0x2E, 0x2E, 0x2E, 0x00, 0x28, 0x45, 0x4D, 0x50,
    0x54, 0x59, 0x29, 0x00, 0x48, 0x4F, 0x53, 0x54, 0x20, 0x31, 0x00, 0x52,
    0x45, 0x41, 0x44, 0x00, 0x4F, 0x50, 0x45, 0x4E, 0x00, 0x53, 0x45, 0x45,
    0x4B, 0x00, 0x4E, 0x41, 0x4D, 0x45, 0x00, 0x3F, 0x43, 0x41, 0x4E, 0x4E,
    0x4F, 0x54, 0x20, 0x43, 0x4F, 0x50, 0x59, 0x20, 0x41, 0x20, 0x46, 0x4F,
    0x4C, 0x44, 0x45, 0x52, 0x00, 0x3F, 0x50, 0x41, 0x54, 0x48, 0x20, 0x54,
    0x4F, 0x4F, 0x20, 0x4C, 0x4F, 0x4E, 0x47, 0x00, 0x43, 0x4F, 0x50, 0x59,
    0x49, 0x4E, 0x47, 0x2E, 0x2E, 0x2E, 0x00, 0x52, 0x45, 0x41, 0x44, 0x49,
    0x4E, 0x47, 0x2E, 0x2E, 0x2E, 0x00, 0x43, 0x4F, 0x50, 0x49, 0x45, 0x44,
    0x00, 0x52, 0x45, 0x41, 0x44, 0x00, 0x43, 0x4F, 0x50, 0x59, 0x00, 0x4F,
    0x50, 0x45, 0x4E, 0x00, 0x4E, 0x41, 0x4D, 0x45, 0x00, 0x53, 0x45, 0x4C,
    0x2D, 0x2D, 0x48, 0x49, 0x47, 0x48, 0x20, 0x53, 0x43, 0x4F, 0x52, 0x45,
    0x20, 0x43, 0x41, 0x52, 0x54, 0x00, 0x4E, 0x4F, 0x54, 0x20, 0x49, 0x4E,
    0x53, 0x54, 0x41, 0x4C, 0x4C, 0x45, 0x44, 0x00, 0x41, 0x44, 0x41, 0x50,
    0x54, 0x45, 0x52, 0x20, 0x49, 0x4E, 0x46, 0x4F, 0x00, 0x52, 0x45, 0x41,
    0x44, 0x49, 0x4E, 0x47, 0x2E, 0x2E, 0x2E, 0x00, 0x31, 0x2C, 0x32, 0x2D,
    0x2D, 0x42, 0x41, 0x43, 0x4B, 0x00, 0x55, 0x4E, 0x4C, 0x4F, 0x43, 0x4B,
    0x45, 0x44, 0x00, 0x49, 0x4E, 0x50, 0x54, 0x43, 0x54, 0x52, 0x4C, 0x00,
    0x4E, 0x45, 0x54, 0x4D, 0x41, 0x53, 0x4B, 0x00, 0x56, 0x45, 0x52, 0x53,
    0x49, 0x4F, 0x4E, 0x00, 0x47, 0x41, 0x54, 0x45, 0x57, 0x41, 0x59, 0x00,
    0x53, 0x41, 0x56, 0x49, 0x4E, 0x47, 0x00, 0x53, 0x41, 0x56, 0x45, 0x44,
    0x00, 0x42, 0x53, 0x53, 0x49, 0x44, 0x00, 0x4E, 0x54, 0x53, 0x43, 0x00,
    0x48, 0x4F, 0x53, 0x54, 0x00, 0x4F, 0x46, 0x46, 0x00, 0x50, 0x41, 0x4C,
    0x00, 0x48, 0x53, 0x43, 0x00, 0x4D, 0x41, 0x43, 0x00, 0x44, 0x4E, 0x53,
    0x00, 0x54, 0x56, 0x00, 0x49, 0x50, 0x00, 0x24, 0x00, 0x48, 0x49, 0x47,
    0x48, 0x20, 0x53, 0x43, 0x4F, 0x52, 0x45, 0x20, 0x43, 0x41, 0x52, 0x54,
    0x20, 0x52, 0x4F, 0x4D, 0x20, 0x32, 0x2D, 0x2D, 0x42, 0x41, 0x43, 0x4B,
    0x00, 0x31, 0x2D, 0x2D, 0x55, 0x53, 0x45, 0x20, 0x41, 0x53, 0x20, 0x48,
    0x49, 0x47, 0x48, 0x20, 0x53, 0x43, 0x4F, 0x52, 0x45, 0x20, 0x43, 0x41,
    0x52, 0x54, 0x00, 0x48, 0x49, 0x47, 0x48, 0x20, 0x53, 0x43, 0x4F, 0x52,
    0x45, 0x20, 0x43, 0x41, 0x52, 0x54, 0x20, 0x49, 0x4E, 0x53, 0x54, 0x41,
    0x4C, 0x4C, 0x45, 0x44, 0x00, 0x45, 0x56, 0x45, 0x52, 0x59, 0x20, 0x47,
    0x41, 0x4D, 0x45, 0x20, 0x47, 0x45, 0x54, 0x53, 0x20, 0x49, 0x54, 0x20,
    0x4E, 0x4F, 0x57, 0x00, 0x53, 0x45, 0x54, 0x54, 0x49, 0x4E, 0x47, 0x20,
    0x50, 0x41, 0x54, 0x48, 0x2E, 0x2E, 0x2E, 0x00, 0x3F, 0x4C, 0x4F, 0x41,
    0x44, 0x20, 0x45, 0x52, 0x52, 0x4F, 0x52, 0x00, 0x4C, 0x4F, 0x41, 0x44,
    0x49, 0x4E, 0x47, 0x2E, 0x2E, 0x2E, 0x00, 0x46, 0x52, 0x4F, 0x4D, 0x20,
    0x48, 0x4F, 0x53, 0x54, 0x00, 0x42, 0x4F, 0x4F, 0x54, 0x49, 0x4E, 0x47,
    0x00, 0x4C, 0x4F, 0x41, 0x44, 0x49, 0x4E, 0x47, 0x00, 0x20, 0x42, 0x59,
    0x54, 0x45, 0x53, 0x00, 0x4D, 0x4F, 0x55, 0x4E, 0x54, 0x00, 0x50, 0x41,
    0x54, 0x48, 0x00, 0x20, 0x20, 0x20, 0x20, 0x00, 0x4F, 0x4B, 0x00, 0x25,
    0x00, 0x2F, 0x00, 0x65, 0x63, 0x2E, 0x74, 0x6E, 0x66, 0x73, 0x2E, 0x69,
    0x6F, 0x00, 0x46, 0x49, 0x4E, 0x44, 0x49, 0x4E, 0x47, 0x20, 0x4C, 0x4F,
    0x42, 0x42, 0x59, 0x20, 0x48, 0x4F, 0x53, 0x54, 0x2E, 0x2E, 0x2E, 0x00,
    0x2F, 0x61, 0x74, 0x61, 0x72, 0x69, 0x37, 0x38, 0x30, 0x30, 0x2F, 0x6C,
    0x6F, 0x62, 0x62, 0x79, 0x2E, 0x61, 0x37, 0x38, 0x00, 0x41, 0x44, 0x44,
    0x49, 0x4E, 0x47, 0x20, 0x4C, 0x4F, 0x42, 0x42, 0x59, 0x20, 0x48, 0x4F,
    0x53, 0x54, 0x2E, 0x2E, 0x2E, 0x00, 0x4D, 0x4F, 0x55, 0x4E, 0x54, 0x49,
    0x4E, 0x47, 0x20, 0x48, 0x4F, 0x53, 0x54, 0x2E, 0x2E, 0x2E, 0x00, 0x53,
    0x45, 0x54, 0x54, 0x49, 0x4E, 0x47, 0x20, 0x50, 0x41, 0x54, 0x48, 0x2E,
    0x2E, 0x2E, 0x00, 0x47, 0x41, 0x4D, 0x45, 0x20, 0x4C, 0x4F, 0x42, 0x42,
    0x59, 0x00, 0x57, 0x52, 0x49, 0x54, 0x45, 0x00, 0x48, 0x4F, 0x53, 0x54,
    0x53, 0x00, 0x50, 0x41, 0x54, 0x48, 0x00, 0x48, 0x4F, 0x53, 0x54, 0x00,
    0x30, 0x31, 0x32, 0x33, 0x34, 0x35, 0x36, 0x37, 0x38, 0x39, 0x41, 0x42,
    0x43, 0x44, 0x45, 0x46, 0x00, 0x07, 0x0C, 0x10, 0x14, 0x17, 0x50, 0x41,
    0x55, 0x53, 0x45, 0x2D, 0x2D, 0x4F, 0x4B, 0x20, 0x20, 0x45, 0x53, 0x43,
    0x20, 0x43, 0x45, 0x4C, 0x4C, 0x2D, 0x2D, 0x43, 0x41, 0x4E, 0x43, 0x45,
    0x4C, 0x00, 0x31, 0x2D, 0x2D, 0x50, 0x49, 0x43, 0x4B, 0x20, 0x20, 0x32,
    0x2D, 0x2D, 0x44, 0x45, 0x4C, 0x20, 0x20, 0x53, 0x45, 0x4C, 0x2D, 0x2D,
    0x43, 0x41, 0x53, 0x45, 0x00, 0x4B, 0x45, 0x59, 0x42, 0x4F, 0x41, 0x52,
    0x44, 0x00, 0x53, 0x50, 0x43, 0x00, 0x44, 0x45, 0x4C, 0x00, 0x45, 0x53,
    0x43, 0x00, 0x4F, 0x4B, 0x00, 0x3F, 0x00, 0x3C, 0x2F, 0x28, 0x1E, 0x0F,
    0x06, 0x00, 0x00, 0x0F, 0x0F, 0x0F, 0x01, 0x00, 0x20, 0x40, 0x60, 0x80,
    0xA0, 0xC0, 0xE0, 0x00, 0x20, 0x40, 0x60, 0x80, 0xA0, 0xC0, 0xE0, 0x00,
    0x20, 0x40, 0x60, 0x80, 0xA0, 0xC0, 0xE0, 0x40, 0x40, 0x40, 0x40, 0x40,
    0x40, 0x40, 0x40, 0x41, 0x41, 0x41, 0x41, 0x41, 0x41, 0x41, 0x41, 0x42,
    0x42, 0x42, 0x42, 0x42, 0x42, 0x42, 0x42, 0x00, 0x80, 0x00, 0x80, 0x00,
    0x80, 0x00, 0x80, 0x00, 0x80, 0x00, 0x80, 0x00, 0x80, 0x00, 0x80, 0x00,
    0x80, 0x00, 0x80, 0x00, 0x80, 0x00, 0x80, 0x46, 0x46, 0x47, 0x47, 0x48,
    0x48, 0x49, 0x49, 0x4A, 0x4A, 0x4B, 0x4B, 0x4C, 0x4C, 0x4D, 0x4D, 0x4E,
    0x4E, 0x4F, 0x4F, 0x50, 0x50, 0x51, 0x51, 0x0E, 0x11, 0x14, 0x17, 0x1A,
    0x1D, 0x20, 0x23, 0x26, 0x29, 0x2C, 0x2F, 0x32, 0x35, 0x38, 0x3B, 0x3E,
    0x41, 0x44, 0x47, 0x4A, 0x4D, 0x50, 0x53, 0x00, 0x01, 0x02, 0x03, 0x04,
    0x02, 0x04, 0x04, 0x00, 0x01, 0x02, 0x03, 0x04, 0x01, 0x02, 0x01, 0x30,
    0x31, 0x32, 0x33, 0x34, 0x35, 0x36, 0x37, 0x38, 0x39, 0x41, 0x42, 0x43,
    0x44, 0x45, 0x46, 0x2D, 0x32, 0x31, 0x34, 0x37, 0x34, 0x38, 0x33, 0x36,
    0x34, 0x38, 0x00, 0xE8, 0xCA, 0xF6, 0xCA, 0xFA, 0xCA, 0x02, 0xCB, 0xFE,
    0xCA, 0x0F, 0x8D, 0xAB, 0x52, 0x8E, 0xAC, 0x52, 0x8D, 0xB2, 0x52, 0x8E,
    0xB3, 0x52, 0x88, 0xB9, 0xFF, 0xFF, 0x8D, 0xBC, 0x52, 0x88, 0xB9, 0xFF,
    0xFF, 0x8D, 0xBB, 0x52, 0x8C, 0xBE, 0x52, 0x20, 0xFF, 0xFF, 0xA0, 0xFF,
    0xD0, 0xE8, 0x60, 0xFF, 0xFF, 0xFF, 0xFF, 0xFF, 0xFF, 0xFF, 0xFF, 0xFF,
    0xFF, 0xFF, 0xFF, 0xFF, 0xFF, 0xFF, 0xFF, 0xFF, 0xFF, 0xFF, 0xFF, 0xFF,
    0xFF, 0xFF, 0xFF, 0xFF, 0xFF, 0xFF, 0xFF, 0xFF, 0xFF, 0xFF, 0xFF, 0xFF,
    0xFF, 0xFF, 0xFF, 0xFF, 0xFF, 0xFF, 0xFF, 0xFF, 0xFF, 0xFF, 0xFF, 0xFF,
    0xFF, 0xFF, 0xFF, 0xFF, 0xFF, 0xFF, 0xFF, 0xFF, 0xFF, 0xFF, 0xFF, 0xFF,
    0xFF, 0xFF, 0xFF, 0xFF, 0xFF, 0xFF, 0xFF, 0xFF, 0xFF, 0xFF, 0xFF, 0xFF,
    0xFF, 0xFF, 0xFF, 0xFF, 0xFF, 0xFF, 0xFF, 0xFF, 0xFF, 0xFF, 0xFF, 0xFF,
    0xFF, 0xFF, 0xFF, 0xFF, 0xFF, 0xFF, 0xFF, 0xFF, 0xFF, 0xFF, 0xFF, 0xFF,
    0xFF, 0xFF, 0xFF, 0xFF, 0xFF, 0xFF, 0xFF, 0xFF, 0xFF, 0xFF, 0xFF, 0xFF,
    0xFF, 0xFF, 0xFF, 0xFF, 0xFF, 0xFF, 0xFF, 0xFF, 0xFF, 0xFF, 0xFF, 0xFF,
    0xFF, 0xFF, 0xFF, 0xFF, 0xFF, 0xFF, 0xFF, 0xFF, 0xFF, 0xFF, 0xFF, 0xFF,
    0xFF, 0xFF, 0xFF, 0xFF, 0xFF, 0xFF, 0xFF, 0xFF, 0xFF, 0xFF, 0xFF, 0xFF,
    0xFF, 0xFF, 0xFF, 0xFF, 0xFF, 0xFF, 0xFF, 0xFF, 0xFF, 0xFF, 0xFF, 0xFF,
    0xFF, 0xFF, 0xFF, 0xFF, 0xFF, 0xFF, 0xFF, 0xFF, 0xFF, 0xFF, 0xFF, 0xFF,
    0xFF, 0xFF, 0xFF, 0xFF, 0xFF, 0xFF, 0xFF, 0xFF, 0xFF, 0xFF, 0xFF, 0xFF,
    0xFF, 0xFF, 0xFF, 0xFF, 0xFF, 0xFF, 0xFF, 0xFF, 0xFF, 0xFF, 0xFF, 0xFF,
    0xFF, 0xFF, 0xFF, 0xFF, 0xFF, 0xFF, 0xFF, 0xFF, 0xFF, 0xFF, 0xFF, 0xFF,
    0xFF, 0xFF, 0xFF, 0xFF, 0xFF, 0xFF, 0xFF, 0xFF, 0xFF, 0xFF, 0xFF, 0xFF,
    0xFF, 0xFF, 0xFF, 0xFF, 0xFF, 0xFF, 0xFF, 0xFF, 0xFF, 0xFF, 0xFF, 0xFF,
    0xFF, 0xFF, 0xFF, 0xFF, 0xFF, 0xFF, 0xFF, 0xFF, 0xFF, 0xFF, 0xFF, 0xFF,
    0xFF, 0xFF, 0xFF, 0xFF, 0xFF, 0xFF, 0xFF, 0xFF, 0xFF, 0xFF, 0xFF, 0xFF,
    0xFF, 0xFF, 0xFF, 0xFF, 0xFF, 0xFF, 0xFF, 0xFF, 0xFF, 0xFF, 0xFF, 0xFF,
    0xFF, 0xFF, 0xFF, 0xFF, 0xFF, 0xFF, 0xFF, 0xFF, 0xFF, 0xFF, 0xFF, 0xFF,
    0xFF, 0xFF, 0xFF, 0xFF, 0xFF, 0xFF, 0xFF, 0xFF, 0xFF, 0xFF, 0xFF, 0xFF,
    0xFF, 0xFF, 0xFF, 0xFF, 0xFF, 0xFF, 0xFF, 0xFF, 0xFF, 0xFF, 0xFF, 0xFF,
    0xFF, 0xFF, 0xFF, 0xFF, 0xFF, 0xFF, 0xFF, 0xFF, 0xFF, 0xFF, 0xFF, 0xFF,
    0xFF, 0xFF, 0xFF, 0xFF, 0xFF, 0xFF, 0xFF, 0xFF, 0xFF, 0xFF, 0xFF, 0xFF,
    0xFF, 0xFF, 0xFF, 0xFF, 0xFF, 0xFF, 0xFF, 0xFF, 0xFF, 0xFF, 0xFF, 0xFF,
    0xFF, 0xFF, 0xFF, 0xFF, 0xFF, 0xFF, 0xFF, 0xFF, 0xFF, 0xFF, 0xFF, 0xFF,
    0xFF, 0xFF, 0xFF, 0xFF, 0xFF, 0xFF, 0xFF, 0xFF, 0xFF, 0xFF, 0xFF, 0xFF,
    0xFF, 0xFF, 0xFF, 0xFF, 0xFF, 0xFF, 0xFF, 0xFF, 0xFF, 0xFF, 0xFF, 0xFF,
    0xFF, 0xFF, 0xFF, 0xFF, 0xFF, 0xFF, 0xFF, 0xFF, 0xFF, 0xFF, 0xFF, 0xFF,
    0xFF, 0xFF, 0xFF, 0xFF, 0xFF, 0xFF, 0xFF, 0xFF, 0xFF, 0xFF, 0xFF, 0xFF,
    0xFF, 0xFF, 0xFF, 0xFF, 0xFF, 0xFF, 0xFF, 0xFF, 0xFF, 0xFF, 0xFF, 0xFF,
    0xFF, 0xFF, 0xFF, 0xFF, 0xFF, 0xFF, 0xFF, 0xFF, 0xFF, 0xFF, 0xFF, 0xFF,
    0xFF, 0xFF, 0xFF, 0xFF, 0xFF, 0xFF, 0xFF, 0xFF, 0xFF, 0xFF, 0xFF, 0xFF,
    0xFF, 0xFF, 0xFF, 0xFF, 0xFF, 0xFF, 0xFF, 0xFF, 0xFF, 0xFF, 0xFF, 0xFF,
    0xFF, 0xFF, 0xFF, 0xFF, 0xFF, 0xFF, 0xFF, 0xFF, 0xFF, 0xFF, 0xFF, 0xFF,
    0xFF, 0xFF, 0xFF, 0xFF, 0xFF, 0xFF, 0xFF, 0xFF, 0xFF, 0xFF, 0xFF, 0xFF,
    0xFF, 0xFF, 0xFF, 0xFF, 0xFF, 0xFF, 0xFF, 0xFF, 0xFF, 0xFF, 0xFF, 0xFF,
    0xFF, 0xFF, 0xFF, 0xFF, 0xFF, 0xFF, 0xFF, 0xFF, 0xFF, 0xFF, 0xFF, 0xFF,
    0xFF, 0xFF, 0xFF, 0xFF, 0xFF, 0xFF, 0xFF, 0xFF, 0xFF, 0xFF, 0xFF, 0xFF,
    0xFF, 0xFF, 0xFF, 0xFF, 0xFF, 0xFF, 0xFF, 0xFF, 0xFF, 0xFF, 0xFF, 0xFF,
    0xFF, 0xFF, 0xFF, 0xFF, 0xFF, 0xFF, 0xFF, 0xFF, 0xFF, 0xFF, 0xFF, 0xFF,
    0xFF, 0xFF, 0xFF, 0xFF, 0xFF, 0xFF, 0xFF, 0xFF, 0xFF, 0xFF, 0xFF, 0xFF,
    0xFF, 0xFF, 0xFF, 0xFF, 0xFF, 0xFF, 0xFF, 0xFF, 0xFF, 0xFF, 0xFF, 0xFF,
    0xFF, 0xFF, 0xFF, 0xFF, 0xFF, 0xFF, 0xFF, 0xFF, 0xFF, 0xFF, 0xFF, 0xFF,
    0xFF, 0xFF, 0xFF, 0xFF, 0xFF, 0xFF, 0xFF, 0xFF, 0xFF, 0xFF, 0xFF, 0xFF,
    0xFF, 0xFF, 0xFF, 0xFF, 0xFF, 0xFF, 0xFF, 0xFF, 0xFF, 0xFF, 0xFF, 0xFF,
    0xFF, 0xFF, 0xFF, 0xFF, 0xFF, 0xFF, 0xFF, 0xFF, 0xFF, 0xFF, 0xFF, 0xFF,
    0xFF, 0xFF, 0xFF, 0xFF, 0xFF, 0xFF, 0xFF, 0xFF, 0xFF, 0xFF, 0xFF, 0xFF,
    0xFF, 0xFF, 0xFF, 0xFF, 0xFF, 0xFF, 0xFF, 0xFF, 0xFF, 0xFF, 0xFF, 0xFF,
    0xFF, 0xFF, 0xFF, 0xFF, 0xFF, 0xFF, 0xFF, 0xFF, 0xFF, 0xFF, 0xFF, 0xFF,
    0xFF, 0xFF, 0xFF, 0xFF, 0xFF, 0xFF, 0xFF, 0xFF, 0xFF, 0xFF, 0xFF, 0xFF,
    0xFF, 0xFF, 0xFF, 0xFF, 0xFF, 0xFF, 0xFF, 0xFF, 0xFF, 0xFF, 0xFF, 0xFF,
    0xFF, 0xFF, 0xFF, 0xFF, 0xFF, 0xFF, 0xFF, 0xFF, 0xFF, 0xFF, 0xFF, 0xFF,
    0xFF, 0xFF, 0xFF, 0xFF, 0xFF, 0xFF, 0xFF, 0xFF, 0xFF, 0xFF, 0xFF, 0xFF,
    0xFF, 0xFF, 0xFF, 0xFF, 0xFF, 0xFF, 0xFF, 0xFF, 0xFF, 0xFF, 0xFF, 0xFF,
    0xFF, 0xFF, 0xFF, 0xFF, 0xFF, 0xFF, 0xFF, 0xFF, 0xFF, 0xFF, 0xFF, 0xFF,
    0xFF, 0xFF, 0xFF, 0xFF, 0xFF, 0xFF, 0xFF, 0xFF, 0xFF, 0xFF, 0xFF, 0xFF,
    0xFF, 0xFF, 0xFF, 0xFF, 0xFF, 0xFF, 0xFF, 0xFF, 0xFF, 0xFF, 0xFF, 0xFF,
    0xFF, 0xFF, 0xFF, 0xFF, 0xFF, 0xFF, 0xFF, 0xFF, 0xFF, 0xFF, 0xFF, 0xFF,
    0xFF, 0xFF, 0xFF, 0xFF, 0xFF, 0xFF, 0xFF, 0xFF, 0xFF, 0xFF, 0xFF, 0xFF,
    0xFF, 0xFF, 0xFF, 0xFF, 0xFF, 0xFF, 0xFF, 0xFF, 0xFF, 0xFF, 0xFF, 0xFF,
    0xFF, 0xFF, 0xFF, 0xFF, 0xFF, 0xFF, 0xFF, 0xFF, 0xFF, 0xFF, 0xFF, 0xFF,
    0xFF, 0xFF, 0xFF, 0xFF, 0xFF, 0xFF, 0xFF, 0xFF, 0xFF, 0xFF, 0xFF, 0xFF,
    0xFF, 0xFF, 0xFF, 0xFF, 0xFF, 0xFF, 0xFF, 0xFF, 0xFF, 0xFF, 0xFF, 0xFF,
    0xFF, 0xFF, 0xFF, 0xFF, 0xFF, 0xFF, 0xFF, 0xFF, 0xFF, 0xFF, 0xFF, 0xFF,
    0xFF, 0xFF, 0xFF, 0xFF, 0xFF, 0xFF, 0xFF, 0xFF, 0xFF, 0xFF, 0xFF, 0xFF,
    0xFF, 0xFF, 0xFF, 0xFF, 0xFF, 0xFF, 0xFF, 0xFF, 0xFF, 0xFF, 0xFF, 0xFF,
    0xFF, 0xFF, 0xFF, 0xFF, 0xFF, 0xFF, 0xFF, 0xFF, 0xFF, 0xFF, 0xFF, 0xFF,
    0xFF, 0xFF, 0xFF, 0xFF, 0xFF, 0xFF, 0xFF, 0xFF, 0xFF, 0xFF, 0xFF, 0xFF,
    0xFF, 0xFF, 0xFF, 0xFF, 0xFF, 0xFF, 0xFF, 0xFF, 0xFF, 0xFF, 0xFF, 0xFF,
    0xFF, 0xFF, 0xFF, 0xFF, 0xFF, 0xFF, 0xFF, 0xFF, 0xFF, 0xFF, 0xFF, 0xFF,
    0xFF, 0xFF, 0xFF, 0xFF, 0xFF, 0xFF, 0xFF, 0xFF, 0xFF, 0xFF, 0xFF, 0xFF,
    0xFF, 0xFF, 0xFF, 0xFF, 0xFF, 0xFF, 0xFF, 0xFF, 0xFF, 0xFF, 0xFF, 0xFF,
    0xFF, 0xFF, 0xFF, 0xFF, 0xFF, 0xFF, 0xFF, 0xFF, 0xFF, 0xFF, 0xFF, 0xFF,
    0xFF, 0xFF, 0xFF, 0xFF, 0xFF, 0xFF, 0xFF, 0xFF, 0xFF, 0xFF, 0xFF, 0xFF,
    0xFF, 0xFF, 0xFF, 0xFF, 0xFF, 0xFF, 0xFF, 0xFF, 0xFF, 0xFF, 0xFF, 0xFF,
    0xFF, 0xFF, 0xFF, 0xFF, 0xFF, 0xFF, 0xFF, 0xFF, 0xFF, 0xFF, 0xFF, 0xFF,
    0xFF, 0xFF, 0xFF, 0xFF, 0xFF, 0xFF, 0xFF, 0xFF, 0xFF, 0xFF, 0xFF, 0xFF,
    0xFF, 0xFF, 0xFF, 0xFF, 0xFF, 0xFF, 0xFF, 0xFF, 0xFF, 0xFF, 0xFF, 0xFF,
    0xFF, 0xFF, 0xFF, 0xFF, 0xFF, 0xFF, 0xFF, 0xFF, 0xFF, 0xFF, 0xFF, 0xFF,
    0xFF, 0xFF, 0xFF, 0xFF, 0xFF, 0xFF, 0xFF, 0xFF, 0xFF, 0xFF, 0xFF, 0xFF,
    0xFF, 0xFF, 0xFF, 0xFF, 0xFF, 0xFF, 0xFF, 0xFF, 0xFF, 0xFF, 0xFF, 0xFF,
    0xFF, 0xFF, 0xFF, 0xFF, 0xFF, 0xFF, 0xFF, 0xFF, 0xFF, 0xFF, 0xFF, 0xFF,
    0xFF, 0xFF, 0xFF, 0xFF, 0xFF, 0xFF, 0xFF, 0xFF, 0xFF, 0xFF, 0xFF, 0xFF,
    0xFF, 0xFF, 0xFF, 0xFF, 0xFF, 0xFF, 0xFF, 0xFF, 0xFF, 0xFF, 0xFF, 0xFF,
    0xFF, 0xFF, 0xFF, 0xFF, 0xFF, 0xFF, 0xFF, 0xFF, 0xFF, 0xFF, 0xFF, 0xFF,
    0xFF, 0xFF, 0xFF, 0xFF, 0xFF, 0xFF, 0xFF, 0xFF, 0xFF, 0xFF, 0xFF, 0xFF,
    0xFF, 0xFF, 0xFF, 0xFF, 0xFF, 0xFF, 0xFF, 0xFF, 0xFF, 0xFF, 0xFF, 0xFF,
    0xFF, 0xFF, 0xFF, 0xFF, 0xFF, 0xFF, 0xFF, 0xFF, 0xFF, 0xFF, 0xFF, 0xFF,
    0xFF, 0xFF, 0xFF, 0xFF, 0xFF, 0xFF, 0xFF, 0xFF, 0xFF, 0xFF, 0xFF, 0xFF,
    0xFF, 0xFF, 0xFF, 0xFF, 0xFF, 0xFF, 0xFF, 0xFF, 0xFF, 0xFF, 0xFF, 0xFF,
    0xFF, 0xFF, 0xFF, 0xFF, 0xFF, 0xFF, 0xFF, 0xFF, 0xFF, 0xFF, 0xFF, 0xFF,
    0xFF, 0xFF, 0xFF, 0xFF, 0xFF, 0xFF, 0xFF, 0xFF, 0xFF, 0xFF, 0xFF, 0xFF,
    0xFF, 0xFF, 0xFF, 0xFF, 0xFF, 0xFF, 0xFF, 0xFF, 0xFF, 0xFF, 0xFF, 0xFF,
    0xFF, 0xFF, 0xFF, 0xFF, 0xFF, 0xFF, 0xFF, 0xFF, 0xFF, 0xFF, 0xFF, 0xFF,
    0xFF, 0xFF, 0xFF, 0xFF, 0xFF, 0xFF, 0xFF, 0xFF, 0xFF, 0xFF, 0xFF, 0xFF,
    0xFF, 0xFF, 0xFF, 0xFF, 0xFF, 0xFF, 0xFF, 0xFF, 0xFF, 0xFF, 0xFF, 0xFF,
    0xFF, 0xFF, 0xFF, 0xFF, 0xFF, 0xFF, 0xFF, 0xFF, 0xFF, 0xFF, 0xFF, 0xFF,
    0xFF, 0xFF, 0xFF, 0xFF, 0xFF, 0xFF, 0xFF, 0xFF, 0xFF, 0xFF, 0xFF, 0xFF,
    0xFF, 0xFF, 0xFF, 0xFF, 0xFF, 0xFF, 0xFF, 0xFF, 0xFF, 0xFF, 0xFF, 0xFF,
    0xFF, 0xFF, 0xFF, 0xFF, 0xFF, 0xFF, 0xFF, 0xFF, 0xFF, 0xFF, 0xFF, 0xFF,
    0xFF, 0xFF, 0xFF, 0xFF, 0xFF, 0xFF, 0xFF, 0xFF, 0xFF, 0xFF, 0xFF, 0xFF,
    0xFF, 0xFF, 0xFF, 0xFF, 0xFF, 0xFF, 0xFF, 0xFF, 0xFF, 0xFF, 0xFF, 0xFF,
    0xFF, 0xFF, 0xFF, 0xFF, 0xFF, 0xFF, 0xFF, 0xFF, 0xFF, 0xFF, 0xFF, 0xFF,
    0xFF, 0xFF, 0xFF, 0xFF, 0xFF, 0xFF, 0xFF, 0xFF, 0xFF, 0xFF, 0xFF, 0xFF,
    0xFF, 0xFF, 0xFF, 0xFF, 0xFF, 0xFF, 0xFF, 0xFF, 0xFF, 0xFF, 0xFF, 0xFF,
    0xFF, 0xFF, 0xFF, 0xFF, 0xFF, 0xFF, 0xFF, 0xFF, 0xFF, 0xFF, 0xFF, 0xFF,
    0xFF, 0xFF, 0xFF, 0xFF, 0xFF, 0xFF, 0xFF, 0xFF, 0xFF, 0xFF, 0xFF, 0xFF,
    0xFF, 0xFF, 0xFF, 0xFF, 0xFF, 0xFF, 0xFF, 0xFF, 0xFF, 0xFF, 0xFF, 0xFF,
    0xFF, 0xFF, 0xFF, 0xFF, 0xFF, 0xFF, 0xFF, 0xFF, 0xFF, 0xFF, 0xFF, 0xFF,
    0xFF, 0xFF, 0xFF, 0xFF, 0xFF, 0xFF, 0xFF, 0xFF, 0xFF, 0xFF, 0xFF, 0xFF,
    0xFF, 0xFF, 0xFF, 0xFF, 0xFF, 0xFF, 0xFF, 0xFF, 0xFF, 0xFF, 0xFF, 0xFF,
    0xFF, 0xFF, 0xFF, 0xFF, 0xFF, 0xFF, 0xFF, 0xFF, 0xFF, 0xFF, 0xFF, 0xFF,
    0xFF, 0xFF, 0xFF, 0xFF, 0xFF, 0xFF, 0xFF, 0xFF, 0xFF, 0xFF, 0xFF, 0xFF,
    0xFF, 0xFF, 0xFF, 0xFF, 0xFF, 0xFF, 0xFF, 0xFF, 0xFF, 0xFF, 0xFF, 0xFF,
    0xFF, 0xFF, 0xFF, 0xFF, 0xFF, 0xFF, 0xFF, 0xFF, 0xFF, 0xFF, 0xFF, 0xFF,
    0xFF, 0xFF, 0xFF, 0xFF, 0xFF, 0xFF, 0xFF, 0xFF, 0xFF, 0xFF, 0xFF, 0xFF,
    0xFF, 0xFF, 0xFF, 0xFF, 0xFF, 0xFF, 0xFF, 0xFF, 0xFF, 0xFF, 0xFF, 0xFF,
    0xFF, 0xFF, 0xFF, 0xFF, 0xFF, 0xFF, 0xFF, 0xFF, 0xFF, 0xFF, 0xFF, 0xFF,
    0xFF, 0xFF, 0xFF, 0xFF, 0xFF, 0xFF, 0xFF, 0xFF, 0xFF, 0xFF, 0xFF, 0xFF,
    0xFF, 0xFF, 0xFF, 0xFF, 0xFF, 0xFF, 0xFF, 0xFF, 0xFF, 0xFF, 0xFF, 0xFF,
    0xFF, 0xFF, 0xFF, 0xFF, 0xFF, 0xFF, 0xFF, 0xFF, 0xFF, 0xFF, 0xFF, 0xFF,
    0xFF, 0xFF, 0xFF, 0xFF, 0xFF, 0xFF, 0xFF, 0xFF, 0xFF, 0xFF, 0xFF, 0xFF,
    0xFF, 0xFF, 0xFF, 0xFF, 0xFF, 0xFF, 0xFF, 0xFF, 0xFF, 0xFF, 0xFF, 0xFF,
    0xFF, 0xFF, 0xFF, 0xFF, 0xFF, 0xFF, 0xFF, 0xFF, 0xFF, 0xFF, 0xFF, 0xFF,
    0xFF, 0xFF, 0xFF, 0xFF, 0xFF, 0xFF, 0xFF, 0xFF, 0xFF, 0xFF, 0xFF, 0xFF,
    0xFF, 0xFF, 0xFF, 0xFF, 0xFF, 0xFF, 0xFF, 0xFF, 0xFF, 0xFF, 0xFF, 0xFF,
    0xFF, 0xFF, 0xFF, 0xFF, 0xFF, 0xFF, 0xFF, 0xFF, 0xFF, 0xFF, 0xFF, 0xFF,
    0xFF, 0xFF, 0xFF, 0xFF, 0xFF, 0xFF, 0xFF, 0xFF, 0xFF, 0xFF, 0xFF, 0xFF,
    0xFF, 0xFF, 0xFF, 0xFF, 0xFF, 0xFF, 0xFF, 0xFF, 0xFF, 0xFF, 0xFF, 0xFF,
    0xFF, 0xFF, 0xFF, 0xFF, 0xFF, 0xFF, 0xFF, 0xFF, 0xFF, 0xFF, 0xFF, 0xFF,
    0xFF, 0xFF, 0xFF, 0xFF, 0xFF, 0xFF, 0xFF, 0xFF, 0xFF, 0xFF, 0xFF, 0xFF,
    0xFF, 0xFF, 0xFF, 0xFF, 0xFF, 0xFF, 0xFF, 0xFF, 0xFF, 0xFF, 0xFF, 0xFF,
    0xFF, 0xFF, 0xFF, 0xFF, 0xFF, 0xFF, 0xFF, 0xFF, 0xFF, 0xFF, 0xFF, 0xFF,
    0xFF, 0xFF, 0xFF, 0xFF, 0xFF, 0xFF, 0xFF, 0xFF, 0xFF, 0xFF, 0xFF, 0xFF,
    0xFF, 0xFF, 0xFF, 0xFF, 0xFF, 0xFF, 0xFF, 0xFF, 0xFF, 0xFF, 0xFF, 0xFF,
    0xFF, 0xFF, 0xFF, 0xFF, 0xFF, 0xFF, 0xFF, 0xFF, 0xFF, 0xFF, 0xFF, 0xFF,
    0xFF, 0xFF, 0xFF, 0xFF, 0xFF, 0xFF, 0xFF, 0xFF, 0xFF, 0xFF, 0xFF, 0xFF,
    0xFF, 0xFF, 0xFF, 0xFF, 0xFF, 0xFF, 0xFF, 0xFF, 0xFF, 0xFF, 0xFF, 0xFF,
    0xFF, 0xFF, 0xFF, 0xFF, 0xFF, 0xFF, 0xFF, 0xFF, 0xFF, 0xFF, 0xFF, 0xFF,
    0xFF, 0xFF, 0xFF, 0xFF, 0xFF, 0xFF, 0xFF, 0xFF, 0xFF, 0xFF, 0xFF, 0xFF,
    0xFF, 0xFF, 0xFF, 0xFF, 0xFF, 0xFF, 0xFF, 0xFF, 0xFF, 0xFF, 0xFF, 0xFF,
    0xFF, 0xFF, 0xFF, 0xFF, 0xFF, 0xFF, 0xFF, 0xFF, 0xFF, 0xFF, 0xFF, 0xFF,
    0xFF, 0xFF, 0xFF, 0xFF, 0xFF, 0xFF, 0xFF, 0xFF, 0xFF, 0xFF, 0xFF, 0xFF,
    0xFF, 0xFF, 0xFF, 0xFF, 0xFF, 0xFF, 0xFF, 0xFF, 0xFF, 0xFF, 0xFF, 0xFF,
    0xFF, 0xFF, 0xFF, 0xFF, 0xFF, 0xFF, 0xFF, 0xFF, 0xFF, 0xFF, 0xFF, 0xFF,
    0xFF, 0xFF, 0xFF, 0xFF, 0xFF, 0xFF, 0xFF, 0xFF, 0xFF, 0xFF, 0xFF, 0xFF,
    0xFF, 0xFF, 0xFF, 0xFF, 0xFF, 0xFF, 0xFF, 0xFF, 0xFF, 0xFF, 0xFF, 0xFF,
    0xFF, 0xFF, 0xFF, 0xFF, 0xFF, 0xFF, 0xFF, 0xFF, 0xFF, 0xFF, 0xFF, 0xFF,
    0xFF, 0xFF, 0xFF, 0xFF, 0xFF, 0xFF, 0xFF, 0xFF, 0xFF, 0xFF, 0xFF, 0xFF,
    0xFF, 0xFF, 0xFF, 0xFF, 0xFF, 0xFF, 0xFF, 0xFF, 0xFF, 0xFF, 0xFF, 0xFF,
    0xFF, 0xFF, 0xFF, 0xFF, 0xFF, 0xFF, 0xFF, 0xFF, 0xFF, 0xFF, 0xFF, 0xFF,
    0xFF, 0xFF, 0xFF, 0xFF, 0xFF, 0xFF, 0xFF, 0xFF, 0xFF, 0xFF, 0xFF, 0xFF,
    0xFF, 0xFF, 0xFF, 0xFF, 0xFF, 0xFF, 0xFF, 0xFF, 0xFF, 0xFF, 0xFF, 0xFF,
    0xFF, 0xFF, 0xFF, 0xFF, 0xFF, 0xFF, 0xFF, 0xFF, 0xFF, 0xFF, 0xFF, 0xFF,
    0xFF, 0xFF, 0xFF, 0xFF, 0xFF, 0xFF, 0xFF, 0xFF, 0xFF, 0xFF, 0xFF, 0xFF,
    0xFF, 0xFF, 0xFF, 0xFF, 0xFF, 0xFF, 0xFF, 0xFF, 0xFF, 0xFF, 0xFF, 0xFF,
    0xFF, 0xFF, 0xFF, 0xFF, 0xFF, 0xFF, 0xFF, 0xFF, 0xFF, 0xFF, 0xFF, 0xFF,
    0xFF, 0xFF, 0xFF, 0xFF, 0xFF, 0xFF, 0xFF, 0xFF, 0xFF, 0xFF, 0xFF, 0xFF,
    0xFF, 0xFF, 0xFF, 0xFF, 0xFF, 0xFF, 0xFF, 0xFF, 0xFF, 0xFF, 0xFF, 0xFF,
    0xFF, 0xFF, 0xFF, 0xFF, 0xFF, 0xFF, 0xFF, 0xFF, 0xFF, 0xFF, 0xFF, 0xFF,
    0xFF, 0xFF, 0xFF, 0xFF, 0xFF, 0xFF, 0xFF, 0xFF, 0xFF, 0xFF, 0xFF, 0xFF,
    0xFF, 0xFF, 0xFF, 0xFF, 0xFF, 0xFF, 0xFF, 0xFF, 0xFF, 0xFF, 0xFF, 0xFF,
    0xFF, 0xFF, 0xFF, 0xFF, 0xFF, 0xFF, 0xFF, 0xFF, 0xFF, 0xFF, 0xFF, 0xFF,
    0xFF, 0xFF, 0xFF, 0xFF, 0xFF, 0xFF, 0xFF, 0xFF, 0xFF, 0xFF, 0xFF, 0xFF,
    0xFF, 0xFF, 0xFF, 0xFF, 0xFF, 0xFF, 0xFF, 0xFF, 0xFF, 0xFF, 0xFF, 0xFF,
    0xFF, 0xFF, 0xFF, 0xFF, 0xFF, 0xFF, 0xFF, 0xFF, 0xFF, 0xFF, 0xFF, 0xFF,
    0xFF, 0xFF, 0xFF, 0xFF, 0xFF, 0xFF, 0xFF, 0xFF, 0xFF, 0xFF, 0xFF, 0xFF,
    0xFF, 0xFF, 0xFF, 0xFF, 0xFF, 0xFF, 0xFF, 0xFF, 0xFF, 0xFF, 0xFF, 0xFF,
    0xFF, 0xFF, 0xFF, 0xFF, 0xFF, 0xFF, 0xFF, 0xFF, 0xFF, 0xFF, 0xFF, 0xFF,
    0xFF, 0xFF, 0xFF, 0xFF, 0xFF, 0xFF, 0xFF, 0xFF, 0xFF, 0xFF, 0xFF, 0xFF,
    0xFF, 0xFF, 0xFF, 0xFF, 0xFF, 0xFF, 0xFF, 0xFF, 0xFF, 0xFF, 0xFF, 0xFF,
    0xFF, 0xFF, 0xFF, 0xFF, 0xFF, 0xFF, 0xFF, 0xFF, 0xFF, 0xFF, 0xFF, 0xFF,
    0xFF, 0xFF, 0xFF, 0xFF, 0xFF, 0xFF, 0xFF, 0xFF, 0xFF, 0xFF, 0xFF, 0xFF,
    0xFF, 0xFF, 0xFF, 0xFF, 0xFF, 0xFF, 0xFF, 0xFF, 0xFF, 0xFF, 0xFF, 0xFF,
    0xFF, 0xFF, 0xFF, 0xFF, 0xFF, 0xFF, 0xFF, 0xFF, 0xFF, 0xFF, 0xFF, 0xFF,
    0xFF, 0xFF, 0xFF, 0xFF, 0xFF, 0xFF, 0xFF, 0xFF, 0xFF, 0xFF, 0xFF, 0xFF,
    0xFF, 0xFF, 0xFF, 0xFF, 0xFF, 0xFF, 0xFF, 0xFF, 0xFF, 0xFF, 0xFF, 0xFF,
    0xFF, 0xFF, 0xFF, 0xFF, 0xFF, 0xFF, 0xFF, 0xFF, 0xFF, 0xFF, 0xFF, 0xFF,
    0xFF, 0xFF, 0xFF, 0xFF, 0xFF, 0xFF, 0xFF, 0xFF, 0xFF, 0xFF, 0xFF, 0xFF,
    0xFF, 0xFF, 0xFF, 0xFF, 0xFF, 0xFF, 0xFF, 0xFF, 0xFF, 0xFF, 0xFF, 0xFF,
    0xFF, 0xFF, 0xFF, 0xFF, 0xFF, 0xFF, 0xFF, 0xFF, 0xFF, 0xFF, 0xFF, 0xFF,
    0xFF, 0xFF, 0xFF, 0xFF, 0xFF, 0xFF, 0xFF, 0xFF, 0xFF, 0xFF, 0xFF, 0xFF,
    0xFF, 0xFF, 0xFF, 0xFF, 0xFF, 0xFF, 0xFF, 0xFF, 0xFF, 0xFF, 0xFF, 0xFF,
    0xFF, 0xFF, 0xFF, 0xFF, 0xFF, 0xFF, 0xFF, 0xFF, 0xFF, 0xFF, 0xFF, 0xFF,
    0xFF, 0xFF, 0xFF, 0xFF, 0xFF, 0xFF, 0xFF, 0xFF, 0xFF, 0xFF, 0xFF, 0xFF,
    0xFF, 0xFF, 0xFF, 0xFF, 0xFF, 0xFF, 0xFF, 0xFF, 0xFF, 0xFF, 0xFF, 0xFF,
    0xFF, 0xFF, 0xFF, 0xFF, 0xFF, 0xFF, 0xFF, 0xFF, 0xFF, 0xFF, 0xFF, 0xFF,
    0xFF, 0xFF, 0xFF, 0xFF, 0xFF, 0xFF, 0xFF, 0xFF, 0xFF, 0xFF, 0xFF, 0xFF,
    0xFF, 0xFF, 0xFF, 0xFF, 0xFF, 0xFF, 0xFF, 0xFF, 0xFF, 0xFF, 0xFF, 0xFF,
    0xFF, 0xFF, 0xFF, 0xFF, 0xFF, 0xFF, 0xFF, 0xFF, 0xFF, 0xFF, 0xFF, 0xFF,
    0xFF, 0xFF, 0xFF, 0xFF, 0xFF, 0xFF, 0xFF, 0xFF, 0xFF, 0xFF, 0xFF, 0xFF,
    0xFF, 0xFF, 0xFF, 0xFF, 0xFF, 0xFF, 0xFF, 0xFF, 0xFF, 0xFF, 0xFF, 0xFF,
    0xFF, 0xFF, 0xFF, 0xFF, 0xFF, 0xFF, 0xFF, 0xFF, 0xFF, 0xFF, 0xFF, 0xFF,
    0xFF, 0xFF, 0xFF, 0xFF, 0xFF, 0xFF, 0xFF, 0xFF, 0xFF, 0xFF, 0xFF, 0xFF,
    0xFF, 0xFF, 0xFF, 0xFF, 0xFF, 0xFF, 0xFF, 0xFF, 0xFF, 0xFF, 0xFF, 0xFF,
    0xFF, 0xFF, 0xFF, 0xFF, 0xFF, 0xFF, 0xFF, 0xFF, 0xFF, 0xFF, 0xFF, 0xFF,
    0xFF, 0xFF, 0xFF, 0xFF, 0xFF, 0xFF, 0xFF, 0xFF, 0xFF, 0xFF, 0xFF, 0xFF,
    0xFF, 0xFF, 0xFF, 0xFF, 0xFF, 0xFF, 0xFF, 0xFF, 0xFF, 0xFF, 0xFF, 0xFF,
    0xFF, 0xFF, 0xFF, 0xFF, 0xFF, 0xFF, 0xFF, 0xFF, 0xFF, 0xFF, 0xFF, 0xFF,
    0xFF, 0xFF, 0xFF, 0xFF, 0xFF, 0xFF, 0xFF, 0xFF, 0xFF, 0xFF, 0xFF, 0xFF,
    0xFF, 0xFF, 0xFF, 0xFF, 0xFF, 0xFF, 0xFF, 0xFF, 0xFF, 0xFF, 0xFF, 0xFF,
    0xFF, 0xFF, 0xFF, 0xFF, 0xFF, 0xFF, 0xFF, 0xFF, 0xFF, 0xFF, 0xFF, 0xFF,
    0xFF, 0xFF, 0xFF, 0xFF, 0xFF, 0xFF, 0xFF, 0xFF, 0xFF, 0xFF, 0xFF, 0xFF,
    0xFF, 0xFF, 0xFF, 0xFF, 0xFF, 0xFF, 0xFF, 0xFF, 0xFF, 0xFF, 0xFF, 0xFF,
    0xFF, 0xFF, 0xFF, 0xFF, 0xFF, 0xFF, 0xFF, 0xFF, 0xFF, 0xFF, 0xFF, 0xFF,
    0xFF, 0xFF, 0xFF, 0xFF, 0xFF, 0xFF, 0xFF, 0xFF, 0xFF, 0xFF, 0xFF, 0xFF,
    0xFF, 0xFF, 0xFF, 0xFF, 0xFF, 0xFF, 0xFF, 0xFF, 0xFF, 0xFF, 0xFF, 0xFF,
    0xFF, 0xFF, 0xFF, 0xFF, 0xFF, 0xFF, 0xFF, 0xFF, 0xFF, 0xFF, 0xFF, 0xFF,
    0xFF, 0xFF, 0xFF, 0xFF, 0xFF, 0xFF, 0xFF, 0xFF, 0xFF, 0xFF, 0xFF, 0xFF,
    0xFF, 0xFF, 0xFF, 0xFF, 0xFF, 0xFF, 0xFF, 0xFF, 0xFF, 0xFF, 0xFF, 0xFF,
    0xFF, 0xFF, 0xFF, 0xFF, 0xFF, 0xFF, 0xFF, 0xFF, 0xFF, 0xFF, 0xFF, 0xFF,
    0xFF, 0xFF, 0xFF, 0xFF, 0xFF, 0xFF, 0xFF, 0xFF, 0xFF, 0xFF, 0xFF, 0xFF,
    0xFF, 0xFF, 0xFF, 0xFF, 0xFF, 0xFF, 0xFF, 0xFF, 0xFF, 0xFF, 0xFF, 0xFF,
    0xFF, 0xFF, 0xFF, 0xFF, 0xFF, 0xFF, 0xFF, 0xFF, 0xFF, 0xFF, 0xFF, 0xFF,
    0xFF, 0xFF, 0xFF, 0xFF, 0xFF, 0xFF, 0xFF, 0xFF, 0xFF, 0xFF, 0xFF, 0xFF,
    0xFF, 0xFF, 0xFF, 0xFF, 0xFF, 0xFF, 0xFF, 0xFF, 0xFF, 0xFF, 0xFF, 0xFF,
    0xFF, 0xFF, 0xFF, 0xFF, 0xFF, 0xFF, 0xFF, 0xFF, 0xFF, 0xFF, 0xFF, 0xFF,
    0xFF, 0xFF, 0xFF, 0xFF, 0xFF, 0xFF, 0xFF, 0xFF, 0xFF, 0xFF, 0xFF, 0xFF,
    0xFF, 0xFF, 0xFF, 0xFF, 0xFF, 0xFF, 0xFF, 0xFF, 0xFF, 0xFF, 0xFF, 0xFF,
    0xFF, 0xFF, 0xFF, 0xFF, 0xFF, 0xFF, 0xFF, 0xFF, 0xFF, 0xFF, 0xFF, 0xFF,
    0xFF, 0xFF, 0xFF, 0xFF, 0xFF, 0xFF, 0xFF, 0xFF, 0xFF, 0xFF, 0xFF, 0xFF,
    0xFF, 0xFF, 0xFF, 0xFF, 0xFF, 0xFF, 0xFF, 0xFF, 0xFF, 0xFF, 0xFF, 0xFF,
    0xFF, 0xFF, 0xFF, 0xFF, 0xFF, 0xFF, 0xFF, 0xFF, 0xFF, 0xFF, 0xFF, 0xFF,
    0xFF, 0xFF, 0xFF, 0xFF, 0xFF, 0xFF, 0xFF, 0xFF, 0xFF, 0xFF, 0xFF, 0xFF,
    0xFF, 0xFF, 0xFF, 0xFF, 0xFF, 0xFF, 0xFF, 0xFF, 0xFF, 0xFF, 0xFF, 0xFF,
    0xFF, 0xFF, 0xFF, 0xFF, 0xFF, 0xFF, 0xFF, 0xFF, 0xFF, 0xFF, 0xFF, 0xFF,
    0xFF, 0xFF, 0xFF, 0xFF, 0xFF, 0xFF, 0xFF, 0xFF, 0xFF, 0xFF, 0xFF, 0xFF,
    0xFF, 0xFF, 0xFF, 0xFF, 0xFF, 0xFF, 0xFF, 0xFF, 0xFF, 0xFF, 0xFF, 0xFF,
    0xFF, 0xFF, 0xFF, 0xFF, 0xFF, 0xFF, 0xFF, 0xFF, 0xFF, 0xFF, 0xFF, 0xFF,
    0xFF, 0xFF, 0xFF, 0xFF, 0xFF, 0xFF, 0xFF, 0xFF, 0xFF, 0xFF, 0xFF, 0xFF,
    0xFF, 0xFF, 0xFF, 0xFF, 0xFF, 0xFF, 0xFF, 0xFF, 0xFF, 0xFF, 0xFF, 0xFF,
    0xFF, 0xFF, 0xFF, 0xFF, 0xFF, 0xFF, 0xFF, 0xFF, 0xFF, 0xFF, 0xFF, 0xFF,
    0xFF, 0xFF, 0xFF, 0xFF, 0xFF, 0xFF, 0xFF, 0xFF, 0xFF, 0xFF, 0xFF, 0xFF,
    0xFF, 0xFF, 0xFF, 0xFF, 0xFF, 0xFF, 0xFF, 0xFF, 0xFF, 0xFF, 0xFF, 0xFF,
    0xFF, 0xFF, 0xFF, 0xFF, 0xFF, 0xFF, 0xFF, 0xFF, 0xFF, 0xFF, 0xFF, 0xFF,
    0xFF, 0xFF, 0xFF, 0xFF, 0xFF, 0xFF, 0xFF, 0xFF, 0xFF, 0xFF, 0xFF, 0xFF,
    0xFF, 0xFF, 0xFF, 0xFF, 0xFF, 0xFF, 0xFF, 0xFF, 0xFF, 0xFF, 0xFF, 0xFF,
    0xFF, 0xFF, 0xFF, 0xFF, 0xFF, 0xFF, 0xFF, 0xFF, 0xFF, 0xFF, 0xFF, 0xFF,
    0xFF, 0xFF, 0xFF, 0xFF, 0xFF, 0xFF, 0xFF, 0xFF, 0xFF, 0xFF, 0xFF, 0xFF,
    0xFF, 0xFF, 0xFF, 0xFF, 0xFF, 0xFF, 0xFF, 0xFF, 0xFF, 0xFF, 0xFF, 0xFF,
    0xFF, 0xFF, 0xFF, 0xFF, 0xFF, 0xFF, 0xFF, 0xFF, 0xFF, 0xFF, 0xFF, 0xFF,
    0xFF, 0xFF, 0xFF, 0xFF, 0xFF, 0xFF, 0xFF, 0xFF, 0xFF, 0xFF, 0xFF, 0xFF,
    0xFF, 0xFF, 0xFF, 0xFF, 0xFF, 0xFF, 0xFF, 0xFF, 0xFF, 0xFF, 0xFF, 0xFF,
    0xFF, 0xFF, 0xFF, 0xFF, 0xFF, 0xFF, 0xFF, 0xFF, 0xFF, 0xFF, 0xFF, 0xFF,
    0xFF, 0xFF, 0xFF, 0xFF, 0xFF, 0xFF, 0xFF, 0xFF, 0xFF, 0xFF, 0xFF, 0xFF,
    0xFF, 0xFF, 0xFF, 0xFF, 0xFF, 0xFF, 0xFF, 0xFF, 0xFF, 0xFF, 0xFF, 0xFF,
    0xFF, 0xFF, 0xFF, 0xFF, 0xFF, 0xFF, 0xFF, 0xFF, 0xFF, 0xFF, 0xFF, 0xFF,
    0xFF, 0xFF, 0xFF, 0xFF, 0xFF, 0xFF, 0xFF, 0xFF, 0xFF, 0xFF, 0xFF, 0xFF,
    0xFF, 0xFF, 0xFF, 0xFF, 0xFF, 0xFF, 0xFF, 0xFF, 0xFF, 0xFF, 0xFF, 0xFF,
    0xFF, 0xFF, 0xFF, 0xFF, 0xFF, 0xFF, 0xFF, 0xFF, 0xFF, 0xFF, 0xFF, 0xFF,
    0xFF, 0xFF, 0xFF, 0xFF, 0xFF, 0xFF, 0xFF, 0xFF, 0xFF, 0xFF, 0xFF, 0xFF,
    0xFF, 0xFF, 0xFF, 0xFF, 0xFF, 0xFF, 0xFF, 0xFF, 0xFF, 0xFF, 0xFF, 0xFF,
    0xFF, 0xFF, 0xFF, 0xFF, 0xFF, 0xFF, 0xFF, 0xFF, 0xFF, 0xFF, 0xFF, 0xFF,
    0xFF, 0xFF, 0xFF, 0xFF, 0xFF, 0xFF, 0xFF, 0xFF, 0xFF, 0xFF, 0xFF, 0xFF,
    0xFF, 0xFF, 0xFF, 0xFF, 0xFF, 0xFF, 0xFF, 0xFF, 0xFF, 0xFF, 0xFF, 0xFF,
    0xFF, 0xFF, 0xFF, 0xFF, 0xFF, 0xFF, 0xFF, 0xFF, 0xFF, 0xFF, 0xFF, 0xFF,
    0xFF, 0xFF, 0xFF, 0xFF, 0xFF, 0xFF, 0xFF, 0xFF, 0xFF, 0xFF, 0xFF, 0xFF,
    0xFF, 0xFF, 0xFF, 0xFF, 0xFF, 0xFF, 0xFF, 0xFF, 0xFF, 0xFF, 0xFF, 0xFF,
    0xFF, 0xFF, 0xFF, 0xFF, 0xFF, 0xFF, 0xFF, 0xFF, 0xFF, 0xFF, 0xFF, 0xFF,
    0xFF, 0xFF, 0xFF, 0xFF, 0xFF, 0xFF, 0xFF, 0xFF, 0xFF, 0xFF, 0xFF, 0xFF,
    0xFF, 0xFF, 0xFF, 0xFF, 0xFF, 0xFF, 0xFF, 0xFF, 0xFF, 0xFF, 0xFF, 0xFF,
    0xFF, 0xFF, 0xFF, 0xFF, 0xFF, 0xFF, 0xFF, 0xFF, 0xFF, 0xFF, 0xFF, 0xFF,
    0xFF, 0xFF, 0xFF, 0xFF, 0xFF, 0xFF, 0xFF, 0xFF, 0xFF, 0xFF, 0xFF, 0xFF,
    0xFF, 0xFF, 0xFF, 0xFF, 0xFF, 0xFF, 0xFF, 0xFF, 0xFF, 0xFF, 0xFF, 0xFF,
    0xFF, 0xFF, 0xFF, 0xFF, 0xFF, 0xFF, 0xFF, 0xFF, 0xFF, 0xFF, 0xFF, 0xFF,
    0xFF, 0xFF, 0xFF, 0xFF, 0xFF, 0xFF, 0xFF, 0xFF, 0xFF, 0xFF, 0xFF, 0xFF,
    0xFF, 0xFF, 0xFF, 0xFF, 0xFF, 0xFF, 0xFF, 0xFF, 0xFF, 0xFF, 0xFF, 0xFF,
    0xFF, 0xFF, 0xFF, 0xFF, 0xFF, 0xFF, 0xFF, 0xFF, 0xFF, 0xFF, 0xFF, 0xFF,
    0xFF, 0xFF, 0xFF, 0xFF, 0xFF, 0xFF, 0xFF, 0xFF, 0xFF, 0xFF, 0xFF, 0xFF,
    0xFF, 0xFF, 0xFF, 0xFF, 0xFF, 0xFF, 0xFF, 0xFF, 0xFF, 0xFF, 0xFF, 0xFF,
    0xFF, 0xFF, 0xFF, 0xFF, 0xFF, 0xFF, 0xFF, 0xFF, 0xFF, 0xFF, 0xFF, 0xFF,
    0xFF, 0xFF, 0xFF, 0xFF, 0xFF, 0xFF, 0xFF, 0xFF, 0xFF, 0xFF, 0xFF, 0xFF,
    0xFF, 0xFF, 0xFF, 0xFF, 0xFF, 0xFF, 0xFF, 0xFF, 0xFF, 0xFF, 0xFF, 0xFF,
    0xFF, 0xFF, 0xFF, 0xFF, 0xFF, 0xFF, 0xFF, 0xFF, 0xFF, 0xFF, 0xFF, 0xFF,
    0xFF, 0xFF, 0xFF, 0xFF, 0xFF, 0xFF, 0xFF, 0xFF, 0xFF, 0xFF, 0xFF, 0xFF,
    0xFF, 0xFF, 0xFF, 0xFF, 0xFF, 0xFF, 0xFF, 0xFF, 0xFF, 0xFF, 0xFF, 0xFF,
    0xFF, 0xFF, 0xFF, 0xFF, 0xFF, 0xFF, 0xFF, 0xFF, 0xFF, 0xFF, 0xFF, 0xFF,
    0xFF, 0xFF, 0xFF, 0xFF, 0xFF, 0xFF, 0xFF, 0xFF, 0xFF, 0xFF, 0xFF, 0xFF,
    0xFF, 0xFF, 0xFF, 0xFF, 0xFF, 0xFF, 0xFF, 0xFF, 0xFF, 0xFF, 0xFF, 0xFF,
    0xFF, 0xFF, 0xFF, 0xFF, 0xFF, 0xFF, 0xFF, 0xFF, 0xFF, 0xFF, 0xFF, 0xFF,
    0xFF, 0xFF, 0xFF, 0xFF, 0xFF, 0xFF, 0xFF, 0xFF, 0xFF, 0xFF, 0xFF, 0xFF,
    0xFF, 0xFF, 0xFF, 0xFF, 0xFF, 0xFF, 0xFF, 0xFF, 0xFF, 0xFF, 0xFF, 0xFF,
    0xFF, 0xFF, 0xFF, 0xFF, 0xFF, 0xFF, 0xFF, 0xFF, 0xFF, 0xFF, 0xFF, 0xFF,
    0xFF, 0xFF, 0xFF, 0xFF, 0xFF, 0xFF, 0xFF, 0xFF, 0xFF, 0xFF, 0xFF, 0xFF,
    0xFF, 0xFF, 0xFF, 0xFF, 0xFF, 0xFF, 0xFF, 0xFF, 0xFF, 0xFF, 0xFF, 0xFF,
    0xFF, 0xFF, 0xFF, 0xFF, 0xFF, 0xFF, 0xFF, 0xFF, 0xFF, 0xFF, 0xFF, 0xFF,
    0xFF, 0xFF, 0xFF, 0xFF, 0xFF, 0xFF, 0xFF, 0xFF, 0xFF, 0xFF, 0xFF, 0xFF,
    0xFF, 0xFF, 0xFF, 0xFF, 0xFF, 0xFF, 0xFF, 0xFF, 0xFF, 0xFF, 0xFF, 0xFF,
    0xFF, 0xFF, 0xFF, 0xFF, 0xFF, 0xFF, 0xFF, 0xFF, 0xFF, 0xFF, 0xFF, 0xFF,
    0xFF, 0xFF, 0xFF, 0xFF, 0xFF, 0xFF, 0xFF, 0xFF, 0xFF, 0xFF, 0xFF, 0xFF,
    0xFF, 0xFF, 0xFF, 0xFF, 0xFF, 0xFF, 0xFF, 0xFF, 0xFF, 0xFF, 0xFF, 0xFF,
    0xFF, 0xFF, 0xFF, 0xFF, 0xFF, 0xFF, 0xFF, 0xFF, 0xFF, 0xFF, 0xFF, 0xFF,
    0xFF, 0xFF, 0xFF, 0xFF, 0xFF, 0xFF, 0xFF, 0xFF, 0xFF, 0xFF, 0xFF, 0xFF,
    0xFF, 0xFF, 0xFF, 0xFF, 0xFF, 0xFF, 0xFF, 0xFF, 0xFF, 0xFF, 0xFF, 0xFF,
    0xFF, 0xFF, 0xFF, 0xFF, 0xFF, 0xFF, 0xFF, 0xFF, 0xFF, 0xFF, 0xFF, 0xFF,
    0xFF, 0xFF, 0xFF, 0xFF, 0xFF, 0xFF, 0xFF, 0xFF, 0xFF, 0xFF, 0xFF, 0xFF,
    0xFF, 0xFF, 0xFF, 0xFF, 0xFF, 0xFF, 0xFF, 0xFF, 0xFF, 0xFF, 0xFF, 0xFF,
    0xFF, 0xFF, 0xFF, 0xFF, 0xFF, 0xFF, 0xFF, 0xFF, 0xFF, 0xFF, 0xFF, 0xFF,
    0xFF, 0xFF, 0xFF, 0xFF, 0xFF, 0xFF, 0xFF, 0xFF, 0xFF, 0xFF, 0xFF, 0xFF,
    0xFF, 0xFF, 0xFF, 0xFF, 0xFF, 0xFF, 0xFF, 0xFF, 0xFF, 0xFF, 0xFF, 0xFF,
    0xFF, 0xFF, 0xFF, 0xFF, 0xFF, 0xFF, 0xFF, 0xFF, 0xFF, 0xFF, 0xFF, 0xFF,
    0xFF, 0xFF, 0xFF, 0xFF, 0xFF, 0xFF, 0xFF, 0xFF, 0xFF, 0xFF, 0xFF, 0xFF,
    0xFF, 0xFF, 0xFF, 0xFF, 0xFF, 0xFF, 0xFF, 0xFF, 0xFF, 0xFF, 0xFF, 0xFF,
    0xFF, 0xFF, 0xFF, 0xFF, 0xFF, 0xFF, 0xFF, 0xFF, 0xFF, 0xFF, 0xFF, 0xFF,
    0xFF, 0xFF, 0xFF, 0xFF, 0xFF, 0xFF, 0xFF, 0xFF, 0xFF, 0xFF, 0xFF, 0xFF,
    0xFF, 0xFF, 0xFF, 0xFF, 0xFF, 0xFF, 0xFF, 0xFF, 0xFF, 0xFF, 0xFF, 0xFF,
    0xFF, 0xFF, 0xFF, 0xFF, 0xFF, 0xFF, 0xFF, 0xFF, 0xFF, 0xFF, 0xFF, 0xFF,
    0xFF, 0xFF, 0xFF, 0xFF, 0xFF, 0xFF, 0xFF, 0xFF, 0xFF, 0xFF, 0xFF, 0xFF,
    0xFF, 0xFF, 0xFF, 0xFF, 0xFF, 0xFF, 0xFF, 0xFF, 0xFF, 0xFF, 0xFF, 0xFF,
    0xFF, 0xFF, 0xFF, 0xFF, 0xFF, 0xFF, 0xFF, 0xFF, 0xFF, 0xFF, 0xFF, 0xFF,
    0xFF, 0xFF, 0xFF, 0xFF, 0xFF, 0xFF, 0xFF, 0xFF, 0xFF, 0xFF, 0xFF, 0xFF,
    0xFF, 0xFF, 0xFF, 0xFF, 0xFF, 0xFF, 0xFF, 0xFF, 0xFF, 0xFF, 0xFF, 0xFF,
    0xFF, 0xFF, 0xFF, 0xFF, 0xFF, 0xFF, 0xFF, 0xFF, 0xFF, 0xFF, 0xFF, 0xFF,
    0xFF, 0xFF, 0xFF, 0xFF, 0xFF, 0xFF, 0xFF, 0xFF, 0xFF, 0xFF, 0xFF, 0xFF,
    0xFF, 0xFF, 0xFF, 0xFF, 0xFF, 0xFF, 0xFF, 0xFF, 0xFF, 0xFF, 0xFF, 0xFF,
    0xFF, 0xFF, 0xFF, 0xFF, 0xFF, 0xFF, 0xFF, 0xFF, 0xFF, 0xFF, 0xFF, 0xFF,
    0xFF, 0xFF, 0xFF, 0xFF, 0xFF, 0xFF, 0xFF, 0xFF, 0xFF, 0xFF, 0xFF, 0xFF,
    0xFF, 0xFF, 0xFF, 0xFF, 0xFF, 0xFF, 0xFF, 0xFF, 0xFF, 0xFF, 0xFF, 0xFF,
    0xFF, 0xFF, 0xFF, 0xFF, 0xFF, 0xFF, 0xFF, 0xFF, 0xFF, 0xFF, 0xFF, 0xFF,
    0xFF, 0xFF, 0xFF, 0xFF, 0xFF, 0xFF, 0xFF, 0xFF, 0xFF, 0xFF, 0xFF, 0xFF,
    0xFF, 0xFF, 0xFF, 0xFF, 0xFF, 0xFF, 0xFF, 0xFF, 0xFF, 0xFF, 0xFF, 0xFF,
    0xFF, 0xFF, 0xFF, 0xFF, 0xFF, 0xFF, 0xFF, 0xFF, 0xFF, 0xFF, 0xFF, 0xFF,
    0xFF, 0xFF, 0xFF, 0xFF, 0xFF, 0xFF, 0xFF, 0xFF, 0xFF, 0xFF, 0xFF, 0xFF,
    0xFF, 0xFF, 0xFF, 0xFF, 0xFF, 0xFF, 0xFF, 0xFF, 0xFF, 0xFF, 0xFF, 0xFF,
    0xFF, 0xFF, 0xFF, 0xFF, 0xFF, 0xFF, 0xFF, 0xFF, 0xFF, 0xFF, 0xFF, 0xFF,
    0xFF, 0xFF, 0xFF, 0xFF, 0xFF, 0xFF, 0xFF, 0xFF, 0xFF, 0xFF, 0xFF, 0xFF,
    0xFF, 0xFF, 0xFF, 0xFF, 0xFF, 0xFF, 0xFF, 0xFF, 0xFF, 0xFF, 0xFF, 0xFF,
    0xFF, 0xFF, 0xFF, 0xFF, 0xFF, 0xFF, 0xFF, 0xFF, 0xFF, 0xFF, 0xFF, 0xFF,
    0xFF, 0xFF, 0xFF, 0xFF, 0xFF, 0xFF, 0xFF, 0xFF, 0xFF, 0xFF, 0xFF, 0xFF,
    0xFF, 0xFF, 0xFF, 0xFF, 0xFF, 0xFF, 0xFF, 0xFF, 0xFF, 0xFF, 0xFF, 0xFF,
    0xFF, 0xFF, 0xFF, 0xFF, 0xFF, 0xFF, 0xFF, 0xFF, 0xFF, 0xFF, 0xFF, 0xFF,
    0xFF, 0xFF, 0xFF, 0xFF, 0xFF, 0xFF, 0xFF, 0xFF, 0xFF, 0xFF, 0xFF, 0xFF,
    0xFF, 0xFF, 0xFF, 0xFF, 0xFF, 0xFF, 0xFF, 0xFF, 0xFF, 0xFF, 0xFF, 0xFF,
    0xFF, 0xFF, 0xFF, 0xFF, 0xFF, 0xFF, 0xFF, 0xFF, 0xFF, 0xFF, 0xFF, 0xFF,
    0xFF, 0xFF, 0xFF, 0xFF, 0xFF, 0xFF, 0xFF, 0xFF, 0xFF, 0xFF, 0xFF, 0xFF,
    0xFF, 0xFF, 0xFF, 0xFF, 0xFF, 0xFF, 0xFF, 0xFF, 0xFF, 0xFF, 0xFF, 0xFF,
    0xFF, 0xFF, 0xFF, 0xFF, 0xFF, 0xFF, 0xFF, 0xFF, 0xFF, 0xFF, 0xFF, 0xFF,
    0xFF, 0xFF, 0xFF, 0xFF, 0xFF, 0xFF, 0xFF, 0xFF, 0xFF, 0xFF, 0xFF, 0xFF,
    0xFF, 0xFF, 0xFF, 0xFF, 0xFF, 0xFF, 0xFF, 0xFF, 0xFF, 0xFF, 0xFF, 0xFF,
    0xFF, 0xFF, 0xFF, 0xFF, 0xFF, 0xFF, 0xFF, 0xFF, 0xFF, 0xFF, 0xFF, 0xFF,
    0xFF, 0xFF, 0xFF, 0xFF, 0xFF, 0xFF, 0xFF, 0xFF, 0xFF, 0xFF, 0xFF, 0xFF,
    0xFF, 0xFF, 0xFF, 0xFF, 0xFF, 0xFF, 0xFF, 0xFF, 0xFF, 0xFF, 0xFF, 0xFF,
    0xFF, 0xFF, 0xFF, 0xFF, 0xFF, 0xFF, 0xFF, 0xFF, 0xFF, 0xFF, 0xFF, 0xFF,
    0xFF, 0xFF, 0xFF, 0xFF, 0xFF, 0xFF, 0xFF, 0xFF, 0xFF, 0xFF, 0xFF, 0xFF,
    0xFF, 0xFF, 0xFF, 0xFF, 0xFF, 0xFF, 0xFF, 0xFF, 0xFF, 0xFF, 0xFF, 0xFF,
    0xFF, 0xFF, 0xFF, 0xFF, 0xFF, 0xFF, 0xFF, 0xFF, 0xFF, 0xFF, 0xFF, 0xFF,
    0xFF, 0xFF, 0xFF, 0xFF, 0xFF, 0xFF, 0xFF, 0xFF, 0xFF, 0xFF, 0xFF, 0xFF,
    0xFF, 0xFF, 0xFF, 0xFF, 0xFF, 0xFF, 0xFF, 0xFF, 0xFF, 0xFF, 0xFF, 0xFF,
    0xFF, 0xFF, 0xFF, 0xFF, 0xFF, 0xFF, 0xFF, 0xFF, 0xFF, 0xFF, 0xFF, 0xFF,
    0xFF, 0xFF, 0xFF, 0xFF, 0xFF, 0xFF, 0xFF, 0xFF, 0xFF, 0xFF, 0xFF, 0xFF,
    0xFF, 0xFF, 0xFF, 0xFF, 0xFF, 0xFF, 0xFF, 0xFF, 0xFF, 0xFF, 0xFF, 0xFF,
    0xFF, 0xFF, 0xFF, 0xFF, 0xFF, 0xFF, 0xFF, 0xFF, 0xFF, 0xFF, 0xFF, 0xFF,
    0xFF, 0xFF, 0xFF, 0xFF, 0xFF, 0xFF, 0xFF, 0xFF, 0xFF, 0xFF, 0xFF, 0xFF,
    0xFF, 0xFF, 0xFF, 0xFF, 0xFF, 0xFF, 0xFF, 0xFF, 0xFF, 0xFF, 0xFF, 0xFF,
    0xFF, 0xFF, 0xFF, 0xFF, 0xFF, 0xFF, 0xFF, 0xFF, 0xFF, 0xFF, 0xFF, 0xFF,
    0xFF, 0xFF, 0xFF, 0xFF, 0xFF, 0xFF, 0xFF, 0xFF, 0xFF, 0xFF, 0xFF, 0xFF,
    0xFF, 0xFF, 0xFF, 0xFF, 0xFF, 0xFF, 0xFF, 0xFF, 0xFF, 0xFF, 0xFF, 0xFF,
    0xFF, 0xFF, 0xFF, 0xFF, 0xFF, 0xFF, 0xFF, 0xFF, 0xFF, 0xFF, 0xFF, 0xFF,
    0xFF, 0xFF, 0xFF, 0xFF, 0xFF, 0xFF, 0xFF, 0xFF, 0xFF, 0xFF, 0xFF, 0xFF,
    0xFF, 0xFF, 0xFF, 0xFF, 0xFF, 0xFF, 0xFF, 0xFF, 0xFF, 0xFF, 0xFF, 0xFF,
    0xFF, 0xFF, 0xFF, 0xFF, 0xFF, 0xFF, 0xFF, 0xFF, 0xFF, 0xFF, 0xFF, 0xFF,
    0xFF, 0xFF, 0xFF, 0xFF, 0xFF, 0xFF, 0xFF, 0xFF, 0xFF, 0xFF, 0xFF, 0xFF,
    0xFF, 0xFF, 0xFF, 0xFF, 0xFF, 0xFF, 0xFF, 0xFF, 0xFF, 0xFF, 0xFF, 0xFF,
    0xFF, 0xFF, 0xFF, 0xFF, 0xFF, 0xFF, 0xFF, 0xFF, 0xFF, 0xFF, 0xFF, 0xFF,
    0xFF, 0xFF, 0xFF, 0xFF, 0xFF, 0xFF, 0xFF, 0xFF, 0xFF, 0xFF, 0xFF, 0xFF,
    0xFF, 0xFF, 0xFF, 0xFF, 0xFF, 0xFF, 0xFF, 0xFF, 0xFF, 0xFF, 0xFF, 0xFF,
    0xFF, 0xFF, 0xFF, 0xFF, 0xFF, 0xFF, 0xFF, 0xFF, 0xFF, 0xFF, 0xFF, 0xFF,
    0xFF, 0xFF, 0xFF, 0xFF, 0xFF, 0xFF, 0xFF, 0xFF, 0xFF, 0xFF, 0xFF, 0xFF,
    0xFF, 0xFF, 0xFF, 0xFF, 0xFF, 0xFF, 0xFF, 0xFF, 0xFF, 0xFF, 0xFF, 0xFF,
    0xFF, 0xFF, 0xFF, 0xFF, 0xFF, 0xFF, 0xFF, 0xFF, 0xFF, 0xFF, 0xFF, 0xFF,
    0xFF, 0xFF, 0xFF, 0xFF, 0xFF, 0xFF, 0xFF, 0xFF, 0xFF, 0xFF, 0xFF, 0xFF,
    0xFF, 0xFF, 0xFF, 0xFF, 0xFF, 0xFF, 0xFF, 0xFF, 0xFF, 0xFF, 0xFF, 0xFF,
    0xFF, 0xFF, 0xFF, 0xFF, 0xFF, 0xFF, 0xFF, 0xFF, 0xFF, 0xFF, 0xFF, 0xFF,
    0xFF, 0xFF, 0xFF, 0xFF, 0xFF, 0xFF, 0xFF, 0xFF, 0xFF, 0xFF, 0xFF, 0xFF,
    0xFF, 0xFF, 0xFF, 0xFF, 0xFF, 0xFF, 0xFF, 0xFF, 0xFF, 0xFF, 0xFF, 0xFF,
    0xFF, 0xFF, 0xFF, 0xFF, 0xFF, 0xFF, 0xFF, 0xFF, 0xFF, 0xFF, 0xFF, 0xFF,
    0xFF, 0xFF, 0xFF, 0xFF, 0xFF, 0xFF, 0xFF, 0xFF, 0xFF, 0xFF, 0xFF, 0xFF,
    0xFF, 0xFF, 0xFF, 0xFF, 0xFF, 0xFF, 0xFF, 0xFF, 0xFF, 0xFF, 0xFF, 0xFF,
    0xFF, 0xFF, 0xFF, 0xFF, 0xFF, 0xFF, 0xFF, 0xFF, 0xFF, 0xFF, 0xFF, 0xFF,
    0xFF, 0xFF, 0xFF, 0xFF, 0xFF, 0xFF, 0xFF, 0xFF, 0xFF, 0xFF, 0xFF, 0xFF,
    0xFF, 0xFF, 0xFF, 0xFF, 0xFF, 0xFF, 0xFF, 0xFF, 0xFF, 0xFF, 0xFF, 0xFF,
    0xFF, 0xFF, 0xFF, 0xFF, 0xFF, 0xFF, 0xFF, 0xFF, 0xFF, 0xFF, 0xFF, 0xFF,
    0xFF, 0xFF, 0xFF, 0xFF, 0xFF, 0xFF, 0xFF, 0xFF, 0xFF, 0xFF, 0xFF, 0xFF,
    0xFF, 0xFF, 0xFF, 0xFF, 0xFF, 0xFF, 0xFF, 0xFF, 0xFF, 0xFF, 0xFF, 0xFF,
    0xFF, 0xFF, 0xFF, 0xFF, 0xFF, 0xFF, 0xFF, 0xFF, 0xFF, 0xFF, 0xFF, 0xFF,
    0xFF, 0xFF, 0xFF, 0xFF, 0xFF, 0xFF, 0xFF, 0xFF, 0xFF, 0xFF, 0xFF, 0xFF,
    0xFF, 0xFF, 0xFF, 0xFF, 0xFF, 0xFF, 0xFF, 0xFF, 0xFF, 0xFF, 0xFF, 0xFF,
    0xFF, 0xFF, 0xFF, 0xFF, 0xFF, 0xFF, 0xFF, 0xFF, 0xFF, 0xFF, 0xFF, 0xFF,
    0xFF, 0xFF, 0xFF, 0xFF, 0xFF, 0xFF, 0xFF, 0xFF, 0xFF, 0xFF, 0xFF, 0xFF,
    0xFF, 0xFF, 0xFF, 0xFF, 0xFF, 0xFF, 0xFF, 0xFF, 0xFF, 0xFF, 0xFF, 0xFF,
    0xFF, 0xFF, 0xFF, 0xFF, 0xFF, 0xFF, 0xFF, 0xFF, 0xFF, 0xFF, 0xFF, 0xFF,
    0xFF, 0xFF, 0xFF, 0xFF, 0xFF, 0xFF, 0xFF, 0xFF, 0xFF, 0xFF, 0xFF, 0xFF,
    0xFF, 0xFF, 0xFF, 0xFF, 0xFF, 0xFF, 0xFF, 0xFF, 0xFF, 0xFF, 0xFF, 0xFF,
    0xFF, 0xFF, 0xFF, 0xFF, 0xFF, 0xFF, 0xFF, 0xFF, 0xFF, 0xFF, 0xFF, 0xFF,
    0xFF, 0xFF, 0xFF, 0xFF, 0xFF, 0xFF, 0xFF, 0xFF, 0xFF, 0xFF, 0xFF, 0xFF,
    0xFF, 0xFF, 0xFF, 0xFF, 0xFF, 0xFF, 0xFF, 0xFF, 0xFF, 0xFF, 0xFF, 0xFF,
    0xFF, 0xFF, 0xFF, 0xFF, 0xFF, 0xFF, 0xFF, 0xFF, 0xFF, 0xFF, 0xFF, 0xFF,
    0xFF, 0xFF, 0xFF, 0xFF, 0xFF, 0xFF, 0xFF, 0xFF, 0xFF, 0xFF, 0xFF, 0xFF,
    0xFF, 0xFF, 0xFF, 0xFF, 0xFF, 0xFF, 0xFF, 0xFF, 0xFF, 0xFF, 0xFF, 0xFF,
    0xFF, 0xFF, 0xFF, 0xFF, 0xFF, 0xFF, 0xFF, 0xFF, 0xFF, 0xFF, 0xFF, 0xFF,
    0xFF, 0xFF, 0xFF, 0xFF, 0xFF, 0xFF, 0xFF, 0xFF, 0xFF, 0xFF, 0xFF, 0xFF,
    0xFF, 0xFF, 0xFF, 0xFF, 0xFF, 0xFF, 0xFF, 0xFF, 0xFF, 0xFF, 0xFF, 0xFF,
    0xFF, 0xFF, 0xFF, 0xFF, 0xFF, 0xFF, 0xFF, 0xFF, 0xFF, 0xFF, 0xFF, 0xFF,
    0xFF, 0xFF, 0xFF, 0xFF, 0xFF, 0xFF, 0xFF, 0xFF, 0xFF, 0xFF, 0xFF, 0xFF,
    0xFF, 0xFF, 0xFF, 0xFF, 0xFF, 0xFF, 0xFF, 0xFF, 0xFF, 0xFF, 0xFF, 0xFF,
    0xFF, 0xFF, 0xFF, 0xFF, 0xFF, 0xFF, 0xFF, 0xFF, 0xFF, 0xFF, 0xFF, 0xFF,
    0xFF, 0xFF, 0xFF, 0xFF, 0xFF, 0xFF, 0xFF, 0xFF, 0xFF, 0xFF, 0xFF, 0xFF,
    0xFF, 0xFF, 0xFF, 0xFF, 0xFF, 0xFF, 0xFF, 0xFF, 0xFF, 0xFF, 0xFF, 0xFF,
    0xFF, 0xFF, 0xFF, 0xFF, 0xFF, 0xFF, 0xFF, 0xFF, 0xFF, 0xFF, 0xFF, 0xFF,
    0xFF, 0xFF, 0xFF, 0xFF, 0xFF, 0xFF, 0xFF, 0xFF, 0xFF, 0xFF, 0xFF, 0xFF,
    0xFF, 0xFF, 0xFF, 0xFF, 0xFF, 0xFF, 0xFF, 0xFF, 0xFF, 0xFF, 0xFF, 0xFF,
    0xFF, 0xFF, 0xFF, 0xFF, 0xFF, 0xFF, 0xFF, 0xFF, 0xFF, 0xFF, 0xFF, 0xFF,
    0xFF, 0xFF, 0xFF, 0xFF, 0xFF, 0xFF, 0xFF, 0xFF, 0xFF, 0xFF, 0xFF, 0xFF,
    0xFF, 0xFF, 0xFF, 0xFF, 0xFF, 0xFF, 0xFF, 0xFF, 0xFF, 0xFF, 0xFF, 0xFF,
    0xFF, 0xFF, 0xFF, 0xFF, 0xFF, 0xFF, 0xFF, 0xFF, 0xFF, 0xFF, 0xFF, 0xFF,
    0xFF, 0xFF, 0xFF, 0xFF, 0xFF, 0xFF, 0xFF, 0xFF, 0xFF, 0xFF, 0xFF, 0xFF,
    0xFF, 0xFF, 0xFF, 0xFF, 0xFF, 0xFF, 0xFF, 0xFF, 0xFF, 0xFF, 0xFF, 0xFF,
    0xFF, 0xFF, 0xFF, 0xFF, 0xFF, 0xFF, 0xFF, 0xFF, 0xFF, 0xFF, 0xFF, 0xFF,
    0xFF, 0xFF, 0xFF, 0xFF, 0xFF, 0xFF, 0xFF, 0xFF, 0xFF, 0xFF, 0xFF, 0xFF,
    0xFF, 0xFF, 0xFF, 0xFF, 0xFF, 0xFF, 0xFF, 0xFF, 0xFF, 0xFF, 0xFF, 0xFF,
    0xFF, 0xFF, 0xFF, 0xFF, 0xFF, 0xFF, 0xFF, 0xFF, 0xFF, 0xFF, 0xFF, 0xFF,
    0xFF, 0xFF, 0xFF, 0xFF, 0xFF, 0xFF, 0xFF, 0xFF, 0xFF, 0xFF, 0xFF, 0xFF,
    0xFF, 0xFF, 0xFF, 0xFF, 0xFF, 0xFF, 0xFF, 0xFF, 0xFF, 0xFF, 0xFF, 0xFF,
    0xFF, 0xFF, 0xFF, 0xFF, 0xFF, 0xFF, 0xFF, 0xFF, 0xFF, 0xFF, 0xFF, 0xFF,
    0xFF, 0xFF, 0xFF, 0xFF, 0xFF, 0xFF, 0xFF, 0xFF, 0xFF, 0xFF, 0xFF, 0xFF,
    0xFF, 0xFF, 0xFF, 0xFF, 0xFF, 0xFF, 0xFF, 0xFF, 0xFF, 0xFF, 0xFF, 0xFF,
    0xFF, 0xFF, 0xFF, 0xFF, 0xFF, 0xFF, 0xFF, 0xFF, 0xFF, 0xFF, 0xFF, 0xFF,
    0xFF, 0xFF, 0xFF, 0xFF, 0xFF, 0xFF, 0xFF, 0xFF, 0xFF, 0xFF, 0xFF, 0xFF,
    0xFF, 0xFF, 0xFF, 0xFF, 0xFF, 0xFF, 0xFF, 0xFF, 0xFF, 0xFF, 0xFF, 0xFF,
    0xFF, 0xFF, 0xFF, 0xFF, 0xFF, 0xFF, 0xFF, 0xFF, 0xFF, 0xFF, 0xFF, 0xFF,
    0xFF, 0xFF, 0xFF, 0xFF, 0xFF, 0xFF, 0xFF, 0xFF, 0xFF, 0xFF, 0xFF, 0xFF,
    0xFF, 0xFF, 0xFF, 0xFF, 0xFF, 0xFF, 0xFF, 0xFF, 0xFF, 0xFF, 0xFF, 0xFF,
    0xFF, 0xFF, 0xFF, 0xFF, 0xFF, 0xFF, 0xFF, 0xFF, 0xFF, 0xFF, 0xFF, 0xFF,
    0xFF, 0xFF, 0xFF, 0xFF, 0xFF, 0xFF, 0xFF, 0xFF, 0xFF, 0xFF, 0xFF, 0xFF,
    0xFF, 0xFF, 0xFF, 0xFF, 0xFF, 0xFF, 0xFF, 0xFF, 0xFF, 0xFF, 0xFF, 0xFF,
    0xFF, 0xFF, 0xFF, 0xFF, 0xFF, 0xFF, 0xFF, 0xFF, 0xFF, 0xFF, 0xFF, 0xFF,
    0xFF, 0xFF, 0xFF, 0xFF, 0xFF, 0xFF, 0xFF, 0xFF, 0xFF, 0xFF, 0xFF, 0xFF,
    0xFF, 0xFF, 0xFF, 0xFF, 0xFF, 0xFF, 0xFF, 0xFF, 0xFF, 0xFF, 0xFF, 0xFF,
    0xFF, 0xFF, 0xFF, 0xFF, 0xFF, 0xFF, 0xFF, 0xFF, 0xFF, 0xFF, 0xFF, 0xFF,
    0xFF, 0xFF, 0xFF, 0xFF, 0xFF, 0xFF, 0xFF, 0xFF, 0xFF, 0xFF, 0xFF, 0xFF,
    0xFF, 0xFF, 0xFF, 0xFF, 0xFF, 0xFF, 0xFF, 0xFF, 0xFF, 0xFF, 0xFF, 0xFF,
    0xFF, 0xFF, 0xFF, 0xFF, 0xFF, 0xFF, 0xFF, 0xFF, 0xFF, 0xFF, 0xFF, 0xFF,
    0xFF, 0xFF, 0xFF, 0xFF, 0xFF, 0xFF, 0xFF, 0xFF, 0xFF, 0xFF, 0xFF, 0xFF,
    0xFF, 0xFF, 0xFF, 0xFF, 0xFF, 0xFF, 0xFF, 0xFF, 0xFF, 0xFF, 0xFF, 0xFF,
    0xFF, 0xFF, 0xFF, 0xFF, 0xFF, 0xFF, 0xFF, 0xFF, 0xFF, 0xFF, 0xFF, 0xFF,
    0xFF, 0xFF, 0xFF, 0xFF, 0xFF, 0xFF, 0xFF, 0xFF, 0xFF, 0xFF, 0xFF, 0xFF,
    0xFF, 0xFF, 0xFF, 0xFF, 0xFF, 0xFF, 0xFF, 0xFF, 0xFF, 0xFF, 0xFF, 0xFF,
    0xFF, 0xFF, 0xFF, 0xFF, 0xFF, 0xFF, 0xFF, 0xFF, 0xFF, 0xFF, 0xFF, 0xFF,
    0xFF, 0xFF, 0xFF, 0xFF, 0xFF, 0xFF, 0xFF, 0xFF, 0xFF, 0xFF, 0xFF, 0xFF,
    0xFF, 0xFF, 0xFF, 0xFF, 0xFF, 0xFF, 0xFF, 0xFF, 0xFF, 0xFF, 0xFF, 0xFF,
    0xFF, 0xFF, 0xFF, 0xFF, 0xFF, 0xFF, 0xFF, 0xFF, 0xFF, 0xFF, 0xFF, 0xFF,
    0xFF, 0xFF, 0xFF, 0xFF, 0xFF, 0xFF, 0xFF, 0xFF, 0xFF, 0xFF, 0xFF, 0xFF,
    0xFF, 0xFF, 0xFF, 0xFF, 0xFF, 0xFF, 0xFF, 0xFF, 0xFF, 0xFF, 0xFF, 0xFF,
    0xFF, 0xFF, 0xFF, 0xFF, 0xFF, 0xFF, 0xFF, 0xFF, 0xFF, 0xFF, 0xFF, 0xFF,
    0xFF, 0xFF, 0xFF, 0xFF, 0xFF, 0xFF, 0xFF, 0xFF, 0xFF, 0xFF, 0xFF, 0xFF,
    0xFF, 0xFF, 0xFF, 0xFF, 0xFF, 0xFF, 0xFF, 0xFF, 0xFF, 0xFF, 0xFF, 0xFF,
    0xFF, 0xFF, 0xFF, 0xFF, 0xFF, 0xFF, 0xFF, 0xFF, 0xFF, 0xFF, 0xFF, 0xFF,
    0xFF, 0xFF, 0xFF, 0xFF, 0xFF, 0xFF, 0xFF, 0xFF, 0xFF, 0xFF, 0xFF, 0xFF,
    0xFF, 0xFF, 0xFF, 0xFF, 0xFF, 0xFF, 0xFF, 0xFF, 0xFF, 0xFF, 0xFF, 0xFF,
    0xFF, 0xFF, 0xFF, 0xFF, 0xFF, 0xFF, 0xFF, 0xFF, 0xFF, 0xFF, 0xFF, 0xFF,
    0xFF, 0xFF, 0xFF, 0xFF, 0xFF, 0xFF, 0xFF, 0xFF, 0xFF, 0xFF, 0xFF, 0xFF,
    0xFF, 0xFF, 0xFF, 0xFF, 0xFF, 0xFF, 0xFF, 0xFF, 0xFF, 0xFF, 0xFF, 0xFF,
    0xFF, 0xFF, 0xFF, 0xFF, 0xFF, 0xFF, 0xFF, 0xFF, 0xFF, 0xFF, 0xFF, 0xFF,
    0xFF, 0xFF, 0xFF, 0xFF, 0xFF, 0xFF, 0xFF, 0xFF, 0xFF, 0xFF, 0xFF, 0xFF,
    0xFF, 0xFF, 0xFF, 0xFF, 0xFF, 0xFF, 0xFF, 0xFF, 0xFF, 0xFF, 0xFF, 0xFF,
    0xFF, 0xFF, 0xFF, 0xFF, 0xFF, 0xFF, 0xFF, 0xFF, 0xFF, 0xFF, 0xFF, 0xFF,
    0xFF, 0xFF, 0xFF, 0xFF, 0xFF, 0xFF, 0xFF, 0xFF, 0xFF, 0xFF, 0xFF, 0xFF,
    0xFF, 0xFF, 0xFF, 0xFF, 0xFF, 0xFF, 0xFF, 0xFF, 0xFF, 0xFF, 0xFF, 0xFF,
    0xFF, 0xFF, 0xFF, 0xFF, 0xFF, 0xFF, 0xFF, 0xFF, 0xFF, 0xFF, 0xFF, 0xFF,
    0xFF, 0xFF, 0xFF, 0xFF, 0xFF, 0xFF, 0xFF, 0xFF, 0xFF, 0xFF, 0xFF, 0xFF,
    0xFF, 0xFF, 0xFF, 0xFF, 0xFF, 0xFF, 0xFF, 0xFF, 0xFF, 0xFF, 0xFF, 0xFF,
    0xFF, 0xFF, 0xFF, 0xFF, 0xFF, 0xFF, 0xFF, 0xFF, 0xFF, 0xFF, 0xFF, 0xFF,
    0xFF, 0xFF, 0xFF, 0xFF, 0xFF, 0xFF, 0xFF, 0xFF, 0xFF, 0xFF, 0xFF, 0xFF,
    0xFF, 0xFF, 0xFF, 0xFF, 0xFF, 0xFF, 0xFF, 0xFF, 0xFF, 0xFF, 0xFF, 0xFF,
    0xFF, 0xFF, 0xFF, 0xFF, 0xFF, 0xFF, 0xFF, 0xFF, 0xFF, 0xFF, 0xFF, 0xFF,
    0xFF, 0xFF, 0xFF, 0xFF, 0xFF, 0xFF, 0xFF, 0xFF, 0xFF, 0xFF, 0xFF, 0xFF,
    0xFF, 0xFF, 0xFF, 0xFF, 0xFF, 0xFF, 0xFF, 0xFF, 0xFF, 0xFF, 0xFF, 0xFF,
    0xFF, 0xFF, 0xFF, 0xFF, 0xFF, 0xFF, 0xFF, 0xFF, 0xFF, 0xFF, 0xFF, 0xFF,
    0xFF, 0xFF, 0xFF, 0xFF, 0xFF, 0xFF, 0xFF, 0xFF, 0xFF, 0xFF, 0xFF, 0xFF,
    0xFF, 0xFF, 0xFF, 0xFF, 0xFF, 0xFF, 0xFF, 0xFF, 0xFF, 0xFF, 0xFF, 0xFF,
    0xFF, 0xFF, 0xFF, 0xFF, 0xFF, 0xFF, 0xFF, 0xFF, 0xFF, 0xFF, 0xFF, 0xFF,
    0xFF, 0xFF, 0xFF, 0xFF, 0xFF, 0xFF, 0xFF, 0xFF, 0xFF, 0xFF, 0xFF, 0xFF,
    0xFF, 0xFF, 0xFF, 0xFF, 0xFF, 0xFF, 0xFF, 0xFF, 0xFF, 0xFF, 0xFF, 0xFF,
    0xFF, 0xFF, 0xFF, 0xFF, 0xFF, 0xFF, 0xFF, 0xFF, 0xFF, 0xFF, 0xFF, 0xFF,
    0xFF, 0xFF, 0xFF, 0xFF, 0xFF, 0xFF, 0xFF, 0xFF, 0xFF, 0xFF, 0xFF, 0xFF,
    0xFF, 0xFF, 0xFF, 0xFF, 0xFF, 0xFF, 0xFF, 0xFF, 0xFF, 0xFF, 0xFF, 0xFF,
    0xFF, 0xFF, 0xFF, 0xFF, 0xFF, 0xFF, 0xFF, 0xFF, 0xFF, 0xFF, 0xFF, 0xFF,
    0xFF, 0xFF, 0xFF, 0xFF, 0xFF, 0xFF, 0xFF, 0xFF, 0xFF, 0xFF, 0xFF, 0xFF,
    0xFF, 0xFF, 0xFF, 0xFF, 0xFF, 0xFF, 0xFF, 0xFF, 0xFF, 0xFF, 0xFF, 0xFF,
    0xFF, 0xFF, 0xFF, 0xFF, 0xFF, 0xFF, 0xFF, 0xFF, 0xFF, 0xFF, 0xFF, 0xFF,
    0xFF, 0xFF, 0xFF, 0xFF, 0xFF, 0xFF, 0xFF, 0xFF, 0xFF, 0xFF, 0xFF, 0xFF,
    0xFF, 0xFF, 0xFF, 0xFF, 0xFF, 0xFF, 0xFF, 0xFF, 0xFF, 0xFF, 0xFF, 0xFF,
    0xFF, 0xFF, 0xFF, 0xFF, 0xFF, 0xFF, 0xFF, 0xFF, 0xFF, 0xFF, 0xFF, 0xFF,
    0xFF, 0xFF, 0xFF, 0xFF, 0xFF, 0xFF, 0xFF, 0xFF, 0xFF, 0xFF, 0xFF, 0xFF,
    0xFF, 0xFF, 0xFF, 0xFF, 0xFF, 0xFF, 0xFF, 0xFF, 0xFF, 0xFF, 0xFF, 0xFF,
    0xFF, 0xFF, 0xFF, 0xFF, 0xFF, 0xFF, 0xFF, 0xFF, 0xFF, 0xFF, 0xFF, 0xFF,
    0xFF, 0xFF, 0xFF, 0xFF, 0xFF, 0xFF, 0xFF, 0xFF, 0xFF, 0xFF, 0xFF, 0xFF,
    0xFF, 0xFF, 0xFF, 0xFF, 0xFF, 0xFF, 0xFF, 0xFF, 0xFF, 0xFF, 0xFF, 0xFF,
    0xFF, 0xFF, 0xFF, 0xFF, 0xFF, 0xFF, 0xFF, 0xFF, 0xFF, 0xFF, 0xFF, 0xFF,
    0xFF, 0xFF, 0xFF, 0xFF, 0xFF, 0xFF, 0xFF, 0xFF, 0xFF, 0xFF, 0xFF, 0xFF,
    0xFF, 0xFF, 0xFF, 0xFF, 0xFF, 0xFF, 0xFF, 0xFF, 0xFF, 0xFF, 0xFF, 0xFF,
    0xFF, 0xFF, 0xFF, 0xFF, 0xFF, 0xFF, 0xFF, 0xFF, 0xFF, 0xFF, 0xFF, 0xFF,
    0xFF, 0xFF, 0xFF, 0xFF, 0xFF, 0xFF, 0xFF, 0xFF, 0xFF, 0xFF, 0xFF, 0xFF,
    0xFF, 0xFF, 0xFF, 0xFF, 0xFF, 0xFF, 0xFF, 0xFF, 0xFF, 0xFF, 0xFF, 0xFF,
    0xFF, 0xFF, 0xFF, 0xFF, 0xFF, 0xFF, 0xFF, 0xFF, 0xFF, 0xFF, 0xFF, 0xFF,
    0xFF, 0xFF, 0xFF, 0xFF, 0xFF, 0xFF, 0xFF, 0xFF, 0xFF, 0xFF, 0xFF, 0xFF,
    0xFF, 0xFF, 0xFF, 0xFF, 0xFF, 0xFF, 0xFF, 0xFF, 0xFF, 0xFF, 0xFF, 0xFF,
    0xFF, 0xFF, 0xFF, 0xFF, 0xFF, 0xFF, 0xFF, 0xFF, 0xFF, 0xFF, 0xFF, 0xFF,
    0xFF, 0xFF, 0xFF, 0xFF, 0xFF, 0xFF, 0xFF, 0xFF, 0xFF, 0xFF, 0xFF, 0xFF,
    0xFF, 0xFF, 0xFF, 0xFF, 0xFF, 0xFF, 0xFF, 0xFF, 0xFF, 0xFF, 0xFF, 0xFF,
    0xFF, 0xFF, 0xFF, 0xFF, 0xFF, 0xFF, 0xFF, 0xFF, 0xFF, 0xFF, 0xFF, 0xFF,
    0xFF, 0xFF, 0xFF, 0xFF, 0xFF, 0xFF, 0xFF, 0xFF, 0xFF, 0xFF, 0xFF, 0xFF,
    0xFF, 0xFF, 0xFF, 0xFF, 0xFF, 0xFF, 0xFF, 0xFF, 0xFF, 0xFF, 0xFF, 0xFF,
    0xFF, 0xFF, 0xFF, 0xFF, 0xFF, 0xFF, 0xFF, 0xFF, 0xFF, 0xFF, 0xFF, 0xFF,
    0xFF, 0xFF, 0xFF, 0xFF, 0xFF, 0xFF, 0xFF, 0xFF, 0xFF, 0xFF, 0xFF, 0xFF,
    0xFF, 0xFF, 0xFF, 0xFF, 0xFF, 0xFF, 0xFF, 0xFF, 0xFF, 0xFF, 0xFF, 0xFF,
    0xFF, 0xFF, 0xFF, 0xFF, 0xFF, 0xFF, 0xFF, 0xFF, 0xFF, 0xFF, 0xFF, 0xFF,
    0xFF, 0xFF, 0xFF, 0xFF, 0xFF, 0xFF, 0xFF, 0xFF, 0xFF, 0xFF, 0xFF, 0xFF,
    0xFF, 0xFF, 0xFF, 0xFF, 0xFF, 0xFF, 0xFF, 0xFF, 0xFF, 0xFF, 0xFF, 0xFF,
    0xFF, 0xFF, 0xFF, 0xFF, 0xFF, 0xFF, 0xFF, 0xFF, 0xFF, 0xFF, 0xFF, 0xFF,
    0xFF, 0xFF, 0xFF, 0xFF, 0xFF, 0xFF, 0xFF, 0xFF, 0xFF, 0xFF, 0xFF, 0xFF,
    0xFF, 0xFF, 0xFF, 0xFF, 0xFF, 0xFF, 0xFF, 0xFF, 0xFF, 0xFF, 0xFF, 0xFF,
    0xFF, 0xFF, 0xFF, 0xFF, 0xFF, 0xFF, 0xFF, 0xFF, 0xFF, 0xFF, 0xFF, 0xFF,
    0xFF, 0xFF, 0xFF, 0xFF, 0xFF, 0xFF, 0xFF, 0xFF, 0xFF, 0xFF, 0xFF, 0xFF,
    0xFF, 0xFF, 0xFF, 0xFF, 0xFF, 0xFF, 0xFF, 0xFF, 0xFF, 0xFF, 0xFF, 0xFF,
    0xFF, 0xFF, 0xFF, 0xFF, 0xFF, 0xFF, 0xFF, 0xFF, 0xFF, 0xFF, 0xFF, 0xFF,
    0xFF, 0xFF, 0xFF, 0xFF, 0xFF, 0xFF, 0xFF, 0xFF, 0xFF, 0xFF, 0xFF, 0xFF,
    0xFF, 0xFF, 0xFF, 0xFF, 0xFF, 0xFF, 0xFF, 0xFF, 0xFF, 0xFF, 0xFF, 0xFF,
    0xFF, 0xFF, 0xFF, 0xFF, 0xFF, 0xFF, 0xFF, 0xFF, 0xFF, 0xFF, 0xFF, 0xFF,
    0xFF, 0xFF, 0xFF, 0xFF, 0xFF, 0xFF, 0xFF, 0xFF, 0xFF, 0xFF, 0xFF, 0xFF,
    0xFF, 0xFF, 0xFF, 0xFF, 0xFF, 0xFF, 0xFF, 0xFF, 0xFF, 0xFF, 0xFF, 0xFF,
    0xFF, 0xFF, 0xFF, 0xFF, 0xFF, 0xFF, 0xFF, 0xFF, 0xFF, 0xFF, 0xFF, 0xFF,
    0xFF, 0xFF, 0xFF, 0xFF, 0xFF, 0xFF, 0xFF, 0xFF, 0xFF, 0xFF, 0xFF, 0xFF,
    0xFF, 0xFF, 0xFF, 0xFF, 0xFF, 0xFF, 0xFF, 0xFF, 0xFF, 0xFF, 0xFF, 0xFF,
    0xFF, 0xFF, 0xFF, 0xFF, 0xFF, 0xFF, 0xFF, 0xFF, 0xFF, 0xFF, 0xFF, 0xFF,
    0xFF, 0xFF, 0xFF, 0xFF, 0xFF, 0xFF, 0xFF, 0xFF, 0xFF, 0xFF, 0xFF, 0xFF,
    0xFF, 0xFF, 0xFF, 0xFF, 0xFF, 0xFF, 0xFF, 0xFF, 0xFF, 0xFF, 0xFF, 0xFF,
    0xFF, 0xFF, 0xFF, 0xFF, 0xFF, 0xFF, 0xFF, 0xFF, 0xFF, 0xFF, 0xFF, 0xFF,
    0xFF, 0xFF, 0xFF, 0xFF, 0xFF, 0xFF, 0xFF, 0xFF, 0xFF, 0xFF, 0xFF, 0xFF,
    0xFF, 0xFF, 0xFF, 0xFF, 0xFF, 0xFF, 0xFF, 0xFF, 0xFF, 0xFF, 0xFF, 0xFF,
    0xFF, 0xFF, 0xFF, 0xFF, 0xFF, 0xFF, 0xFF, 0xFF, 0xFF, 0xFF, 0xFF, 0xFF,
    0xFF, 0xFF, 0xFF, 0xFF, 0xFF, 0xFF, 0xFF, 0xFF, 0xFF, 0xFF, 0xFF, 0xFF,
    0xFF, 0xFF, 0xFF, 0xFF, 0xFF, 0xFF, 0xFF, 0xFF, 0xFF, 0xFF, 0xFF, 0xFF,
    0xFF, 0xFF, 0xFF, 0xFF, 0xFF, 0xFF, 0xFF, 0xFF, 0xFF, 0xFF, 0xFF, 0xFF,
    0xFF, 0xFF, 0xFF, 0xFF, 0xFF, 0xFF, 0xFF, 0xFF, 0xFF, 0xFF, 0xFF, 0xFF,
    0xFF, 0xFF, 0xFF, 0xFF, 0xFF, 0xFF, 0xFF, 0xFF, 0xFF, 0xFF, 0xFF, 0xFF,
    0xFF, 0xFF, 0xFF, 0xFF, 0xFF, 0xFF, 0xFF, 0xFF, 0xFF, 0xFF, 0xFF, 0xFF,
    0xFF, 0xFF, 0xFF, 0xFF, 0xFF, 0xFF, 0xFF, 0xFF, 0xFF, 0xFF, 0xFF, 0xFF,
    0xFF, 0xFF, 0xFF, 0xFF, 0xFF, 0xFF, 0xFF, 0xFF, 0xFF, 0xFF, 0xFF, 0xFF,
    0xFF, 0xFF, 0xFF, 0xFF, 0xFF, 0xFF, 0xFF, 0xFF, 0xFF, 0xFF, 0xFF, 0xFF,
    0xFF, 0xFF, 0xFF, 0xFF, 0xFF, 0xFF, 0xFF, 0xFF, 0xFF, 0xFF, 0xFF, 0xFF,
    0xFF, 0xFF, 0xFF, 0xFF, 0xFF, 0xFF, 0xFF, 0xFF, 0xFF, 0xFF, 0xFF, 0xFF,
    0xFF, 0xFF, 0xFF, 0xFF, 0xFF, 0xFF, 0xFF, 0xFF, 0xFF, 0xFF, 0xFF, 0xFF,
    0xFF, 0xFF, 0xFF, 0xFF, 0xFF, 0xFF, 0xFF, 0xFF, 0xFF, 0xFF, 0xFF, 0xFF,
    0xFF, 0xFF, 0xFF, 0xFF, 0xFF, 0xFF, 0xFF, 0xFF, 0xFF, 0xFF, 0xFF, 0xFF,
    0xFF, 0xFF, 0xFF, 0xFF, 0xFF, 0xFF, 0xFF, 0xFF, 0xFF, 0xFF, 0xFF, 0xFF,
    0xFF, 0xFF, 0xFF, 0xFF, 0xFF, 0xFF, 0xFF, 0xFF, 0xFF, 0xFF, 0xFF, 0xFF,
    0xFF, 0xFF, 0xFF, 0xFF, 0xFF, 0xFF, 0xFF, 0xFF, 0xFF, 0xFF, 0xFF, 0xFF,
    0xFF, 0xFF, 0xFF, 0xFF, 0xFF, 0xFF, 0xFF, 0xFF, 0xFF, 0xFF, 0xFF, 0xFF,
    0xFF, 0xFF, 0xFF, 0xFF, 0xFF, 0xFF, 0xFF, 0xFF, 0xFF, 0xFF, 0xFF, 0xFF,
    0xFF, 0xFF, 0xFF, 0xFF, 0xFF, 0xFF, 0xFF, 0xFF, 0xFF, 0xFF, 0xFF, 0xFF,
    0xFF, 0xFF, 0xFF, 0xFF, 0xFF, 0xFF, 0xFF, 0xFF, 0xFF, 0xFF, 0xFF, 0xFF,
    0xFF, 0xFF, 0xFF, 0xFF, 0xFF, 0xFF, 0xFF, 0xFF, 0xFF, 0xFF, 0xFF, 0xFF,
    0xFF, 0xFF, 0xFF, 0xFF, 0xFF, 0xFF, 0xFF, 0xFF, 0xFF, 0xFF, 0xFF, 0xFF,
    0xFF, 0xFF, 0xFF, 0xFF, 0xFF, 0xFF, 0xFF, 0xFF, 0xFF, 0xFF, 0xFF, 0xFF,
    0xFF, 0xFF, 0xFF, 0xFF, 0xFF, 0xFF, 0xFF, 0xFF, 0xFF, 0xFF, 0xFF, 0xFF,
    0xFF, 0xFF, 0xFF, 0xFF, 0xFF, 0xFF, 0xFF, 0xFF, 0xFF, 0xFF, 0xFF, 0xFF,
    0xFF, 0xFF, 0xFF, 0xFF, 0xFF, 0xFF, 0xFF, 0xFF, 0xFF, 0xFF, 0xFF, 0xFF,
    0xFF, 0xFF, 0xFF, 0xFF, 0xFF, 0xFF, 0xFF, 0xFF, 0xFF, 0xFF, 0xFF, 0xFF,
    0xFF, 0xFF, 0xFF, 0xFF, 0xFF, 0xFF, 0xFF, 0xFF, 0xFF, 0xFF, 0xFF, 0xFF,
    0xFF, 0xFF, 0xFF, 0xFF, 0xFF, 0xFF, 0xFF, 0xFF, 0xFF, 0xFF, 0xFF, 0xFF,
    0xFF, 0xFF, 0xFF, 0xFF, 0xFF, 0xFF, 0xFF, 0xFF, 0xFF, 0xFF, 0xFF, 0xFF,
    0xFF, 0xFF, 0xFF, 0xFF, 0xFF, 0xFF, 0xFF, 0xFF, 0xFF, 0xFF, 0xFF, 0xFF,
    0xFF, 0xFF, 0xFF, 0xFF, 0xFF, 0xFF, 0xFF, 0xFF, 0xFF, 0xFF, 0xFF, 0xFF,
    0xFF, 0xFF, 0xFF, 0xFF, 0xFF, 0xFF, 0xFF, 0xFF, 0xFF, 0xFF, 0xFF, 0xFF,
    0xFF, 0xFF, 0xFF, 0xFF, 0xFF, 0xFF, 0xFF, 0xFF, 0xFF, 0xFF, 0xFF, 0xFF,
    0xFF, 0xFF, 0xFF, 0xFF, 0xFF, 0xFF, 0xFF, 0xFF, 0xFF, 0xFF, 0xFF, 0xFF,
    0xFF, 0xFF, 0xFF, 0xFF, 0xFF, 0xFF, 0xFF, 0xFF, 0xFF, 0xFF, 0xFF, 0xFF,
    0xFF, 0xFF, 0xFF, 0xFF, 0xFF, 0xFF, 0xFF, 0xFF, 0xFF, 0xFF, 0xFF, 0xFF,
    0xFF, 0xFF, 0xFF, 0xFF, 0xFF, 0xFF, 0xFF, 0xFF, 0xFF, 0xFF, 0xFF, 0xFF,
    0xFF, 0xFF, 0xFF, 0xFF, 0xFF, 0xFF, 0xFF, 0xFF, 0xFF, 0xFF, 0xFF, 0xFF,
    0xFF, 0xFF, 0xFF, 0xFF, 0xFF, 0xFF, 0xFF, 0xFF, 0xFF, 0xFF, 0xFF, 0xFF,
    0xFF, 0xFF, 0xFF, 0xFF, 0xFF, 0xFF, 0xFF, 0xFF, 0xFF, 0xFF, 0xFF, 0xFF,
    0xFF, 0xFF, 0xFF, 0xFF, 0xFF, 0xFF, 0xFF, 0xFF, 0xFF, 0xFF, 0xFF, 0xFF,
    0xFF, 0xFF, 0xFF, 0xFF, 0xFF, 0xFF, 0xFF, 0xFF, 0xFF, 0xFF, 0xFF, 0xFF,
    0xFF, 0xFF, 0xFF, 0xFF, 0xFF, 0xFF, 0xFF, 0xFF, 0xFF, 0xFF, 0xFF, 0xFF,
    0xFF, 0xFF, 0xFF, 0xFF, 0xFF, 0xFF, 0xFF, 0xFF, 0xFF, 0xFF, 0xFF, 0xFF,
    0xFF, 0xFF, 0xFF, 0xFF, 0xFF, 0xFF, 0xFF, 0xFF, 0xFF, 0xFF, 0xFF, 0xFF,
    0xFF, 0xFF, 0xFF, 0xFF, 0xFF, 0xFF, 0xFF, 0xFF, 0xFF, 0xFF, 0xFF, 0xFF,
    0xFF, 0xFF, 0xFF, 0xFF, 0xFF, 0xFF, 0xFF, 0xFF, 0xFF, 0xFF, 0xFF, 0xFF,
    0xFF, 0xFF, 0xFF, 0xFF, 0xFF, 0xFF, 0xFF, 0xFF, 0xFF, 0xFF, 0xFF, 0xFF,
    0xFF, 0xFF, 0xFF, 0xFF, 0xFF, 0xFF, 0xFF, 0xFF, 0xFF, 0xFF, 0xFF, 0xFF,
    0xFF, 0xFF, 0xFF, 0xFF, 0xFF, 0xFF, 0xFF, 0xFF, 0xFF, 0xFF, 0xFF, 0xFF,
    0xFF, 0xFF, 0xFF, 0xFF, 0xFF, 0xFF, 0xFF, 0xFF, 0xFF, 0xFF, 0xFF, 0xFF,
    0xFF, 0xFF, 0xFF, 0xFF, 0xFF, 0xFF, 0xFF, 0xFF, 0xFF, 0xFF, 0xFF, 0xFF,
    0xFF, 0xFF, 0xFF, 0xFF, 0xFF, 0xFF, 0xFF, 0xFF, 0xFF, 0xFF, 0xFF, 0xFF,
    0xFF, 0xFF, 0xFF, 0xFF, 0xFF, 0xFF, 0xFF, 0xFF, 0xFF, 0xFF, 0xFF, 0xFF,
    0xFF, 0xFF, 0xFF, 0xFF, 0xFF, 0xFF, 0xFF, 0xFF, 0xFF, 0xFF, 0xFF, 0xFF,
    0xFF, 0xFF, 0xFF, 0xFF, 0xFF, 0xFF, 0xFF, 0xFF, 0xFF, 0xFF, 0xFF, 0xFF,
    0xFF, 0xFF, 0xFF, 0xFF, 0xFF, 0xFF, 0xFF, 0xFF, 0xFF, 0xFF, 0xFF, 0xFF,
    0xFF, 0xFF, 0xFF, 0xFF, 0xFF, 0xFF, 0xFF, 0xFF, 0xFF, 0xFF, 0xFF, 0xFF,
    0xFF, 0xFF, 0xFF, 0xFF, 0xFF, 0xFF, 0xFF, 0xFF, 0xFF, 0xFF, 0xFF, 0xFF,
    0xFF, 0xFF, 0xFF, 0xFF, 0xFF, 0xFF, 0xFF, 0xFF, 0xFF, 0xFF, 0xFF, 0xFF,
    0xFF, 0xFF, 0xFF, 0xFF, 0xFF, 0xFF, 0xFF, 0xFF, 0xFF, 0xFF, 0xFF, 0xFF,
    0xFF, 0xFF, 0xFF, 0xFF, 0xFF, 0xFF, 0xFF, 0xFF, 0xFF, 0xFF, 0xFF, 0xFF,
    0xFF, 0xFF, 0xFF, 0xFF, 0xFF, 0xFF, 0xFF, 0xFF, 0xFF, 0xFF, 0xFF, 0xFF,
    0xFF, 0xFF, 0xFF, 0xFF, 0xFF, 0xFF, 0xFF, 0xFF, 0xFF, 0xFF, 0xFF, 0xFF,
    0xFF, 0xFF, 0xFF, 0xFF, 0xFF, 0xFF, 0xFF, 0xFF, 0xFF, 0xFF, 0xFF, 0xFF,
    0xFF, 0xFF, 0xFF, 0xFF, 0xFF, 0xFF, 0xFF, 0xFF, 0xFF, 0xFF, 0xFF, 0xFF,
    0xFF, 0xFF, 0xFF, 0xFF, 0xFF, 0xFF, 0xFF, 0xFF, 0xFF, 0xFF, 0xFF, 0xFF,
    0xFF, 0xFF, 0xFF, 0xFF, 0xFF, 0xFF, 0xFF, 0xFF, 0xFF, 0xFF, 0xFF, 0xFF,
    0xFF, 0xFF, 0xFF, 0xFF, 0xFF, 0xFF, 0xFF, 0xFF, 0xFF, 0xFF, 0xFF, 0xFF,
    0xFF, 0xFF, 0xFF, 0xFF, 0xFF, 0xFF, 0xFF, 0xFF, 0xFF, 0xFF, 0xFF, 0xFF,
    0xFF, 0xFF, 0xFF, 0xFF, 0xFF, 0xFF, 0xFF, 0xFF, 0xFF, 0xFF, 0xFF, 0xFF,
    0xFF, 0xFF, 0xFF, 0xFF, 0xFF, 0xFF, 0xFF, 0xFF, 0xFF, 0xFF, 0xFF, 0xFF,
    0xFF, 0xFF, 0xFF, 0xFF, 0xFF, 0xFF, 0xFF, 0xFF, 0xFF, 0xFF, 0xFF, 0xFF,
    0xFF, 0xFF, 0xFF, 0xFF, 0xFF, 0xFF, 0xFF, 0xFF, 0xFF, 0xFF, 0xFF, 0xFF,
    0xFF, 0xFF, 0xFF, 0xFF, 0xFF, 0xFF, 0xFF, 0xFF, 0xFF, 0xFF, 0xFF, 0xFF,
    0xFF, 0xFF, 0xFF, 0xFF, 0xFF, 0xFF, 0xFF, 0xFF, 0xFF, 0xFF, 0xFF, 0xFF,
    0xFF, 0xFF, 0xFF, 0xFF, 0xFF, 0xFF, 0xFF, 0xFF, 0xFF, 0xFF, 0xFF, 0xFF,
    0xFF, 0xFF, 0xFF, 0xFF, 0xFF, 0xFF, 0xFF, 0xFF, 0xFF, 0xFF, 0xFF, 0xFF,
    0xFF, 0xFF, 0xFF, 0xFF, 0xFF, 0xFF, 0xFF, 0xFF, 0xFF, 0xFF, 0xFF, 0xFF,
    0xFF, 0xFF, 0xFF, 0xFF, 0xFF, 0xFF, 0xFF, 0xFF, 0xFF, 0xFF, 0xFF, 0xFF,
    0xFF, 0xFF, 0xFF, 0xFF, 0xFF, 0xFF, 0xFF, 0xFF, 0xFF, 0xFF, 0xFF, 0xFF,
    0xFF, 0xFF, 0xFF, 0xFF, 0xFF, 0xFF, 0xFF, 0xFF, 0xFF, 0xFF, 0xFF, 0xFF,
    0xFF, 0xFF, 0xFF, 0xFF, 0xFF, 0xFF, 0xFF, 0xFF, 0xFF, 0xFF, 0xFF, 0xFF,
    0xFF, 0xFF, 0xFF, 0xFF, 0xFF, 0xFF, 0xFF, 0xFF, 0xFF, 0xFF, 0xFF, 0xFF,
    0xFF, 0xFF, 0xFF, 0xFF, 0xFF, 0xFF, 0xFF, 0xFF, 0xFF, 0xFF, 0xFF, 0xFF,
    0xFF, 0xFF, 0xFF, 0xFF, 0xFF, 0xFF, 0xFF, 0xFF, 0xFF, 0xFF, 0xFF, 0xFF,
    0xFF, 0xFF, 0xFF, 0xFF, 0xFF, 0xFF, 0xFF, 0xFF, 0xFF, 0xFF, 0xFF, 0xFF,
    0xFF, 0xFF, 0xFF, 0xFF, 0xFF, 0xFF, 0xFF, 0xFF, 0xFF, 0xFF, 0xFF, 0xFF,
    0xFF, 0xFF, 0xFF, 0xFF, 0xFF, 0xFF, 0xFF, 0xFF, 0xFF, 0xFF, 0xFF, 0xFF,
    0xFF, 0xFF, 0xFF, 0xFF, 0xFF, 0xFF, 0xFF, 0xFF, 0xFF, 0xFF, 0xFF, 0xFF,
    0xFF, 0xFF, 0xFF, 0xFF, 0xFF, 0xFF, 0xFF, 0xFF, 0xFF, 0xFF, 0xFF, 0xFF,
    0xFF, 0xFF, 0xFF, 0xFF, 0xFF, 0xFF, 0xFF, 0xFF, 0xFF, 0xFF, 0xFF, 0xFF,
    0xFF, 0xFF, 0xFF, 0xFF, 0xFF, 0xFF, 0xFF, 0xFF, 0xFF, 0xFF, 0xFF, 0xFF,
    0xFF, 0xFF, 0xFF, 0xFF, 0xFF, 0xFF, 0xFF, 0xFF, 0xFF, 0xFF, 0xFF, 0xFF,
    0xFF, 0xFF, 0xFF, 0xFF, 0xFF, 0xFF, 0xFF, 0xFF, 0xFF, 0xFF, 0xFF, 0xFF,
    0xFF, 0xFF, 0xFF, 0xFF, 0xFF, 0xFF, 0xFF, 0xFF, 0xFF, 0xFF, 0xFF, 0xFF,
    0xFF, 0xFF, 0xFF, 0xFF, 0xFF, 0xFF, 0xFF, 0xFF, 0xFF, 0xFF, 0xFF, 0xFF,
    0xFF, 0xFF, 0xFF, 0xFF, 0xFF, 0xFF, 0xFF, 0xFF, 0xFF, 0xFF, 0xFF, 0xFF,
    0xFF, 0xFF, 0xFF, 0xFF, 0xFF, 0xFF, 0xFF, 0xFF, 0xFF, 0xFF, 0xFF, 0xFF,
    0xFF, 0xFF, 0xFF, 0xFF, 0xFF, 0xFF, 0xFF, 0xFF, 0xFF, 0xFF, 0xFF, 0xFF,
    0xFF, 0xFF, 0xFF, 0xFF, 0xFF, 0xFF, 0xFF, 0xFF, 0xFF, 0xFF, 0xFF, 0xFF,
    0xFF, 0xFF, 0xFF, 0xFF, 0xFF, 0xFF, 0xFF, 0xFF, 0xFF, 0xFF, 0xFF, 0xFF,
    0xFF, 0xFF, 0xFF, 0xFF, 0xFF, 0xFF, 0xFF, 0xFF, 0xFF, 0xFF, 0xFF, 0xFF,
    0xFF, 0xFF, 0xFF, 0xFF, 0xFF, 0xFF, 0xFF, 0xFF, 0xFF, 0xFF, 0xFF, 0xFF,
    0xFF, 0xFF, 0xFF, 0xFF, 0xFF, 0xFF, 0xFF, 0xFF, 0xFF, 0xFF, 0xFF, 0xFF,
    0xFF, 0xFF, 0xFF, 0xFF, 0xFF, 0xFF, 0xFF, 0xFF, 0xFF, 0xFF, 0xFF, 0xFF,
    0xFF, 0xFF, 0xFF, 0xFF, 0xFF, 0xFF, 0xFF, 0xFF, 0xFF, 0xFF, 0xFF, 0xFF,
    0xFF, 0xFF, 0xFF, 0xFF, 0xFF, 0xFF, 0xFF, 0xFF, 0xFF, 0xFF, 0xFF, 0xFF,
    0xFF, 0xFF, 0xFF, 0xFF, 0xFF, 0xFF, 0xFF, 0xFF, 0xFF, 0xFF, 0xFF, 0xFF,
    0xFF, 0xFF, 0xFF, 0xFF, 0xFF, 0xFF, 0xFF, 0xFF, 0xFF, 0xFF, 0xFF, 0xFF,
    0xFF, 0xFF, 0xFF, 0xFF, 0xFF, 0xFF, 0xFF, 0xFF, 0xFF, 0xFF, 0xFF, 0xFF,
    0xFF, 0xFF, 0xFF, 0xFF, 0xFF, 0xFF, 0xFF, 0xFF, 0xFF, 0xFF, 0xFF, 0xFF,
    0xFF, 0xFF, 0xFF, 0xFF, 0xFF, 0xFF, 0xFF, 0xFF, 0xFF, 0xFF, 0xFF, 0xFF,
    0xFF, 0xFF, 0xFF, 0xFF, 0xFF, 0xFF, 0xFF, 0xFF, 0xFF, 0xFF, 0xFF, 0xFF,
    0xFF, 0xFF, 0xFF, 0xFF, 0xFF, 0xFF, 0xFF, 0xFF, 0xFF, 0xFF, 0xFF, 0xFF,
    0xFF, 0xFF, 0xFF, 0xFF, 0xFF, 0xFF, 0xFF, 0xFF, 0xFF, 0xFF, 0xFF, 0xFF,
    0xFF, 0xFF, 0xFF, 0xFF, 0xFF, 0xFF, 0xFF, 0xFF, 0xFF, 0xFF, 0xFF, 0xFF,
    0xFF, 0xFF, 0xFF, 0xFF, 0xFF, 0xFF, 0xFF, 0xFF, 0xFF, 0xFF, 0xFF, 0xFF,
    0xFF, 0xFF, 0xFF, 0xFF, 0xFF, 0xFF, 0xFF, 0xFF, 0xFF, 0xFF, 0xFF, 0xFF,
    0xFF, 0xFF, 0xFF, 0xFF, 0xFF, 0xFF, 0xFF, 0xFF, 0xFF, 0xFF, 0xFF, 0xFF,
    0xFF, 0xFF, 0xFF, 0xFF, 0xFF, 0xFF, 0xFF, 0xFF, 0xFF, 0xFF, 0xFF, 0xFF,
    0xFF, 0xFF, 0xFF, 0xFF, 0xFF, 0xFF, 0xFF, 0xFF, 0xFF, 0xFF, 0xFF, 0xFF,
    0xFF, 0xFF, 0xFF, 0xFF, 0xFF, 0xFF, 0xFF, 0xFF, 0xFF, 0xFF, 0xFF, 0xFF,
    0xFF, 0xFF, 0xFF, 0xFF, 0xFF, 0xFF, 0xFF, 0xFF, 0xFF, 0xFF, 0xFF, 0xFF,
    0xFF, 0xFF, 0xFF, 0xFF, 0xFF, 0xFF, 0xFF, 0xFF, 0xFF, 0xFF, 0xFF, 0xFF,
    0xFF, 0xFF, 0xFF, 0xFF, 0xFF, 0xFF, 0xFF, 0xFF, 0xFF, 0xFF, 0xFF, 0xFF,
    0xFF, 0xFF, 0xFF, 0xFF, 0xFF, 0xFF, 0xFF, 0xFF, 0xFF, 0xFF, 0xFF, 0xFF,
    0xFF, 0xFF, 0xFF, 0xFF, 0xFF, 0xFF, 0xFF, 0xFF, 0xFF, 0xFF, 0xFF, 0xFF,
    0xFF, 0xFF, 0xFF, 0xFF, 0xFF, 0xFF, 0xFF, 0xFF, 0xFF, 0xFF, 0xFF, 0xFF,
    0xFF, 0xFF, 0xFF, 0xFF, 0xFF, 0xFF, 0xFF, 0xFF, 0xFF, 0xFF, 0xFF, 0xFF,
    0xFF, 0xFF, 0xFF, 0xFF, 0xFF, 0xFF, 0xFF, 0xFF, 0xFF, 0xFF, 0xFF, 0xFF,
    0xFF, 0xFF, 0xFF, 0xFF, 0xFF, 0xFF, 0xFF, 0xFF, 0xFF, 0xFF, 0xFF, 0xFF,
    0xFF, 0xFF, 0xFF, 0xFF, 0xFF, 0xFF, 0xFF, 0xFF, 0xFF, 0xFF, 0xFF, 0xFF,
    0xFF, 0xFF, 0xFF, 0xFF, 0xFF, 0xFF, 0xFF, 0xFF, 0xFF, 0xFF, 0xFF, 0xFF,
    0xFF, 0xFF, 0xFF, 0xFF, 0xFF, 0xFF, 0xFF, 0xFF, 0xFF, 0xFF, 0xFF, 0xFF,
    0xFF, 0xFF, 0xFF, 0xFF, 0xFF, 0xFF, 0xFF, 0xFF, 0xFF, 0xFF, 0xFF, 0xFF,
    0xFF, 0xFF, 0xFF, 0xFF, 0xFF, 0xFF, 0xFF, 0xFF, 0xFF, 0xFF, 0xFF, 0xFF,
    0xFF, 0xFF, 0xFF, 0xFF, 0xFF, 0xFF, 0xFF, 0xFF, 0xFF, 0xFF, 0xFF, 0xFF,
    0xFF, 0xFF, 0xFF, 0xFF, 0xFF, 0xFF, 0xFF, 0xFF, 0xFF, 0xFF, 0xFF, 0xFF,
    0xFF, 0xFF, 0xFF, 0xFF, 0xFF, 0xFF, 0xFF, 0xFF, 0xFF, 0xFF, 0xFF, 0xFF,
    0xFF, 0xFF, 0xFF, 0xFF, 0xFF, 0xFF, 0xFF, 0xFF, 0xFF, 0xFF, 0xFF, 0xFF,
    0xFF, 0xFF, 0xFF, 0xFF, 0xFF, 0xFF, 0xFF, 0xFF, 0xFF, 0xFF, 0xFF, 0xFF,
    0xFF, 0xFF, 0xFF, 0xFF, 0xFF, 0xFF, 0xFF, 0xFF, 0xFF, 0xFF, 0xFF, 0xFF,
    0xFF, 0xFF, 0xFF, 0xFF, 0xFF, 0xFF, 0xFF, 0xFF, 0xFF, 0xFF, 0xFF, 0xFF,
    0xFF, 0xFF, 0xFF, 0xFF, 0xFF, 0xFF, 0xFF, 0xFF, 0xFF, 0xFF, 0xFF, 0xFF,
    0xFF, 0xFF, 0xFF, 0xFF, 0xFF, 0xFF, 0xFF, 0xFF, 0xFF, 0xFF, 0xFF, 0xFF,
    0xFF, 0xFF, 0xFF, 0xFF, 0xFF, 0xFF, 0xFF, 0xFF, 0xFF, 0xFF, 0xFF, 0xFF,
    0xFF, 0xFF, 0xFF, 0xFF, 0xFF, 0xFF, 0xFF, 0xFF, 0xFF, 0xFF, 0xFF, 0xFF,
    0xFF, 0xFF, 0xFF, 0xFF, 0xFF, 0xFF, 0xFF, 0xFF, 0xFF, 0xFF, 0xFF, 0xFF,
    0xFF, 0xFF, 0xFF, 0xFF, 0xFF, 0xFF, 0xFF, 0xFF, 0xFF, 0xFF, 0xFF, 0xFF,
    0xFF, 0xFF, 0xFF, 0xFF, 0xFF, 0xFF, 0xFF, 0xFF, 0xFF, 0xFF, 0xFF, 0xFF,
    0xFF, 0xFF, 0xFF, 0xFF, 0xFF, 0xFF, 0xFF, 0xFF, 0xFF, 0xFF, 0xFF, 0xFF,
    0xFF, 0xFF, 0xFF, 0xFF, 0xFF, 0xFF, 0xFF, 0xFF, 0xFF, 0xFF, 0xFF, 0xFF,
    0xFF, 0xFF, 0xFF, 0xFF, 0xFF, 0xFF, 0xFF, 0xFF, 0xFF, 0xFF, 0xFF, 0xFF,
    0xFF, 0xFF, 0xFF, 0xFF, 0xFF, 0xFF, 0xFF, 0xFF, 0xFF, 0xFF, 0xFF, 0xFF,
    0xFF, 0xFF, 0xFF, 0xFF, 0xFF, 0xFF, 0xFF, 0xFF, 0xFF, 0xFF, 0xFF, 0xFF,
    0xFF, 0xFF, 0xFF, 0xFF, 0xFF, 0xFF, 0xFF, 0xFF, 0xFF, 0xFF, 0xFF, 0xFF,
    0xFF, 0xFF, 0xFF, 0xFF, 0xFF, 0xFF, 0xFF, 0xFF, 0xFF, 0xFF, 0xFF, 0xFF,
    0xFF, 0xFF, 0xFF, 0xFF, 0xFF, 0xFF, 0xFF, 0xFF, 0xFF, 0xFF, 0xFF, 0xFF,
    0xFF, 0xFF, 0xFF, 0xFF, 0xFF, 0xFF, 0xFF, 0xFF, 0xFF, 0xFF, 0xFF, 0xFF,
    0xFF, 0xFF, 0xFF, 0xFF, 0xFF, 0xFF, 0xFF, 0xFF, 0xFF, 0xFF, 0xFF, 0xFF,
    0xFF, 0xFF, 0xFF, 0xFF, 0xFF, 0xFF, 0xFF, 0xFF, 0xFF, 0xFF, 0xFF, 0xFF,
    0xFF, 0xFF, 0xFF, 0xFF, 0xFF, 0xFF, 0xFF, 0xFF, 0xFF, 0xFF, 0xFF, 0xFF,
    0xFF, 0xFF, 0xFF, 0xFF, 0xFF, 0xFF, 0xFF, 0xFF, 0xFF, 0xFF, 0xFF, 0xFF,
    0xFF, 0xFF, 0xFF, 0xFF, 0xFF, 0xFF, 0xFF, 0xFF, 0xFF, 0xFF, 0xFF, 0xFF,
    0xFF, 0xFF, 0xFF, 0xFF, 0xFF, 0xFF, 0xFF, 0xFF, 0xFF, 0xFF, 0xFF, 0xFF,
    0xFF, 0xFF, 0xFF, 0xFF, 0xFF, 0xFF, 0xFF, 0xFF, 0xFF, 0xFF, 0xFF, 0xFF,
    0xFF, 0xFF, 0xFF, 0xFF, 0xFF, 0xFF, 0xFF, 0xFF, 0xFF, 0xFF, 0xFF, 0xFF,
    0xFF, 0xFF, 0xFF, 0xFF, 0xFF, 0xFF, 0xFF, 0xFF, 0xFF, 0xFF, 0xFF, 0xFF,
    0xFF, 0xFF, 0xFF, 0xFF, 0xFF, 0xFF, 0xFF, 0xFF, 0xFF, 0xFF, 0xFF, 0xFF,
    0xFF, 0xFF, 0xFF, 0xFF, 0xFF, 0xFF, 0xFF, 0xFF, 0xFF, 0xFF, 0xFF, 0xFF,
    0xFF, 0xFF, 0xFF, 0xFF, 0xFF, 0xFF, 0xFF, 0xFF, 0xFF, 0xFF, 0xFF, 0xFF,
    0xFF, 0xFF, 0xFF, 0xFF, 0xFF, 0xFF, 0xFF, 0xFF, 0xFF, 0xFF, 0xFF, 0xFF,
    0xFF, 0xFF, 0xFF, 0xFF, 0xFF, 0xFF, 0xFF, 0xFF, 0xFF, 0xFF, 0xFF, 0xFF,
    0xFF, 0xFF, 0xFF, 0xFF, 0xFF, 0xFF, 0xFF, 0xFF, 0xFF, 0xFF, 0xFF, 0xFF,
    0xFF, 0xFF, 0xFF, 0xFF, 0xFF, 0xFF, 0xFF, 0xFF, 0xFF, 0xFF, 0xFF, 0xFF,
    0xFF, 0xFF, 0xFF, 0xFF, 0xFF, 0xFF, 0xFF, 0xFF, 0xFF, 0xFF, 0xFF, 0xFF,
    0xFF, 0xFF, 0xFF, 0xFF, 0xFF, 0xFF, 0xFF, 0xFF, 0xFF, 0xFF, 0xFF, 0xFF,
    0xFF, 0xFF, 0xFF, 0xFF, 0xFF, 0xFF, 0xFF, 0xFF, 0xFF, 0xFF, 0xFF, 0xFF,
    0xFF, 0xFF, 0xFF, 0xFF, 0xFF, 0xFF, 0xFF, 0xFF, 0xFF, 0xFF, 0xFF, 0xFF,
    0xFF, 0xFF, 0xFF, 0xFF, 0xFF, 0xFF, 0xFF, 0xFF, 0xFF, 0xFF, 0xFF, 0xFF,
    0xFF, 0xFF, 0xFF, 0xFF, 0xFF, 0xFF, 0xFF, 0xFF, 0xFF, 0xFF, 0xFF, 0xFF,
    0xFF, 0xFF, 0xFF, 0xFF, 0xFF, 0xFF, 0xFF, 0xFF, 0xFF, 0xFF, 0xFF, 0xFF,
    0xFF, 0xFF, 0xFF, 0xFF, 0xFF, 0xFF, 0xFF, 0xFF, 0xFF, 0xFF, 0xFF, 0xFF,
    0xFF, 0xFF, 0xFF, 0xFF, 0xFF, 0xFF, 0xFF, 0xFF, 0xFF, 0xFF, 0xFF, 0xFF,
    0xFF, 0xFF, 0xFF, 0xFF, 0xFF, 0xFF, 0xFF, 0xFF, 0xFF, 0xFF, 0xFF, 0xFF,
    0xFF, 0xFF, 0xFF, 0xFF, 0xFF, 0xFF, 0xFF, 0xFF, 0xFF, 0xFF, 0xFF, 0xFF,
    0xFF, 0xFF, 0xFF, 0xFF, 0xFF, 0xFF, 0xFF, 0xFF, 0xFF, 0xFF, 0xFF, 0xFF,
    0xFF, 0xFF, 0xFF, 0xFF, 0xFF, 0xFF, 0xFF, 0xFF, 0xFF, 0xFF, 0xFF, 0xFF,
    0xFF, 0xFF, 0xFF, 0xFF, 0xFF, 0xFF, 0xFF, 0xFF, 0xFF, 0xFF, 0xFF, 0xFF,
    0xFF, 0xFF, 0xFF, 0xFF, 0xFF, 0xFF, 0xFF, 0xFF, 0xFF, 0xFF, 0xFF, 0xFF,
    0xFF, 0xFF, 0xFF, 0xFF, 0xFF, 0xFF, 0xFF, 0xFF, 0xFF, 0xFF, 0xFF, 0xFF,
    0xFF, 0xFF, 0xFF, 0xFF, 0xFF, 0xFF, 0xFF, 0xFF, 0xFF, 0xFF, 0xFF, 0xFF,
    0xFF, 0xFF, 0xFF, 0xFF, 0xFF, 0xFF, 0xFF, 0xFF, 0xFF, 0xFF, 0xFF, 0xFF,
    0xFF, 0xFF, 0xFF, 0xFF, 0xFF, 0xFF, 0xFF, 0xFF, 0xFF, 0xFF, 0xFF, 0xFF,
    0xFF, 0xFF, 0xFF, 0xFF, 0xFF, 0xFF, 0xFF, 0xFF, 0xFF, 0xFF, 0xFF, 0xFF,
    0xFF, 0xFF, 0xFF, 0xFF, 0xFF, 0xFF, 0xFF, 0xFF, 0xFF, 0xFF, 0xFF, 0xFF,
    0xFF, 0xFF, 0xFF, 0xFF, 0xFF, 0xFF, 0xFF, 0xFF, 0xFF, 0xFF, 0xFF, 0xFF,
    0xFF, 0xFF, 0xFF, 0xFF, 0xFF, 0xFF, 0xFF, 0xFF, 0xFF, 0xFF, 0xFF, 0xFF,
    0xFF, 0xFF, 0xFF, 0xFF, 0xFF, 0xFF, 0xFF, 0xFF, 0xFF, 0xFF, 0xFF, 0xFF,
    0xFF, 0xFF, 0xFF, 0xFF, 0xFF, 0xFF, 0xFF, 0xFF, 0xFF, 0xFF, 0xFF, 0xFF,
    0xFF, 0xFF, 0xFF, 0xFF, 0xFF, 0xFF, 0xFF, 0xFF, 0xFF, 0xFF, 0xFF, 0xFF,
    0xFF, 0xFF, 0xFF, 0xFF, 0xFF, 0xFF, 0xFF, 0xFF, 0xFF, 0xFF, 0xFF, 0xFF,
    0xFF, 0xFF, 0xFF, 0xFF, 0xFF, 0xFF, 0xFF, 0xFF, 0xFF, 0xFF, 0xFF, 0xFF,
    0xFF, 0xFF, 0xFF, 0xFF, 0xFF, 0xFF, 0xFF, 0xFF, 0xFF, 0xFF, 0xFF, 0xFF,
    0xFF, 0xFF, 0xFF, 0xFF, 0xFF, 0xFF, 0xFF, 0xFF, 0xFF, 0xFF, 0xFF, 0xFF,
    0xFF, 0xFF, 0xFF, 0xFF, 0xFF, 0xFF, 0xFF, 0xFF, 0xFF, 0xFF, 0xFF, 0xFF,
    0xFF, 0xFF, 0xFF, 0xFF, 0xFF, 0xFF, 0xFF, 0xFF, 0xFF, 0xFF, 0xFF, 0xFF,
    0xFF, 0xFF, 0xFF, 0xFF, 0xFF, 0xFF, 0xFF, 0xFF, 0xFF, 0xFF, 0xFF, 0xFF,
    0xFF, 0xFF, 0xFF, 0xFF, 0xFF, 0xFF, 0xFF, 0xFF, 0xFF, 0xFF, 0xFF, 0xFF,
    0xFF, 0xFF, 0xFF, 0xFF, 0xFF, 0xFF, 0xFF, 0xFF, 0xFF, 0xFF, 0xFF, 0xFF,
    0xFF, 0xFF, 0xFF, 0xFF, 0xFF, 0xFF, 0xFF, 0xFF, 0xFF, 0xFF, 0xFF, 0xFF,
    0xFF, 0xFF, 0xFF, 0xFF, 0xFF, 0xFF, 0xFF, 0xFF, 0xFF, 0xFF, 0xFF, 0xFF,
    0xFF, 0xFF, 0xFF, 0xFF, 0xFF, 0xFF, 0xFF, 0xFF, 0xFF, 0xFF, 0xFF, 0xFF,
    0xFF, 0xFF, 0xFF, 0xFF, 0xFF, 0xFF, 0xFF, 0xFF, 0xFF, 0xFF, 0xFF, 0xFF,
    0xFF, 0xFF, 0xFF, 0xFF, 0xFF, 0xFF, 0xFF, 0xFF, 0xFF, 0xFF, 0xFF, 0xFF,
    0xFF, 0xFF, 0xFF, 0xFF, 0xFF, 0xFF, 0xFF, 0xFF, 0xFF, 0xFF, 0xFF, 0xFF,
    0xFF, 0xFF, 0xFF, 0xFF, 0xFF, 0xFF, 0xFF, 0xFF, 0xFF, 0xFF, 0xFF, 0xFF,
    0xFF, 0xFF, 0xFF, 0xFF, 0xFF, 0xFF, 0xFF, 0xFF, 0xFF, 0xFF, 0xFF, 0xFF,
    0xFF, 0xFF, 0xFF, 0xFF, 0xFF, 0xFF, 0xFF, 0xFF, 0xFF, 0xFF, 0xFF, 0xFF,
    0xFF, 0xFF, 0xFF, 0xFF, 0xFF, 0xFF, 0xFF, 0xFF, 0xFF, 0xFF, 0xFF, 0xFF,
    0xFF, 0xFF, 0xFF, 0xFF, 0xFF, 0xFF, 0xFF, 0xFF, 0xFF, 0xFF, 0xFF, 0xFF,
    0xFF, 0xFF, 0xFF, 0xFF, 0xFF, 0xFF, 0xFF, 0xFF, 0xFF, 0xFF, 0xFF, 0xFF,
    0xFF, 0xFF, 0xFF, 0xFF, 0xFF, 0xFF, 0xFF, 0xFF, 0xFF, 0xFF, 0xFF, 0xFF,
    0xFF, 0xFF, 0xFF, 0xFF, 0xFF, 0xFF, 0xFF, 0xFF, 0xFF, 0xFF, 0xFF, 0xFF,
    0xFF, 0xFF, 0xFF, 0xFF, 0xFF, 0xFF, 0xFF, 0xFF, 0xFF, 0xFF, 0xFF, 0xFF,
    0xFF, 0xFF, 0xFF, 0xFF, 0xFF, 0xFF, 0xFF, 0xFF, 0xFF, 0xFF, 0xFF, 0xFF,
    0xFF, 0xFF, 0xFF, 0xFF, 0xFF, 0xFF, 0xFF, 0xFF, 0xFF, 0xFF, 0xFF, 0xFF,
    0xFF, 0xFF, 0xFF, 0xFF, 0xFF, 0xFF, 0xFF, 0xFF, 0xFF, 0xFF, 0xFF, 0xFF,
    0xFF, 0xFF, 0xFF, 0xFF, 0xFF, 0xFF, 0xFF, 0xFF, 0xFF, 0xFF, 0xFF, 0xFF,
    0xFF, 0xFF, 0xFF, 0xFF, 0xFF, 0xFF, 0xFF, 0xFF, 0xFF, 0xFF, 0xFF, 0xFF,
    0xFF, 0xFF, 0xFF, 0xFF, 0xFF, 0xFF, 0xFF, 0xFF, 0xFF, 0xFF, 0xFF, 0xFF,
    0xFF, 0xFF, 0xFF, 0xFF, 0xFF, 0xFF, 0xFF, 0xFF, 0xFF, 0xFF, 0xFF, 0xFF,
    0xFF, 0xFF, 0xFF, 0xFF, 0xFF, 0xFF, 0xFF, 0xFF, 0xFF, 0xFF, 0xFF, 0xFF,
    0xFF, 0xFF, 0xFF, 0xFF, 0xFF, 0xFF, 0xFF, 0xFF, 0xFF, 0xFF, 0xFF, 0xFF,
    0xFF, 0xFF, 0xFF, 0xFF, 0xFF, 0xFF, 0xFF, 0xFF, 0xFF, 0xFF, 0xFF, 0xFF,
    0xFF, 0xFF, 0xFF, 0xFF, 0xFF, 0xFF, 0xFF, 0xFF, 0xFF, 0xFF, 0xFF, 0xFF,
    0xFF, 0xFF, 0xFF, 0xFF, 0xFF, 0xFF, 0xFF, 0xFF, 0xFF, 0xFF, 0xFF, 0xFF,
    0xFF, 0xFF, 0xFF, 0xFF, 0xFF, 0xFF, 0xFF, 0xFF, 0xFF, 0xFF, 0xFF, 0xFF,
    0xFF, 0xFF, 0xFF, 0xFF, 0xFF, 0xFF, 0xFF, 0xFF, 0xFF, 0xFF, 0xFF, 0xFF,
    0xFF, 0xFF, 0xFF, 0xFF, 0xFF, 0xFF, 0xFF, 0xFF, 0xFF, 0xFF, 0xFF, 0xFF,
    0xFF, 0xFF, 0xFF, 0xFF, 0xFF, 0xFF, 0xFF, 0xFF, 0xFF, 0xFF, 0xFF, 0xFF,
    0xFF, 0xFF, 0xFF, 0xFF, 0xFF, 0xFF, 0xFF, 0xFF, 0xFF, 0xFF, 0xFF, 0xFF,
    0xFF, 0xFF, 0xFF, 0xFF, 0xFF, 0xFF, 0xFF, 0xFF, 0xFF, 0xFF, 0xFF, 0xFF,
    0xFF, 0xFF, 0xFF, 0xFF, 0xFF, 0xFF, 0xFF, 0xFF, 0xFF, 0xFF, 0xFF, 0xFF,
    0xFF, 0xFF, 0xFF, 0xFF, 0xFF, 0xFF, 0xFF, 0xFF, 0xFF, 0xFF, 0xFF, 0xFF,
    0xFF, 0xFF, 0xFF, 0xFF, 0xFF, 0xFF, 0xFF, 0xFF, 0xFF, 0xFF, 0xFF, 0xFF,
    0xFF, 0xFF, 0xFF, 0xFF, 0xFF, 0xFF, 0xFF, 0xFF, 0xFF, 0xFF, 0xFF, 0xFF,
    0xFF, 0xFF, 0xFF, 0xFF, 0xFF, 0xFF, 0xFF, 0xFF, 0xFF, 0xFF, 0xFF, 0xFF,
    0xFF, 0xFF, 0xFF, 0xFF, 0xFF, 0xFF, 0xFF, 0xFF, 0xFF, 0xFF, 0xFF, 0xFF,
    0xFF, 0xFF, 0xFF, 0xFF, 0xFF, 0xFF, 0xFF, 0xFF, 0xFF, 0xFF, 0xFF, 0xFF,
    0xFF, 0xFF, 0xFF, 0xFF, 0xFF, 0xFF, 0xFF, 0xFF, 0xFF, 0xFF, 0xFF, 0xFF,
    0xFF, 0xFF, 0xFF, 0xFF, 0xFF, 0xFF, 0xFF, 0xFF, 0xFF, 0xFF, 0xFF, 0xFF,
    0xFF, 0xFF, 0xFF, 0xFF, 0xFF, 0xFF, 0xFF, 0xFF, 0xFF, 0xFF, 0xFF, 0xFF,
    0xFF, 0xFF, 0xFF, 0xFF, 0xFF, 0xFF, 0xFF, 0xFF, 0xFF, 0xFF, 0xFF, 0xFF,
    0xFF, 0xFF, 0xFF, 0xFF, 0xFF, 0xFF, 0xFF, 0xFF, 0xFF, 0xFF, 0xFF, 0xFF,
    0xFF, 0xFF, 0xFF, 0xFF, 0xFF, 0xFF, 0xFF, 0xFF, 0xFF, 0xFF, 0xFF, 0xFF,
    0xFF, 0xFF, 0xFF, 0xFF, 0xFF, 0xFF, 0xFF, 0xFF, 0xFF, 0xFF, 0xFF, 0xFF,
    0xFF, 0xFF, 0xFF, 0xFF, 0xFF, 0xFF, 0xFF, 0xFF, 0xFF, 0xFF, 0xFF, 0xFF,
    0xFF, 0xFF, 0xFF, 0xFF, 0xFF, 0xFF, 0xFF, 0xFF, 0xFF, 0xFF, 0xFF, 0xFF,
    0xFF, 0xFF, 0xFF, 0xFF, 0xFF, 0xFF, 0xFF, 0xFF, 0xFF, 0xFF, 0xFF, 0xFF,
    0xFF, 0xFF, 0xFF, 0xFF, 0xFF, 0xFF, 0xFF, 0xFF, 0xFF, 0xFF, 0xFF, 0xFF,
    0xFF, 0xFF, 0xFF, 0xFF, 0xFF, 0xFF, 0xFF, 0xFF, 0xFF, 0xFF, 0xFF, 0xFF,
    0xFF, 0xFF, 0xFF, 0xFF, 0xFF, 0xFF, 0xFF, 0xFF, 0xFF, 0xFF, 0xFF, 0xFF,
    0xFF, 0xFF, 0xFF, 0xFF, 0xFF, 0xFF, 0xFF, 0xFF, 0xFF, 0xFF, 0xFF, 0xFF,
    0xFF, 0xFF, 0xFF, 0xFF, 0xFF, 0xFF, 0xFF, 0xFF, 0xFF, 0xFF, 0xFF, 0xFF,
    0xFF, 0xFF, 0xFF, 0xFF, 0xFF, 0xFF, 0xFF, 0xFF, 0xFF, 0xFF, 0xFF, 0xFF,
    0xFF, 0xFF, 0xFF, 0xFF, 0xFF, 0xFF, 0xFF, 0xFF, 0xFF, 0xFF, 0xFF, 0xFF,
    0xFF, 0xFF, 0xFF, 0xFF, 0xFF, 0xFF, 0xFF, 0xFF, 0xFF, 0xFF, 0xFF, 0xFF,
    0xFF, 0xFF, 0xFF, 0xFF, 0xFF, 0xFF, 0xFF, 0xFF, 0xFF, 0xFF, 0xFF, 0xFF,
    0xFF, 0xFF, 0xFF, 0xFF, 0xFF, 0xFF, 0xFF, 0xFF, 0xFF, 0xFF, 0xFF, 0xFF,
    0xFF, 0xFF, 0xFF, 0xFF, 0xFF, 0xFF, 0xFF, 0xFF, 0xFF, 0xFF, 0xFF, 0xFF,
    0xFF, 0xFF, 0xFF, 0xFF, 0xFF, 0xFF, 0xFF, 0xFF, 0xFF, 0xFF, 0xFF, 0xFF,
    0xFF, 0xFF, 0xFF, 0xFF, 0xFF, 0xFF, 0xFF, 0xFF, 0xFF, 0xFF, 0xFF, 0xFF,
    0xFF, 0xFF, 0xFF, 0xFF, 0xFF, 0xFF, 0xFF, 0xFF, 0xFF, 0xFF, 0xFF, 0xFF,
    0xFF, 0xFF, 0xFF, 0xFF, 0xFF, 0xFF, 0xFF, 0xFF, 0xFF, 0xFF, 0xFF, 0xFF,
    0xFF, 0xFF, 0xFF, 0xFF, 0xFF, 0xFF, 0xFF, 0xFF, 0xFF, 0xFF, 0xFF, 0xFF,
    0xFF, 0xFF, 0xFF, 0xFF, 0xFF, 0xFF, 0xFF, 0xFF, 0xFF, 0xFF, 0xFF, 0xFF,
    0xFF, 0xFF, 0xFF, 0xFF, 0xFF, 0xFF, 0xFF, 0xFF, 0xFF, 0xFF, 0xFF, 0xFF,
    0xFF, 0xFF, 0xFF, 0xFF, 0xFF, 0xFF, 0xFF, 0xFF, 0xFF, 0xFF, 0xFF, 0xFF,
    0xFF, 0xFF, 0xFF, 0xFF, 0xFF, 0xFF, 0xFF, 0xFF, 0xFF, 0xFF, 0xFF, 0xFF,
    0xFF, 0xFF, 0xFF, 0xFF, 0xFF, 0xFF, 0xFF, 0xFF, 0xFF, 0xFF, 0xFF, 0xFF,
    0xFF, 0xFF, 0xFF, 0xFF, 0xFF, 0xFF, 0xFF, 0xFF, 0xFF, 0xFF, 0xFF, 0xFF,
    0xFF, 0xFF, 0xFF, 0xFF, 0xFF, 0xFF, 0xFF, 0xFF, 0xFF, 0xFF, 0xFF, 0xFF,
    0xFF, 0xFF, 0xFF, 0xFF, 0xFF, 0xFF, 0xFF, 0xFF, 0xFF, 0xFF, 0xFF, 0xFF,
    0xFF, 0xFF, 0xFF, 0xFF, 0xFF, 0xFF, 0xFF, 0xFF, 0xFF, 0xFF, 0xFF, 0xFF,
    0xFF, 0xFF, 0xFF, 0xFF, 0xFF, 0xFF, 0xFF, 0xFF, 0xFF, 0xFF, 0xFF, 0xFF,
    0xFF, 0xFF, 0xFF, 0xFF, 0xFF, 0xFF, 0xFF, 0xFF, 0xFF, 0xFF, 0xFF, 0xFF,
    0xFF, 0xFF, 0xFF, 0xFF, 0xFF, 0xFF, 0xFF, 0xFF, 0xFF, 0xFF, 0xFF, 0xFF,
    0xFF, 0xFF, 0xFF, 0xFF, 0xFF, 0xFF, 0xFF, 0xFF, 0xFF, 0xFF, 0xFF, 0xFF,
    0xFF, 0xFF, 0xFF, 0xFF, 0xFF, 0xFF, 0xFF, 0xFF, 0xFF, 0xFF, 0xFF, 0xFF,
    0xFF, 0xFF, 0xFF, 0xFF, 0xFF, 0xFF, 0xFF, 0xFF, 0xFF, 0xFF, 0xFF, 0xFF,
    0xFF, 0xFF, 0xFF, 0xFF, 0xFF, 0xFF, 0xFF, 0xFF, 0xFF, 0xFF, 0xFF, 0xFF,
    0xFF, 0xFF, 0xFF, 0xFF, 0xFF, 0xFF, 0xFF, 0xFF, 0xFF, 0xFF, 0xFF, 0xFF,
    0xFF, 0xFF, 0xFF, 0xFF, 0xFF, 0xFF, 0xFF, 0xFF, 0xFF, 0xFF, 0xFF, 0xFF,
    0xFF, 0xFF, 0xFF, 0xFF, 0xFF, 0xFF, 0xFF, 0xFF, 0xFF, 0xFF, 0xFF, 0xFF,
    0xFF, 0xFF, 0xFF, 0xFF, 0xFF, 0xFF, 0xFF, 0xFF, 0xFF, 0xFF, 0xFF, 0xFF,
    0xFF, 0xFF, 0xFF, 0xFF, 0xFF, 0xFF, 0xFF, 0xFF, 0xFF, 0xFF, 0xFF, 0xFF,
    0xFF, 0xFF, 0xFF, 0xFF, 0xFF, 0xFF, 0xFF, 0xFF, 0xFF, 0xFF, 0xFF, 0xFF,
    0xFF, 0xFF, 0xFF, 0xFF, 0xFF, 0xFF, 0xFF, 0xFF, 0xFF, 0xFF, 0xFF, 0xFF,
    0xFF, 0xFF, 0xFF, 0xFF, 0xFF, 0xFF, 0xFF, 0xFF, 0xFF, 0xFF, 0xFF, 0xFF,
    0xFF, 0xFF, 0xFF, 0xFF, 0xFF, 0xFF, 0xFF, 0xFF, 0xFF, 0xFF, 0xFF, 0xFF,
    0xFF, 0xFF, 0xFF, 0xFF, 0xFF, 0xFF, 0xFF, 0xFF, 0xFF, 0xFF, 0xFF, 0xFF,
    0xFF, 0xFF, 0xFF, 0xFF, 0xFF, 0xFF, 0xFF, 0xFF, 0xFF, 0xFF, 0xFF, 0xFF,
    0xFF, 0xFF, 0xFF, 0xFF, 0xFF, 0xFF, 0xFF, 0xFF, 0xFF, 0xFF, 0xFF, 0xFF,
    0xFF, 0xFF, 0xFF, 0xFF, 0xFF, 0xFF, 0xFF, 0xFF, 0xFF, 0xFF, 0xFF, 0xFF,
    0xFF, 0xFF, 0xFF, 0xFF, 0xFF, 0xFF, 0xFF, 0xFF, 0xFF, 0xFF, 0xFF, 0xFF,
    0xFF, 0xFF, 0xFF, 0xFF, 0xFF, 0xFF, 0xFF, 0xFF, 0xFF, 0xFF, 0xFF, 0xFF,
    0xFF, 0xFF, 0xFF, 0xFF, 0xFF, 0xFF, 0xFF, 0xFF, 0xFF, 0xFF, 0xFF, 0xFF,
    0xFF, 0xFF, 0xFF, 0xFF, 0xFF, 0xFF, 0xFF, 0xFF, 0xFF, 0xFF, 0xFF, 0xFF,
    0xFF, 0xFF, 0xFF, 0xFF, 0xFF, 0xFF, 0xFF, 0xFF, 0xFF, 0xFF, 0xFF, 0xFF,
    0xFF, 0xFF, 0xFF, 0xFF, 0xFF, 0xFF, 0xFF, 0xFF, 0xFF, 0xFF, 0xFF, 0xFF,
    0xFF, 0xFF, 0xFF, 0xFF, 0xFF, 0xFF, 0xFF, 0xFF, 0xFF, 0xFF, 0xFF, 0xFF,
    0xFF, 0xFF, 0xFF, 0xFF, 0xFF, 0xFF, 0xFF, 0xFF, 0xFF, 0xFF, 0xFF, 0xFF,
    0xFF, 0xFF, 0xFF, 0xFF, 0xFF, 0xFF, 0xFF, 0xFF, 0xFF, 0xFF, 0xFF, 0xFF,
    0xFF, 0xFF, 0xFF, 0xFF, 0xFF, 0xFF, 0xFF, 0xFF, 0xFF, 0xFF, 0xFF, 0xFF,
    0xFF, 0xFF, 0xFF, 0xFF, 0xFF, 0xFF, 0xFF, 0xFF, 0xFF, 0xFF, 0xFF, 0xFF,
    0xFF, 0xFF, 0xFF, 0xFF, 0xFF, 0xFF, 0xFF, 0xFF, 0xFF, 0xFF, 0xFF, 0xFF,
    0xFF, 0xFF, 0xFF, 0xFF, 0xFF, 0xFF, 0xFF, 0xFF, 0xFF, 0xFF, 0xFF, 0xFF,
    0xFF, 0xFF, 0xFF, 0xFF, 0xFF, 0xFF, 0xFF, 0xFF, 0xFF, 0xFF, 0xFF, 0xFF,
    0xFF, 0xFF, 0xFF, 0xFF, 0xFF, 0xFF, 0xFF, 0xFF, 0xFF, 0xFF, 0xFF, 0xFF,
    0xFF, 0xFF, 0xFF, 0xFF, 0xFF, 0xFF, 0xFF, 0xFF, 0xFF, 0xFF, 0xFF, 0xFF,
    0xFF, 0xFF, 0xFF, 0xFF, 0xFF, 0xFF, 0xFF, 0xFF, 0xFF, 0xFF, 0xFF, 0xFF,
    0xFF, 0xFF, 0xFF, 0xFF, 0xFF, 0xFF, 0xFF, 0xFF, 0xFF, 0xFF, 0xFF, 0xFF,
    0xFF, 0xFF, 0xFF, 0xFF, 0xFF, 0xFF, 0xFF, 0xFF, 0xFF, 0xFF, 0xFF, 0xFF,
    0xFF, 0xFF, 0xFF, 0xFF, 0xFF, 0xFF, 0xFF, 0xFF, 0xFF, 0xFF, 0xFF, 0xFF,
    0xFF, 0xFF, 0xFF, 0xFF, 0xFF, 0xFF, 0xFF, 0xFF, 0xFF, 0xFF, 0xFF, 0xFF,
    0xFF, 0xFF, 0xFF, 0xFF, 0xFF, 0xFF, 0xFF, 0xFF, 0xFF, 0xFF, 0xFF, 0xFF,
    0xFF, 0xFF, 0xFF, 0xFF, 0xFF, 0xFF, 0xFF, 0xFF, 0xFF, 0xFF, 0xFF, 0xFF,
    0xFF, 0xFF, 0xFF, 0xFF, 0xFF, 0xFF, 0xFF, 0xFF, 0xFF, 0xFF, 0xFF, 0xFF,
    0xFF, 0xFF, 0xFF, 0xFF, 0xFF, 0xFF, 0xFF, 0xFF, 0xFF, 0xFF, 0xFF, 0xFF,
    0xFF, 0xFF, 0xFF, 0xFF, 0xFF, 0xFF, 0xFF, 0xFF, 0xFF, 0xFF, 0xFF, 0xFF,
    0xFF, 0xFF, 0xFF, 0xFF, 0xFF, 0xFF, 0xFF, 0xFF, 0xFF, 0xFF, 0xFF, 0xFF,
    0xFF, 0xFF, 0xFF, 0xFF, 0xFF, 0xFF, 0xFF, 0xFF, 0xFF, 0xFF, 0xFF, 0xFF,
    0xFF, 0xFF, 0xFF, 0xFF, 0xFF, 0xFF, 0xFF, 0xFF, 0xFF, 0xFF, 0xFF, 0xFF,
    0xFF, 0xFF, 0xFF, 0xFF, 0xFF, 0xFF, 0xFF, 0xFF, 0xFF, 0xFF, 0xFF, 0xFF,
    0xFF, 0xFF, 0xFF, 0xFF, 0xFF, 0xFF, 0xFF, 0xFF, 0xFF, 0xFF, 0xFF, 0xFF,
    0xFF, 0xFF, 0xFF, 0xFF, 0xFF, 0xFF, 0xFF, 0xFF, 0xFF, 0xFF, 0xFF, 0xFF,
    0xFF, 0xFF, 0xFF, 0xFF, 0xFF, 0xFF, 0xFF, 0xFF, 0xFF, 0xFF, 0xFF, 0xFF,
    0xFF, 0xFF, 0xFF, 0xFF, 0xFF, 0xFF, 0xFF, 0xFF, 0xFF, 0xFF, 0xFF, 0xFF,
    0xFF, 0xFF, 0xFF, 0xFF, 0xFF, 0xFF, 0xFF, 0xFF, 0xFF, 0xFF, 0xFF, 0xFF,
    0xFF, 0xFF, 0xFF, 0xFF, 0xFF, 0xFF, 0xFF, 0xFF, 0xFF, 0xFF, 0xFF, 0xFF,
    0xFF, 0xFF, 0xFF, 0xFF, 0xFF, 0xFF, 0xFF, 0xFF, 0xFF, 0xFF, 0xFF, 0xFF,
    0xFF, 0xFF, 0xFF, 0xFF, 0xFF, 0xFF, 0xFF, 0xFF, 0xFF, 0xFF, 0xFF, 0xFF,
    0xFF, 0xFF, 0xFF, 0xFF, 0xFF, 0xFF, 0xFF, 0xFF, 0xFF, 0xFF, 0xFF, 0xFF,
    0xFF, 0xFF, 0xFF, 0xFF, 0xFF, 0xFF, 0xFF, 0xFF, 0xFF, 0xFF, 0xFF, 0xFF,
    0xFF, 0xFF, 0xFF, 0xFF, 0xFF, 0xFF, 0xFF, 0xFF, 0xFF, 0xFF, 0xFF, 0xFF,
    0xFF, 0xFF, 0xFF, 0xFF, 0xFF, 0xFF, 0xFF, 0xFF, 0xFF, 0xFF, 0xFF, 0xFF,
    0xFF, 0xFF, 0xFF, 0xFF, 0xFF, 0xFF, 0xFF, 0xFF, 0xFF, 0xFF, 0xFF, 0xFF,
    0xFF, 0xFF, 0xFF, 0xFF, 0xFF, 0xFF, 0xFF, 0xFF, 0xFF, 0xFF, 0xFF, 0xFF,
    0xFF, 0xFF, 0xFF, 0xFF, 0xFF, 0xFF, 0xFF, 0xFF, 0xFF, 0xFF, 0xFF, 0xFF,
    0xFF, 0xFF, 0xFF, 0xFF, 0xFF, 0xFF, 0xFF, 0xFF, 0xFF, 0xFF, 0xFF, 0xFF,
    0xFF, 0xFF, 0xFF, 0xFF, 0xFF, 0xFF, 0xFF, 0xFF, 0xFF, 0xFF, 0xFF, 0xFF,
    0xFF, 0xFF, 0xFF, 0xFF, 0xFF, 0xFF, 0xFF, 0xFF, 0xFF, 0xFF, 0xFF, 0xFF,
    0xFF, 0xFF, 0xFF, 0xFF, 0xFF, 0xFF, 0xFF, 0xFF, 0xFF, 0xFF, 0xFF, 0xFF,
    0xFF, 0xFF, 0xFF, 0xFF, 0xFF, 0xFF, 0xFF, 0xFF, 0xFF, 0xFF, 0xFF, 0xFF,
    0xFF, 0xFF, 0xFF, 0xFF, 0xFF, 0xFF, 0xFF, 0xFF, 0xFF, 0xFF, 0xFF, 0xFF,
    0xFF, 0xFF, 0xFF, 0xFF, 0xFF, 0xFF, 0xFF, 0xFF, 0xFF, 0xFF, 0xFF, 0xFF,
    0xFF, 0xFF, 0xFF, 0xFF, 0xFF, 0xFF, 0xFF, 0xFF, 0xFF, 0xFF, 0xFF, 0xFF,
    0xFF, 0xFF, 0xFF, 0xFF, 0xFF, 0xFF, 0xFF, 0xFF, 0xFF, 0xFF, 0xFF, 0xFF,
    0xFF, 0xFF, 0xFF, 0xFF, 0xFF, 0xFF, 0xFF, 0xFF, 0xFF, 0xFF, 0xFF, 0xFF,
    0xFF, 0xFF, 0xFF, 0xFF, 0xFF, 0xFF, 0xFF, 0xFF, 0xFF, 0xFF, 0xFF, 0xFF,
    0xFF, 0xFF, 0xFF, 0xFF, 0xFF, 0xFF, 0xFF, 0xFF, 0xFF, 0xFF, 0xFF, 0xFF,
    0xFF, 0xFF, 0xFF, 0xFF, 0xFF, 0xFF, 0xFF, 0xFF, 0xFF, 0xFF, 0xFF, 0xFF,
    0xFF, 0xFF, 0xFF, 0xFF, 0xFF, 0xFF, 0xFF, 0xFF, 0xFF, 0xFF, 0xFF, 0xFF,
    0xFF, 0xFF, 0xFF, 0xFF, 0xFF, 0xFF, 0xFF, 0xFF, 0xFF, 0xFF, 0xFF, 0xFF,
    0xFF, 0xFF, 0xFF, 0xFF, 0xFF, 0xFF, 0xFF, 0xFF, 0xFF, 0xFF, 0xFF, 0xFF,
    0xFF, 0xFF, 0xFF, 0xFF, 0xFF, 0xFF, 0xFF, 0xFF, 0xFF, 0xFF, 0xFF, 0xFF,
    0xFF, 0xFF, 0xFF, 0xFF, 0xFF, 0xFF, 0xFF, 0xFF, 0xFF, 0xFF, 0xFF, 0xFF,
    0xFF, 0xFF, 0xFF, 0xFF, 0xFF, 0xFF, 0xFF, 0xFF, 0xFF, 0xFF, 0xFF, 0xFF,
    0xFF, 0xFF, 0xFF, 0xFF, 0xFF, 0xFF, 0xFF, 0xFF, 0xFF, 0xFF, 0xFF, 0xFF,
    0xFF, 0xFF, 0xFF, 0xFF, 0xFF, 0xFF, 0xFF, 0xFF, 0xFF, 0xFF, 0xFF, 0xFF,
    0xFF, 0xFF, 0xFF, 0xFF, 0xFF, 0xFF, 0xFF, 0xFF, 0xFF, 0xFF, 0xFF, 0xFF,
    0xFF, 0xFF, 0xFF, 0xFF, 0xFF, 0xFF, 0xFF, 0xFF, 0xFF, 0xFF, 0xFF, 0xFF,
    0xFF, 0xFF, 0xFF, 0xFF, 0xFF, 0xFF, 0xFF, 0xFF, 0xFF, 0xFF, 0xFF, 0xFF,
    0xFF, 0xFF, 0xFF, 0xFF, 0xFF, 0xFF, 0xFF, 0xFF, 0xFF, 0xFF, 0xFF, 0xFF,
    0xFF, 0xFF, 0xFF, 0xFF, 0xFF, 0xFF, 0xFF, 0xFF, 0xFF, 0xFF, 0xFF, 0xFF,
    0xFF, 0xFF, 0xFF, 0xFF, 0xFF, 0xFF, 0xFF, 0xFF, 0xFF, 0xFF, 0xFF, 0xFF,
    0xFF, 0xFF, 0xFF, 0xFF, 0xFF, 0xFF, 0xFF, 0xFF, 0xFF, 0xFF, 0xFF, 0xFF,
    0xFF, 0xFF, 0xFF, 0xFF, 0xFF, 0xFF, 0xFF, 0xFF, 0xFF, 0xFF, 0xFF, 0xFF,
    0xFF, 0xFF, 0xFF, 0xFF, 0xFF, 0xFF, 0xFF, 0xFF, 0xFF, 0xFF, 0xFF, 0xFF,
    0xFF, 0xFF, 0xFF, 0xFF, 0xFF, 0xFF, 0xFF, 0xFF, 0xFF, 0xFF, 0xFF, 0xFF,
    0xFF, 0xFF, 0xFF, 0xFF, 0xFF, 0xFF, 0xFF, 0xFF, 0xFF, 0xFF, 0xFF, 0xFF,
    0xFF, 0xFF, 0xFF, 0xFF, 0xFF, 0xFF, 0xFF, 0xFF, 0xFF, 0xFF, 0xFF, 0xFF,
    0xFF, 0xFF, 0xFF, 0xFF, 0xFF, 0xFF, 0xFF, 0xFF, 0xFF, 0xFF, 0xFF, 0xFF,
    0xFF, 0xFF, 0xFF, 0xFF, 0xFF, 0xFF, 0xFF, 0xFF, 0xFF, 0xFF, 0xFF, 0xFF,
    0xFF, 0xFF, 0xFF, 0xFF, 0xFF, 0xFF, 0xFF, 0xFF, 0xFF, 0xFF, 0xFF, 0xFF,
    0xFF, 0xFF, 0xFF, 0xFF, 0xFF, 0xFF, 0xFF, 0xFF, 0xFF, 0xFF, 0xFF, 0xFF,
    0xFF, 0xFF, 0xFF, 0xFF, 0xFF, 0xFF, 0xFF, 0xFF, 0xFF, 0xFF, 0xFF, 0xFF,
    0xFF, 0xFF, 0xFF, 0xFF, 0xFF, 0xFF, 0xFF, 0xFF, 0xFF, 0xFF, 0xFF, 0xFF,
    0xFF, 0xFF, 0xFF, 0xFF, 0xFF, 0xFF, 0xFF, 0xFF, 0xFF, 0xFF, 0xFF, 0xFF,
    0xFF, 0xFF, 0xFF, 0xFF, 0xFF, 0xFF, 0xFF, 0xFF, 0xFF, 0xFF, 0xFF, 0xFF,
    0xFF, 0xFF, 0xFF, 0xFF, 0xFF, 0xFF, 0xFF, 0xFF, 0xFF, 0xFF, 0xFF, 0xFF,
    0xFF, 0xFF, 0xFF, 0xFF, 0xFF, 0xFF, 0xFF, 0xFF, 0xFF, 0xFF, 0xFF, 0xFF,
    0xFF, 0xFF, 0xFF, 0xFF, 0xFF, 0xFF, 0xFF, 0xFF, 0xFF, 0xFF, 0xFF, 0xFF,
    0xFF, 0xFF, 0xFF, 0xFF, 0xFF, 0xFF, 0xFF, 0xFF, 0xFF, 0xFF, 0xFF, 0xFF,
    0xFF, 0xFF, 0xFF, 0xFF, 0xFF, 0xFF, 0xFF, 0xFF, 0xFF, 0xFF, 0xFF, 0xFF,
    0xFF, 0xFF, 0xFF, 0xFF, 0xFF, 0xFF, 0xFF, 0xFF, 0xFF, 0xFF, 0xFF, 0xFF,
    0xFF, 0xFF, 0xFF, 0xFF, 0xFF, 0xFF, 0xFF, 0xFF, 0xFF, 0xFF, 0xFF, 0xFF,
    0xFF, 0xFF, 0xFF, 0xFF, 0xFF, 0xFF, 0xFF, 0xFF, 0xFF, 0xFF, 0xFF, 0xFF,
    0xFF, 0xFF, 0xFF, 0xFF, 0xFF, 0xFF, 0xFF, 0xFF, 0xFF, 0xFF, 0xFF, 0xFF,
    0xFF, 0xFF, 0xFF, 0xFF, 0xFF, 0xFF, 0xFF, 0xFF, 0xFF, 0xFF, 0xFF, 0xFF,
    0xFF, 0xFF, 0xFF, 0xFF, 0xFF, 0xFF, 0xFF, 0xFF, 0xFF, 0xFF, 0xFF, 0xFF,
    0xFF, 0xFF, 0xFF, 0xFF, 0xFF, 0xFF, 0xFF, 0xFF, 0xFF, 0xFF, 0xFF, 0xFF,
    0xFF, 0xFF, 0xFF, 0xFF, 0xFF, 0xFF, 0xFF, 0xFF, 0xFF, 0xFF, 0xFF, 0xFF,
    0xFF, 0xFF, 0xFF, 0xFF, 0xFF, 0xFF, 0xFF, 0xFF, 0xFF, 0xFF, 0xFF, 0xFF,
    0xFF, 0xFF, 0xFF, 0xFF, 0xFF, 0xFF, 0xFF, 0xFF, 0xFF, 0xFF, 0xFF, 0xFF,
    0xFF, 0xFF, 0xFF, 0xFF, 0xFF, 0xFF, 0xFF, 0xFF, 0xFF, 0xFF, 0xFF, 0xFF,
    0xFF, 0xFF, 0xFF, 0xFF, 0xFF, 0xFF, 0xFF, 0xFF, 0xFF, 0xFF, 0xFF, 0xFF,
    0xFF, 0xFF, 0xFF, 0xFF, 0xFF, 0xFF, 0xFF, 0xFF, 0xFF, 0xFF, 0xFF, 0xFF,
    0xFF, 0xFF, 0xFF, 0xFF, 0xFF, 0xFF, 0xFF, 0xFF, 0xFF, 0xFF, 0xFF, 0xFF,
    0xFF, 0xFF, 0xFF, 0xFF, 0xFF, 0xFF, 0xFF, 0xFF, 0xFF, 0xFF, 0xFF, 0xFF,
    0xFF, 0xFF, 0xFF, 0xFF, 0xFF, 0xFF, 0xFF, 0xFF, 0xFF, 0xFF, 0xFF, 0xFF,
    0xFF, 0xFF, 0xFF, 0xFF, 0xFF, 0xFF, 0xFF, 0xFF, 0xFF, 0xFF, 0xFF, 0xFF,
    0xFF, 0xFF, 0xFF, 0xFF, 0xFF, 0xFF, 0xFF, 0xFF, 0xFF, 0xFF, 0xFF, 0xFF,
    0xFF, 0xFF, 0xFF, 0xFF, 0xFF, 0xFF, 0xFF, 0xFF, 0xFF, 0xFF, 0xFF, 0xFF,
    0xFF, 0xFF, 0xFF, 0xFF, 0xFF, 0xFF, 0xFF, 0xFF, 0xFF, 0xFF, 0xFF, 0xFF,
    0xFF, 0xFF, 0xFF, 0xFF, 0xFF, 0xFF, 0xFF, 0xFF, 0xFF, 0xFF, 0xFF, 0xFF,
    0xFF, 0xFF, 0xFF, 0xFF, 0xFF, 0xFF, 0xFF, 0xFF, 0xFF, 0xFF, 0xFF, 0xFF,
    0xFF, 0xFF, 0xFF, 0xFF, 0xFF, 0xFF, 0xFF, 0xFF, 0xFF, 0xFF, 0xFF, 0xFF,
    0xFF, 0xFF, 0xFF, 0xFF, 0xFF, 0xFF, 0xFF, 0xFF, 0xFF, 0xFF, 0xFF, 0xFF,
    0xFF, 0xFF, 0xFF, 0xFF, 0xFF, 0xFF, 0xFF, 0xFF, 0xFF, 0xFF, 0xFF, 0xFF,
    0xFF, 0xFF, 0xFF, 0xFF, 0xFF, 0xFF, 0xFF, 0xFF, 0xFF, 0xFF, 0xFF, 0xFF,
    0xFF, 0xFF, 0xFF, 0xFF, 0xFF, 0xFF, 0xFF, 0xFF, 0xFF, 0xFF, 0xFF, 0xFF,
    0xFF, 0xFF, 0xFF, 0xFF, 0xFF, 0xFF, 0xFF, 0xFF, 0xFF, 0xFF, 0xFF, 0xFF,
    0xFF, 0xFF, 0xFF, 0xFF, 0xFF, 0xFF, 0xFF, 0xFF, 0xFF, 0xFF, 0xFF, 0xFF,
    0xFF, 0xFF, 0xFF, 0xFF, 0xFF, 0xFF, 0xFF, 0xFF, 0xFF, 0xFF, 0xFF, 0xFF,
    0xFF, 0xFF, 0xFF, 0xFF, 0xFF, 0xFF, 0xFF, 0xFF, 0xFF, 0xFF, 0xFF, 0xFF,
    0xFF, 0xFF, 0xFF, 0xFF, 0xFF, 0xFF, 0xFF, 0xFF, 0xFF, 0xFF, 0xFF, 0xFF,
    0xFF, 0xFF, 0xFF, 0xFF, 0xFF, 0xFF, 0xFF, 0xFF, 0xFF, 0xFF, 0xFF, 0xFF,
    0xFF, 0xFF, 0xFF, 0xFF, 0xFF, 0xFF, 0xFF, 0xFF, 0xFF, 0xFF, 0xFF, 0xFF,
    0xFF, 0xFF, 0xFF, 0xFF, 0xFF, 0xFF, 0xFF, 0xFF, 0xFF, 0xFF, 0xFF, 0xFF,
    0xFF, 0xFF, 0xFF, 0xFF, 0xFF, 0xFF, 0xFF, 0xFF, 0xFF, 0xFF, 0xFF, 0xFF,
    0xFF, 0xFF, 0xFF, 0xFF, 0xFF, 0xFF, 0xFF, 0xFF, 0xFF, 0xFF, 0xFF, 0xFF,
    0xFF, 0xFF, 0xFF, 0xFF, 0xFF, 0xFF, 0xFF, 0xFF, 0xFF, 0xFF, 0xFF, 0xFF,
    0xFF, 0xFF, 0xFF, 0xFF, 0xFF, 0xFF, 0xFF, 0xFF, 0xFF, 0xFF, 0xFF, 0xFF,
    0xFF, 0xFF, 0xFF, 0xFF, 0xFF, 0xFF, 0xFF, 0xFF, 0xFF, 0xFF, 0xFF, 0xFF,
    0xFF, 0xFF, 0xFF, 0xFF, 0xFF, 0xFF, 0xFF, 0xFF, 0xFF, 0xFF, 0xFF, 0xFF,
    0xFF, 0xFF, 0xFF, 0xFF, 0xFF, 0xFF, 0xFF, 0xFF, 0xFF, 0xFF, 0xFF, 0xFF,
    0xFF, 0xFF, 0xFF, 0xFF, 0xFF, 0xFF, 0xFF, 0xFF, 0xFF, 0xFF, 0xFF, 0xFF,
    0xFF, 0xFF, 0xFF, 0xFF, 0xFF, 0xFF, 0xFF, 0xFF, 0xFF, 0xFF, 0xFF, 0xFF,
    0xFF, 0xFF, 0xFF, 0xFF, 0xFF, 0xFF, 0xFF, 0xFF, 0xFF, 0xFF, 0xFF, 0xFF,
    0xFF, 0xFF, 0xFF, 0xFF, 0xFF, 0xFF, 0xFF, 0xFF, 0xFF, 0xFF, 0xFF, 0xFF,
    0xFF, 0xFF, 0xFF, 0xFF, 0xFF, 0xFF, 0xFF, 0xFF, 0xFF, 0xFF, 0xFF, 0xFF,
    0xFF, 0xFF, 0xFF, 0xFF, 0xFF, 0xFF, 0xFF, 0xFF, 0xFF, 0xFF, 0xFF, 0xFF,
    0xFF, 0xFF, 0xFF, 0xFF, 0xFF, 0xFF, 0xFF, 0xFF, 0xFF, 0xFF, 0xFF, 0xFF,
    0xFF, 0xFF, 0xFF, 0xFF, 0xFF, 0xFF, 0xFF, 0xFF, 0xFF, 0xFF, 0xFF, 0xFF,
    0xFF, 0xFF, 0xFF, 0xFF, 0xFF, 0xFF, 0xFF, 0xFF, 0xFF, 0xFF, 0xFF, 0xFF,
    0xFF, 0xFF, 0xFF, 0xFF, 0xFF, 0xFF, 0xFF, 0xFF, 0xFF, 0xFF, 0xFF, 0xFF,
    0xFF, 0xFF, 0xFF, 0xFF, 0xFF, 0xFF, 0xFF, 0xFF, 0xFF, 0xFF, 0xFF, 0xFF,
    0xFF, 0xFF, 0xFF, 0xFF, 0xFF, 0xFF, 0xFF, 0xFF, 0xFF, 0xFF, 0xFF, 0xFF,
    0xFF, 0xFF, 0xFF, 0xFF, 0xFF, 0xFF, 0xFF, 0xFF, 0xFF, 0xFF, 0xFF, 0xFF,
    0xFF, 0xFF, 0xFF, 0xFF, 0xFF, 0xFF, 0xFF, 0xFF, 0xFF, 0xFF, 0xFF, 0xFF,
    0xFF, 0xFF, 0xFF, 0xFF, 0xFF, 0xFF, 0xFF, 0xFF, 0xFF, 0xFF, 0xFF, 0xFF,
    0xFF, 0xFF, 0xFF, 0xFF, 0xFF, 0xFF, 0xFF, 0xFF, 0xFF, 0xFF, 0xFF, 0xFF,
    0xFF, 0xFF, 0xFF, 0xFF, 0xFF, 0xFF, 0xFF, 0xFF, 0xFF, 0xFF, 0xFF, 0xFF,
    0xFF, 0xFF, 0xFF, 0xFF, 0xFF, 0xFF, 0xFF, 0xFF, 0xFF, 0xFF, 0xFF, 0xFF,
    0xFF, 0xFF, 0xFF, 0xFF, 0xFF, 0xFF, 0xFF, 0xFF, 0xFF, 0xFF, 0xFF, 0xFF,
    0xFF, 0xFF, 0xFF, 0xFF, 0xFF, 0xFF, 0xFF, 0xFF, 0xFF, 0xFF, 0xFF, 0xFF,
    0xFF, 0xFF, 0xFF, 0xFF, 0xFF, 0xFF, 0xFF, 0xFF, 0xFF, 0xFF, 0xFF, 0xFF,
    0xFF, 0xFF, 0xFF, 0xFF, 0xFF, 0xFF, 0xFF, 0xFF, 0xFF, 0xFF, 0xFF, 0xFF,
    0xFF, 0xFF, 0xFF, 0xFF, 0xFF, 0xFF, 0xFF, 0xFF, 0xFF, 0xFF, 0xFF, 0xFF,
    0xFF, 0xFF, 0xFF, 0xFF, 0xFF, 0xFF, 0xFF, 0xFF, 0xFF, 0xFF, 0xFF, 0xFF,
    0xFF, 0xFF, 0xFF, 0xFF, 0xFF, 0xFF, 0xFF, 0xFF, 0xFF, 0xFF, 0xFF, 0xFF,
    0xFF, 0xFF, 0xFF, 0xFF, 0xFF, 0xFF, 0xFF, 0xFF, 0xFF, 0xFF, 0xFF, 0xFF,
    0xFF, 0xFF, 0xFF, 0xFF, 0xFF, 0xFF, 0xFF, 0xFF, 0xFF, 0xFF, 0xFF, 0xFF,
    0xFF, 0xFF, 0xFF, 0xFF, 0xFF, 0xFF, 0xFF, 0xFF, 0xFF, 0xFF, 0xFF, 0xFF,
    0xFF, 0xFF, 0xFF, 0xFF, 0xFF, 0xFF, 0xFF, 0xFF, 0xFF, 0xFF, 0xFF, 0xFF,
    0xFF, 0xFF, 0xFF, 0xFF, 0xFF, 0xFF, 0xFF, 0xFF, 0xFF, 0xFF, 0xFF, 0xFF,
    0xFF, 0xFF, 0xFF, 0xFF, 0xFF, 0xFF, 0xFF, 0xFF, 0xFF, 0xFF, 0xFF, 0xFF,
    0xFF, 0xFF, 0xFF, 0xFF, 0xFF, 0xFF, 0xFF, 0xFF, 0xFF, 0xFF, 0xFF, 0xFF,
    0xFF, 0xFF, 0xFF, 0xFF, 0xFF, 0xFF, 0xFF, 0xFF, 0xFF, 0xFF, 0xFF, 0xFF,
    0xFF, 0xFF, 0xFF, 0xFF, 0xFF, 0xFF, 0xFF, 0xFF, 0xFF, 0xFF, 0xFF, 0xFF,
    0xFF, 0xFF, 0xFF, 0xFF, 0xFF, 0xFF, 0xFF, 0xFF, 0xFF, 0xFF, 0xFF, 0xFF,
    0xFF, 0xFF, 0xFF, 0xFF, 0xFF, 0xFF, 0xFF, 0xFF, 0xFF, 0xFF, 0xFF, 0xFF,
    0xFF, 0xFF, 0xFF, 0xFF, 0xFF, 0xFF, 0xFF, 0xFF, 0xFF, 0xFF, 0xFF, 0xFF,
    0xFF, 0xFF, 0xFF, 0xFF, 0xFF, 0xFF, 0xFF, 0xFF, 0xFF, 0xFF, 0xFF, 0xFF,
    0xFF, 0xFF, 0xFF, 0xFF, 0xFF, 0xFF, 0xFF, 0xFF, 0xFF, 0xFF, 0xFF, 0xFF,
    0xFF, 0xFF, 0xFF, 0xFF, 0xFF, 0xFF, 0xFF, 0xFF, 0xFF, 0xFF, 0xFF, 0xFF,
    0xFF, 0xFF, 0xFF, 0xFF, 0xFF, 0xFF, 0xFF, 0xFF, 0xFF, 0xFF, 0xFF, 0xFF,
    0xFF, 0xFF, 0xFF, 0xFF, 0xFF, 0xFF, 0xFF, 0xFF, 0xFF, 0xFF, 0xFF, 0xFF,
    0xFF, 0xFF, 0xFF, 0xFF, 0xFF, 0xFF, 0xFF, 0xFF, 0xFF, 0xFF, 0xFF, 0xFF,
    0xFF, 0xFF, 0xFF, 0xFF, 0xFF, 0xFF, 0xFF, 0xFF, 0xFF, 0xFF, 0xFF, 0xFF,
    0xFF, 0xFF, 0xFF, 0xFF, 0xFF, 0xFF, 0xFF, 0xFF, 0xFF, 0xFF, 0xFF, 0xFF,
    0xFF, 0xFF, 0xFF, 0xFF, 0xFF, 0xFF, 0xFF, 0xFF, 0xFF, 0xFF, 0xFF, 0xFF,
    0xFF, 0xFF, 0xFF, 0xFF, 0xFF, 0xFF, 0xFF, 0xFF, 0xFF, 0xFF, 0xFF, 0xFF,
    0xFF, 0xFF, 0xFF, 0xFF, 0xFF, 0xFF, 0xFF, 0xFF, 0xFF, 0xFF, 0xFF, 0xFF,
    0xFF, 0xFF, 0xFF, 0xFF, 0xFF, 0xFF, 0xFF, 0xFF, 0xFF, 0xFF, 0xFF, 0xFF,
    0xFF, 0xFF, 0xFF, 0xFF, 0xFF, 0xFF, 0xFF, 0xFF, 0xFF, 0xFF, 0xFF, 0xFF,
    0xFF, 0xFF, 0xFF, 0xFF, 0xFF, 0xFF, 0xFF, 0xFF, 0xFF, 0xFF, 0xFF, 0xFF,
    0xFF, 0xFF, 0xFF, 0xFF, 0xFF, 0xFF, 0xFF, 0xFF, 0xFF, 0xFF, 0xFF, 0xFF,
    0xFF, 0xFF, 0xFF, 0xFF, 0xFF, 0xFF, 0xFF, 0xFF, 0xFF, 0xFF, 0xFF, 0xFF,
    0xFF, 0xFF, 0xFF, 0xFF, 0xFF, 0xFF, 0xFF, 0xFF, 0xFF, 0xFF, 0xFF, 0xFF,
    0xFF, 0xFF, 0xFF, 0xFF, 0xFF, 0xFF, 0xFF, 0xFF, 0xFF, 0xFF, 0xFF, 0xFF,
    0xFF, 0xFF, 0xFF, 0xFF, 0xFF, 0xFF, 0xFF, 0xFF, 0xFF, 0xFF, 0xFF, 0xFF,
    0xFF, 0xFF, 0xFF, 0xFF, 0xFF, 0xFF, 0xFF, 0xFF, 0xFF, 0xFF, 0xFF, 0xFF,
    0xFF, 0xFF, 0xFF, 0xFF, 0xFF, 0xFF, 0xFF, 0xFF, 0xFF, 0xFF, 0xFF, 0xFF,
    0xFF, 0xFF, 0xFF, 0xFF, 0xFF, 0xFF, 0xFF, 0xFF, 0xFF, 0xFF, 0xFF, 0xFF,
    0xFF, 0xFF, 0xFF, 0xFF, 0xFF, 0xFF, 0xFF, 0xFF, 0xFF, 0xFF, 0xFF, 0xFF,
    0xFF, 0xFF, 0xFF, 0xFF, 0xFF, 0xFF, 0xFF, 0xFF, 0xFF, 0xFF, 0xFF, 0xFF,
    0xFF, 0xFF, 0xFF, 0xFF, 0xFF, 0xFF, 0xFF, 0xFF, 0xFF, 0xFF, 0xFF, 0xFF,
    0xFF, 0xFF, 0xFF, 0xFF, 0xFF, 0xFF, 0xFF, 0xFF, 0xFF, 0xFF, 0xFF, 0xFF,
    0xFF, 0xFF, 0xFF, 0xFF, 0xFF, 0xFF, 0xFF, 0xFF, 0xFF, 0xFF, 0xFF, 0xFF,
    0xFF, 0xFF, 0xFF, 0xFF, 0xFF, 0xFF, 0xFF, 0xFF, 0xFF, 0xFF, 0xFF, 0xFF,
    0xFF, 0xFF, 0xFF, 0xFF, 0xFF, 0xFF, 0xFF, 0xFF, 0xFF, 0xFF, 0xFF, 0xFF,
    0xFF, 0xFF, 0xFF, 0xFF, 0xFF, 0xFF, 0xFF, 0xFF, 0xFF, 0xFF, 0xFF, 0xFF,
    0xFF, 0xFF, 0xFF, 0xFF, 0xFF, 0xFF, 0xFF, 0xFF, 0xFF, 0xFF, 0xFF, 0xFF,
    0xFF, 0xFF, 0xFF, 0xFF, 0xFF, 0xFF, 0xFF, 0xFF, 0xFF, 0xFF, 0xFF, 0xFF,
    0xFF, 0xFF, 0xFF, 0xFF, 0xFF, 0xFF, 0xFF, 0xFF, 0xFF, 0xFF, 0xFF, 0xFF,
    0xFF, 0xFF, 0xFF, 0xFF, 0xFF, 0xFF, 0xFF, 0xFF, 0xFF, 0xFF, 0xFF, 0xFF,
    0xFF, 0xFF, 0xFF, 0xFF, 0xFF, 0xFF, 0xFF, 0xFF, 0xFF, 0xFF, 0xFF, 0xFF,
    0xFF, 0xFF, 0xFF, 0xFF, 0xFF, 0xFF, 0xFF, 0xFF, 0xFF, 0xFF, 0xFF, 0xFF,
    0xFF, 0xFF, 0xFF, 0xFF, 0xFF, 0xFF, 0xFF, 0xFF, 0xFF, 0xFF, 0xFF, 0xFF,
    0xFF, 0xFF, 0xFF, 0xFF, 0xFF, 0xFF, 0xFF, 0xFF, 0xFF, 0xFF, 0xFF, 0xFF,
    0xFF, 0xFF, 0xFF, 0xFF, 0xFF, 0xFF, 0xFF, 0xFF, 0xFF, 0xFF, 0xFF, 0xFF,
    0xFF, 0xFF, 0xFF, 0xFF, 0xFF, 0xFF, 0xFF, 0xFF, 0xFF, 0xFF, 0xFF, 0xFF,
    0xFF, 0xFF, 0xFF, 0xFF, 0xFF, 0xFF, 0xFF, 0xFF, 0xFF, 0xFF, 0xFF, 0xFF,
    0xFF, 0xFF, 0xFF, 0xFF, 0xFF, 0xFF, 0xFF, 0xFF, 0xFF, 0xFF, 0xFF, 0xFF,
    0xFF, 0xFF, 0xFF, 0xFF, 0xFF, 0xFF, 0xFF, 0xFF, 0xFF, 0xFF, 0xFF, 0xFF,
    0xFF, 0xFF, 0xFF, 0xFF, 0xFF, 0xFF, 0xFF, 0xFF, 0xFF, 0xFF, 0xFF, 0xFF,
    0xFF, 0xFF, 0xFF, 0xFF, 0xFF, 0xFF, 0xFF, 0xFF, 0xFF, 0xFF, 0xFF, 0xFF,
    0xFF, 0xFF, 0xFF, 0xFF, 0xFF, 0xFF, 0xFF, 0xFF, 0xFF, 0xFF, 0xFF, 0xFF,
    0xFF, 0xFF, 0xFF, 0xFF, 0xFF, 0xFF, 0xFF, 0xFF, 0xFF, 0xFF, 0xFF, 0xFF,
    0xFF, 0xFF, 0xFF, 0xFF, 0xFF, 0xFF, 0xFF, 0xFF, 0xFF, 0xFF, 0xFF, 0xFF,
    0xFF, 0xFF, 0xFF, 0xFF, 0xFF, 0xFF, 0xFF, 0xFF, 0xFF, 0xFF, 0xFF, 0xFF,
    0xFF, 0xFF, 0xFF, 0xFF, 0xFF, 0xFF, 0xFF, 0xFF, 0xFF, 0xFF, 0xFF, 0xFF,
    0xFF, 0xFF, 0xFF, 0xFF, 0xFF, 0xFF, 0xFF, 0xFF, 0xFF, 0xFF, 0xFF, 0xFF,
    0xFF, 0xFF, 0xFF, 0xFF, 0xFF, 0xFF, 0xFF, 0xFF, 0xFF, 0xFF, 0xFF, 0xFF,
    0xFF, 0xFF, 0xFF, 0xFF, 0xFF, 0xFF, 0xFF, 0xFF, 0xFF, 0xFF, 0xFF, 0xFF,
    0xFF, 0xFF, 0xFF, 0xFF, 0xFF, 0xFF, 0xFF, 0xFF, 0xFF, 0xFF, 0xFF, 0xFF,
    0xFF, 0xFF, 0xFF, 0xFF, 0xFF, 0xFF, 0xFF, 0xFF, 0xFF, 0xFF, 0xFF, 0xFF,
    0xFF, 0xFF, 0xFF, 0xFF, 0xFF, 0xFF, 0xFF, 0xFF, 0xFF, 0xFF, 0xFF, 0xFF,
    0xFF, 0xFF, 0xFF, 0xFF, 0xFF, 0xFF, 0xFF, 0xFF, 0xFF, 0xFF, 0xFF, 0xFF,
    0xFF, 0xFF, 0xFF, 0xFF, 0xFF, 0xFF, 0xFF, 0xFF, 0xFF, 0xFF, 0xFF, 0xFF,
    0xFF, 0xFF, 0xFF, 0xFF, 0xFF, 0xFF, 0xFF, 0xFF, 0xFF, 0xFF, 0xFF, 0xFF,
    0xFF, 0xFF, 0xFF, 0xFF, 0xFF, 0xFF, 0xFF, 0xFF, 0xFF, 0xFF, 0xFF, 0xFF,
    0xFF, 0xFF, 0xFF, 0xFF, 0xFF, 0xFF, 0xFF, 0xFF, 0xFF, 0xFF, 0xFF, 0xFF,
    0xFF, 0xFF, 0xFF, 0xFF, 0xFF, 0xFF, 0xFF, 0xFF, 0xFF, 0xFF, 0xFF, 0xFF,
    0xFF, 0xFF, 0xFF, 0xFF, 0xFF, 0xFF, 0xFF, 0xFF, 0xFF, 0xFF, 0xFF, 0xFF,
    0xFF, 0xFF, 0xFF, 0xFF, 0xFF, 0xFF, 0xFF, 0xFF, 0xFF, 0xFF, 0xFF, 0xFF,
    0xFF, 0xFF, 0xFF, 0xFF, 0xFF, 0xFF, 0xFF, 0xFF, 0xFF, 0xFF, 0xFF, 0xFF,
    0xFF, 0xFF, 0xFF, 0xFF, 0xFF, 0xFF, 0xFF, 0xFF, 0xFF, 0xFF, 0xFF, 0xFF,
    0xFF, 0xFF, 0xFF, 0xFF, 0xFF, 0xFF, 0xFF, 0xFF, 0xFF, 0xFF, 0xFF, 0xFF,
    0xFF, 0xFF, 0xFF, 0xFF, 0xFF, 0xFF, 0xFF, 0xFF, 0xFF, 0xFF, 0xFF, 0xFF,
    0xFF, 0xFF, 0xFF, 0xFF, 0xFF, 0xFF, 0xFF, 0xFF, 0xFF, 0xFF, 0xFF, 0xFF,
    0xFF, 0xFF, 0xFF, 0xFF, 0xFF, 0xFF, 0xFF, 0xFF, 0xFF, 0xFF, 0xFF, 0xFF,
    0xFF, 0xFF, 0xFF, 0xFF, 0xFF, 0xFF, 0xFF, 0xFF, 0xFF, 0xFF, 0xFF, 0xFF,
    0xFF, 0xFF, 0xFF, 0xFF, 0xFF, 0xFF, 0xFF, 0xFF, 0xFF, 0xFF, 0xFF, 0xFF,
    0xFF, 0xFF, 0xFF, 0xFF, 0xFF, 0xFF, 0xFF, 0xFF, 0xFF, 0xFF, 0xFF, 0xFF,
    0xFF, 0xFF, 0xFF, 0xFF, 0xFF, 0xFF, 0xFF, 0xFF, 0xFF, 0xFF, 0xFF, 0xFF,
    0xFF, 0xFF, 0xFF, 0xFF, 0xFF, 0xFF, 0xFF, 0xFF, 0xFF, 0xFF, 0xFF, 0xFF,
    0xFF, 0xFF, 0xFF, 0xFF, 0xFF, 0xFF, 0xFF, 0xFF, 0xFF, 0xFF, 0xFF, 0xFF,
    0xFF, 0xFF, 0xFF, 0xFF, 0xFF, 0xFF, 0xFF, 0xFF, 0x46, 0x55, 0x4A, 0x49,
    0x01, 0x00, 0x01, 0x00, 0x00, 0x00, 0xFF, 0xFF, 0xFF, 0xFF, 0xFF, 0xFF,
    0xFF, 0xFF, 0xFF, 0xFF, 0xFF, 0xFF, 0xFF, 0xFF, 0xFF, 0xFF, 0xFF, 0xFF,
    0xFF, 0xFF, 0xFF, 0xFF, 0xFF, 0xFF, 0xFF, 0xFF, 0xFF, 0xFF, 0xFF, 0xFF,
    0xFF, 0xFF, 0xFF, 0xFF, 0xFF, 0xFF, 0xFF, 0xFF, 0xFF, 0xFF, 0xFF, 0xFF,
    0xFF, 0xFF, 0xFF, 0xFF, 0xFF, 0xFF, 0xFF, 0xFF, 0xFF, 0xFF, 0xFF, 0xFF,
    0xFF, 0xFF, 0xFF, 0xFF, 0xFF, 0xFF, 0xFF, 0xFF, 0xFF, 0xFF, 0xFF, 0xFF,
    0xFF, 0xFF, 0xFF, 0xFF, 0xFF, 0xFF, 0xFF, 0xFF, 0xFF, 0xFF, 0xFF, 0xFF,
    0xFF, 0xFF, 0xFF, 0xFF, 0xFF, 0xFF, 0xFF, 0xFF, 0xFF, 0xFF, 0xFF, 0xFF,
    0xFF, 0xFF, 0xFF, 0xFF, 0xFF, 0xFF, 0xFF, 0xFF, 0xFF, 0xFF, 0xFF, 0xFF,
    0xFF, 0xFF, 0xFF, 0xFF, 0xFF, 0xFF, 0xFF, 0xFF, 0xFF, 0xFF, 0xFF, 0xFF,
    0xFF, 0xFF, 0xFF, 0xFF, 0xFF, 0xFF, 0xFF, 0xFF, 0xFF, 0xFF, 0xFF, 0xFF,
    0xFF, 0x87, 0x5B, 0x54, 0x00, 0x88, 0x3E, 0x88,
};

#endif /* FUJICONFIGROM_H */
