/* fujiconfigrom.h -- GENERATED by tools/mkromh.py from config.sms, do not edit. */

#ifndef FUJICONFIGROM_H
#define FUJICONFIGROM_H

#define FUJI_CONFIGROM_SIZE 32768

static const unsigned char _configrom[FUJI_CONFIGROM_SIZE] = {
    0xC3, 0x00, 0x01, 0x00, 0x00, 0x00, 0x00, 0x00, 0x0E, 0xBF, 0xF3, 0xED,
    0x69, 0xED, 0x61, 0xFB, 0xC9, 0x5A, 0x38, 0x38, 0x44, 0x4B, 0x00, 0x00,
    0x7D, 0xD3, 0xBE, 0x7C, 0xD6, 0x00, 0x00, 0xD3, 0xBE, 0xC9, 0xC9, 0x00,
    0x00, 0x00, 0x00, 0x00, 0x00, 0x00, 0x00, 0x00, 0x00, 0x00, 0x00, 0x00,
    0xC9, 0x00, 0x00, 0x00, 0x00, 0x00, 0x00, 0x00, 0xF5, 0xE5, 0xDB, 0xBF,
    0x32, 0xDD, 0xC7, 0xB7, 0xF2, 0x54, 0x00, 0x2A, 0x25, 0xC0, 0x23, 0x22,
    0x25, 0xC0, 0x21, 0x05, 0xC0, 0xCD, 0x79, 0x00, 0xE1, 0xF1, 0xFB, 0xC9,
    0x2A, 0xE1, 0xC7, 0xCD, 0x8F, 0x00, 0x18, 0xF4, 0x00, 0x00, 0x00, 0x00,
    0x00, 0x00, 0x00, 0x00, 0x00, 0x00, 0xF5, 0xE5, 0x21, 0x27, 0xC0, 0x7E,
    0xEE, 0x01, 0x77, 0x21, 0x15, 0xC0, 0xCD, 0x79, 0x00, 0xE1, 0xF1, 0xED,
    0x45, 0xC5, 0xD5, 0x7E, 0x23, 0xB6, 0x28, 0x0C, 0xE5, 0x7E, 0x2B, 0x6E,
    0x67, 0xCD, 0x8F, 0x00, 0xE1, 0x23, 0x18, 0xEF, 0xD1, 0xC1, 0xC9, 0xE9,
    0x00, 0x00, 0x00, 0x00, 0x00, 0x00, 0x00, 0x00, 0x00, 0x00, 0x00, 0x00,
    0x00, 0x00, 0x00, 0x00, 0x00, 0x00, 0x00, 0x00, 0x00, 0x00, 0x00, 0x00,
    0x00, 0x00, 0x00, 0x00, 0x00, 0x00, 0x00, 0x00, 0x00, 0x00, 0x00, 0x00,
    0x00, 0x00, 0x00, 0x00, 0x00, 0x00, 0x00, 0x00, 0x00, 0x00, 0x00, 0x00,
    0x00, 0x00, 0x00, 0x00, 0x00, 0x00, 0x00, 0x00, 0x00, 0x00, 0x00, 0x00,
    0x00, 0x00, 0x00, 0x00, 0x00, 0x00, 0x00, 0x00, 0x00, 0x00, 0x00, 0x00,
    0x00, 0x00, 0x00, 0x00, 0x00, 0x00, 0x00, 0x00, 0x00, 0x00, 0x00, 0x00,
    0x00, 0x00, 0x00, 0x00, 0x00, 0x00, 0x00, 0x00, 0x00, 0x00, 0x00, 0x00,
    0x00, 0x00, 0x00, 0x00, 0x00, 0x00, 0x00, 0x00, 0x00, 0x00, 0x00, 0x00,
    0x00, 0x00, 0x00, 0x00, 0x31, 0xF0, 0xDF, 0x21, 0x00, 0xC0, 0x11, 0x01,
    0xC0, 0x01, 0xFF, 0x1F, 0x36, 0x00, 0xED, 0xB0, 0xCD, 0x4D, 0x01, 0x21,
    0xC0, 0xFF, 0x39, 0xF9, 0x22, 0xDB, 0xC7, 0xCD, 0x2D, 0x01, 0xCD, 0xD3,
    0x54, 0xED, 0x56, 0xFB, 0xCD, 0x02, 0x07, 0xE5, 0xCD, 0x66, 0x01, 0x18,
    0xFE, 0x21, 0x37, 0x01, 0x06, 0x16, 0x0E, 0xBF, 0xED, 0xB3, 0xC9, 0x06,
    0x80, 0x80, 0x81, 0xFF, 0x82, 0xFF, 0x83, 0xFF, 0x84, 0xFF, 0x85, 0xFB,
    0x86, 0xFF, 0x87, 0x00, 0x88, 0x00, 0x89, 0xFF, 0x8A, 0xAF, 0x21, 0x00,
    0xC0, 0x01, 0xE4, 0x07, 0x11, 0x01, 0xC0, 0x77, 0xED, 0xB0, 0x21, 0x6C,
    0x67, 0x11, 0xDE, 0xC7, 0x01, 0x07, 0x00, 0xED, 0xB0, 0xC9, 0xC9, 0x7D,
    0x2F, 0x6F, 0x7C, 0x2F, 0x67, 0x23, 0xC9, 0xB7, 0xC8, 0xFE, 0x10, 0xD2,
    0x86, 0x56, 0x47, 0x29, 0x10, 0xFD, 0xC9, 0x7B, 0x2F, 0x5F, 0x7A, 0x2F,
    0x57, 0x13, 0xC9, 0x7D, 0x2F, 0x6F, 0x7C, 0x2F, 0x67, 0x7B, 0x2F, 0x5F,
    0x7A, 0x2F, 0x57, 0x2C, 0xC0, 0x24, 0xC0, 0x13, 0xC9, 0xA7, 0x18, 0x01,
    0x37, 0xD9, 0xC1, 0xE1, 0xD1, 0xC5, 0xDA, 0x93, 0x55, 0xCD, 0x93, 0x55,
    0xD9, 0xC9, 0xD9, 0xC1, 0xE1, 0xD1, 0xC5, 0xC3, 0x15, 0x56, 0xDD, 0xE1,
    0xC1, 0x79, 0xBD, 0x20, 0x12, 0x78, 0xBC, 0x20, 0x0E, 0xC1, 0x79, 0xBB,
    0x20, 0x0A, 0x78, 0xBA, 0x20, 0x06, 0x21, 0x00, 0x00, 0xDD, 0xE9, 0xC1,
    0x37, 0x21, 0x01, 0x00, 0xDD, 0xE9, 0x7D, 0xEB, 0xC3, 0x6F, 0x01, 0xEB,
    0x1D, 0xF8, 0xCB, 0x3C, 0xCB, 0x1D, 0xC3, 0xD4, 0x01, 0xB7, 0xED, 0x52,
    0x37, 0x23, 0xC8, 0xAF, 0x6F, 0x67, 0xC9, 0x60, 0x69, 0xC3, 0xE0, 0x55,
    0xB7, 0xED, 0x52, 0x37, 0x21, 0x01, 0x00, 0xC0, 0xB7, 0x2D, 0xC9, 0x39,
    0x23, 0x23, 0x7E, 0x23, 0x66, 0x6F, 0xE3, 0xE9, 0x7E, 0x23, 0x66, 0x6F,
    0x5E, 0x23, 0x56, 0x23, 0x7E, 0x23, 0x66, 0x6F, 0xEB, 0xC9, 0x7E, 0x23,
    0x66, 0x6F, 0x5E, 0x23, 0x56, 0x23, 0x7E, 0x23, 0x66, 0x6F, 0xE3, 0xD5,
    0xE9, 0xCD, 0x26, 0x02, 0x28, 0x02, 0x3F, 0xD8, 0x2D, 0xC9, 0xC1, 0xD9,
    0xC1, 0xE1, 0xD1, 0xC5, 0x7D, 0xD9, 0xC5, 0x95, 0x6F, 0xD9, 0x7C, 0xD9,
    0x9C, 0x67, 0xD9, 0x7B, 0xD9, 0x9B, 0x5F, 0xD9, 0x7A, 0xD9, 0x9A, 0xDA,
    0x4B, 0x02, 0xB3, 0xB4, 0xB5, 0x37, 0x3F, 0x21, 0x01, 0x00, 0xC9, 0xB3,
    0xB4, 0xB5, 0x37, 0x21, 0x01, 0x00, 0xC9, 0x7D, 0xA3, 0x6F, 0x7C, 0xA2,
    0x67, 0xC9, 0x7C, 0x2F, 0x67, 0x7D, 0x2F, 0x6F, 0xC9, 0x23, 0x23, 0x23,
    0x7E, 0x6F, 0x07, 0x9F, 0x67, 0xC9, 0x23, 0x23, 0x23, 0x7E, 0x23, 0x66,
    0x6F, 0xC9, 0x21, 0x03, 0x00, 0x39, 0x7E, 0x23, 0x66, 0x6F, 0xC9, 0x21,
    0x04, 0x00, 0x39, 0x7E, 0x23, 0x66, 0x6F, 0xC9, 0x21, 0x05, 0x00, 0x39,
    0x7E, 0x23, 0x66, 0x6F, 0xC9, 0x01, 0x04, 0x00, 0x09, 0x7E, 0x23, 0x66,
    0x6F, 0xC9, 0x21, 0x06, 0x00, 0x39, 0x7E, 0x23, 0x66, 0x6F, 0xC9, 0x21,
    0x07, 0x00, 0x39, 0x7E, 0x23, 0x66, 0x6F, 0xC9, 0x01, 0x06, 0x00, 0x09,
    0x7E, 0x23, 0x66, 0x6F, 0xC9, 0x21, 0x08, 0x00, 0x39, 0x7E, 0x23, 0x66,
    0x6F, 0xC9, 0x21, 0x09, 0x00, 0x39, 0x7E, 0x23, 0x66, 0x6F, 0xC9, 0x21,
    0x0A, 0x00, 0x39, 0x7E, 0x23, 0x66, 0x6F, 0xC9, 0x7A, 0xC6, 0x80, 0x47,
    0x7C, 0xC6, 0x80, 0xB8, 0x3F, 0xC2, 0xDE, 0x02, 0x7D, 0xBB, 0x3F, 0xC3,
    0xDE, 0x02, 0x21, 0x00, 0x00, 0xD0, 0x23, 0xC9, 0x7C, 0xB5, 0x21, 0x00,
    0x00, 0xC0, 0x37, 0x2C, 0xC9, 0x7D, 0xB3, 0x6F, 0x7C, 0xB2, 0x67, 0xC9,
    0xC1, 0xD1, 0xC5, 0x7D, 0x12, 0x13, 0x7C, 0x12, 0xC9, 0x7D, 0x02, 0x03,
    0x7C, 0x02, 0x03, 0x7B, 0x02, 0x03, 0x7A, 0x02, 0xC9, 0x7A, 0xBC, 0x3F,
    0xC2, 0xDE, 0x02, 0x7B, 0xBD, 0x3F, 0xC3, 0xDE, 0x02, 0xE3, 0xF1, 0xE3,
    0xF5, 0xE3, 0xF1, 0x30, 0x02, 0xFB, 0xC9, 0xF3, 0xC9, 0xE3, 0xE5, 0x21,
    0x00, 0x00, 0xE5, 0xE1, 0x37, 0xED, 0x57, 0xEA, 0x36, 0x03, 0x3B, 0x3B,
    0xE1, 0x7C, 0xB5, 0x28, 0x01, 0x37, 0xF3, 0xF5, 0xE1, 0xF1, 0xE3, 0xF5,
    0xC9, 0x21, 0x14, 0x00, 0xE5, 0x2E, 0x04, 0x39, 0xCD, 0x6D, 0x02, 0xE5,
    0xCD, 0xF9, 0x39, 0xC1, 0xC1, 0xC9, 0x21, 0x14, 0x00, 0xE5, 0x2E, 0x04,
    0x39, 0xCD, 0x6D, 0x02, 0xE5, 0xCD, 0xD7, 0x39, 0xC1, 0xC1, 0xCD, 0x2F,
    0x44, 0xCD, 0x4E, 0x3C, 0xC9, 0x21, 0x16, 0x00, 0xE5, 0x2E, 0x04, 0x39,
    0xCD, 0x6D, 0x02, 0xE5, 0xCD, 0xD7, 0x39, 0xC1, 0xC1, 0xC9, 0x21, 0x04,
    0x00, 0xE5, 0xCD, 0xDF, 0x42, 0xC1, 0x21, 0x14, 0x00, 0xE5, 0x2E, 0x06,
    0x39, 0xCD, 0x6D, 0x02, 0xE5, 0xCD, 0xF9, 0x39, 0xC1, 0xC1, 0x21, 0x1C,
    0x00, 0xE5, 0x2E, 0x14, 0xE5, 0x21, 0x06, 0x00, 0x39, 0x6E, 0x26, 0x00,
    0xE5, 0xCD, 0x2D, 0x35, 0xC1, 0xC1, 0xC1, 0xC9, 0x21, 0x02, 0x00, 0xCD,
    0xF7, 0x01, 0x21, 0x02, 0xB4, 0x6E, 0x26, 0x00, 0xE5, 0xCD, 0x76, 0x03,
    0xC1, 0xC1, 0xC9, 0xCD, 0x93, 0x38, 0xCD, 0xAF, 0x39, 0xC1, 0xE1, 0xE5,
    0xC5, 0x7C, 0xB5, 0xCA, 0xCD, 0x03, 0xC1, 0xE1, 0xE5, 0xC5, 0xC3, 0xD0,
    0x03, 0x21, 0xAC, 0x56, 0xE5, 0xCD, 0xDD, 0x38, 0x21, 0x14, 0x00, 0xE3,
    0xCD, 0x8A, 0x35, 0x21, 0x16, 0x00, 0xE3, 0xCD, 0x8A, 0x35, 0xC1, 0xC9,
    0x21, 0x02, 0x00, 0x39, 0x6E, 0x26, 0x00, 0xE5, 0xCD, 0xFE, 0x40, 0xC1,
    0xC9, 0x21, 0x04, 0x00, 0x39, 0x6E, 0x26, 0x00, 0x29, 0x23, 0x23, 0x26,
    0x00, 0x3B, 0x7D, 0xE1, 0x6F, 0xE5, 0x21, 0x03, 0x00, 0x39, 0x7E, 0xA7,
    0xCA, 0x39, 0x04, 0xE1, 0xE5, 0x26, 0x00, 0xE5, 0x21, 0x08, 0x00, 0xE5,
    0x2E, 0x00, 0xE5, 0xCD, 0xD4, 0x35, 0xC1, 0xC1, 0xC1, 0x21, 0x00, 0x00,
    0xE5, 0x2E, 0x02, 0x39, 0x6E, 0x26, 0x00, 0xE5, 0x21, 0x04, 0x00, 0xE5,
    0x2E, 0x03, 0xE5, 0xCD, 0xC7, 0x3B, 0xC1, 0xC1, 0xC1, 0xC1, 0xC3, 0x4E,
    0x04, 0xCD, 0x34, 0x3C, 0xE1, 0xE5, 0x26, 0x00, 0xE5, 0x21, 0x00, 0x00,
    0xE5, 0x2E, 0x08, 0xE5, 0xCD, 0xD4, 0x35, 0xC1, 0xC1, 0xC1, 0x33, 0xC9,
    0x2A, 0x2E, 0xC0, 0x26, 0x00, 0x7D, 0xD6, 0x02, 0xD2, 0x5C, 0x04, 0xC9,
    0x2A, 0x2D, 0xC0, 0x26, 0x00, 0xE5, 0x21, 0x00, 0x00, 0xE5, 0xCD, 0xF1,
    0x03, 0xC1, 0xC1, 0x21, 0x02, 0x00, 0x39, 0x7E, 0x17, 0xD2, 0x91, 0x04,
    0x3A, 0x2D, 0xC0, 0xA7, 0xCA, 0x84, 0x04, 0x2A, 0x2D, 0xC0, 0x26, 0x00,
    0x2B, 0xC3, 0x8A, 0x04, 0x2A, 0x2E, 0xC0, 0x26, 0x00, 0x2B, 0x7D, 0x32,
    0x2D, 0xC0, 0xC3, 0xB6, 0x04, 0x2A, 0x2D, 0xC0, 0x26, 0x00, 0x23, 0xEB,
    0x2A, 0x2E, 0xC0, 0x26, 0x00, 0xEB, 0xA7, 0xED, 0x52, 0xD2, 0xAD, 0x04,
    0x2A, 0x2D, 0xC0, 0x26, 0x00, 0x23, 0xC3, 0xB0, 0x04, 0x21, 0x00, 0x00,
    0x26, 0x00, 0x7D, 0x32, 0x2D, 0xC0, 0x2A, 0x2D, 0xC0, 0x26, 0x00, 0xE5,
    0x21, 0x01, 0x00, 0xE5, 0xCD, 0xF1, 0x03, 0xC1, 0x21, 0x00, 0x00, 0xE3,
    0xCD, 0xDF, 0x42, 0xC1, 0xC9, 0x21, 0x00, 0x00, 0xE5, 0xC5, 0x3B, 0x21,
    0x02, 0x00, 0x39, 0x36, 0x00, 0xC3, 0xE1, 0x04, 0x21, 0x02, 0x00, 0x39,
    0x34, 0x21, 0x02, 0x00, 0x39, 0x5E, 0x16, 0x00, 0x21, 0x07, 0x00, 0x39,
    0x6E, 0x26, 0x00, 0xEB, 0xA7, 0xED, 0x52, 0xD2, 0x35, 0x05, 0x21, 0x0B,
    0x00, 0xCD, 0xF7, 0x01, 0x21, 0x04, 0x00, 0x39, 0x6E, 0x26, 0x00, 0x29,
    0xD1, 0x19, 0xCD, 0x6D, 0x02, 0xCD, 0xA1, 0x56, 0x26, 0x00, 0x3B, 0x7D,
    0xE1, 0x6F, 0xE5, 0x26, 0x00, 0xEB, 0x21, 0x04, 0x00, 0x39, 0x6E, 0x26,
    0x00, 0xA7, 0xED, 0x52, 0xD2, 0x31, 0x05, 0x21, 0x04, 0x00, 0x39, 0xEB,
    0x21, 0x00, 0x00, 0x39, 0x7E, 0x12, 0x6F, 0x26, 0x00, 0x33, 0xC3, 0xDC,
    0x04, 0x21, 0x01, 0x00, 0x39, 0xE5, 0x21, 0x05, 0x00, 0x39, 0x5E, 0x16,
    0x00, 0x21, 0x1E, 0x00, 0xA7, 0xED, 0x52, 0x2B, 0x2B, 0xD1, 0x7D, 0x12,
    0x21, 0x01, 0x00, 0xE5, 0xCD, 0xDF, 0x42, 0xC1, 0xE1, 0xE5, 0x6C, 0x26,
    0x00, 0xE5, 0x21, 0x01, 0x00, 0xE5, 0x2E, 0x1D, 0xE5, 0x21, 0x0D, 0x00,
    0x39, 0x6E, 0x26, 0x00, 0x29, 0x23, 0x26, 0x00, 0xE5, 0xCD, 0x52, 0x3A,
    0xC1, 0xC1, 0xC1, 0xC1, 0x21, 0x02, 0x00, 0x39, 0x36, 0x00, 0xC3, 0x82,
    0x05, 0x21, 0x02, 0x00, 0x39, 0x34, 0x21, 0x02, 0x00, 0x39, 0x5E, 0x16,
    0x00, 0x21, 0x07, 0x00, 0x39, 0x6E, 0x26, 0x00, 0xEB, 0xA7, 0xED, 0x52,
    0xD2, 0xC8, 0x05, 0xE1, 0xE5, 0x6C, 0x2C, 0x26, 0x00, 0xE5, 0x21, 0x04,
    0x00, 0x39, 0x6E, 0x26, 0x00, 0x29, 0x23, 0x23, 0x26, 0x00, 0xE5, 0x21,
    0x0F, 0x00, 0xCD, 0xF7, 0x01, 0x21, 0x08, 0x00, 0x39, 0x6E, 0x26, 0x00,
    0x29, 0xD1, 0x19, 0xCD, 0x6D, 0x02, 0xE5, 0xCD, 0x7C, 0x33, 0xC1, 0xC1,
    0xC1, 0xC3, 0x7D, 0x05, 0x21, 0x00, 0x00, 0xE5, 0xCD, 0xF2, 0x40, 0xC1,
    0xE1, 0xE5, 0x6C, 0x26, 0x00, 0xE5, 0x21, 0x02, 0x00, 0xE5, 0x2E, 0x04,
    0xE5, 0x21, 0x03, 0x00, 0xE5, 0xCD, 0xC7, 0x3B, 0xC1, 0xC1, 0xC1, 0xC1,
    0x21, 0x00, 0x00, 0x39, 0xE5, 0xCD, 0x63, 0x41, 0xD1, 0x7D, 0x12, 0x21,
    0x00, 0x00, 0x39, 0x7E, 0xFE, 0x01, 0xCA, 0x02, 0x06, 0xFE, 0x02, 0xC2,
    0x86, 0x06, 0x21, 0x00, 0x00, 0x39, 0x7E, 0xFE, 0x01, 0xC2, 0x2F, 0x06,
    0x21, 0x04, 0x00, 0x39, 0xE5, 0x7E, 0xA7, 0xCA, 0x21, 0x06, 0x21, 0x06,
    0x00, 0x39, 0x6E, 0x26, 0x00, 0x2B, 0xC3, 0x29, 0x06, 0x21, 0x09, 0x00,
    0x39, 0x6E, 0x26, 0x00, 0x2B, 0xD1, 0x7D, 0x12, 0xC3, 0x58, 0x06, 0x21,
    0x04, 0x00, 0x39, 0xE5, 0x6E, 0x26, 0x00, 0x23, 0xEB, 0x21, 0x09, 0x00,
    0x39, 0x6E, 0x26, 0x00, 0xEB, 0xA7, 0xED, 0x52, 0xD2, 0x52, 0x06, 0x21,
    0x06, 0x00, 0x39, 0x6E, 0x26, 0x00, 0x23, 0xC3, 0x55, 0x06, 0x21, 0x00,
    0x00, 0xD1, 0x7D, 0x12, 0xCD, 0x34, 0x3C, 0xE1, 0xE5, 0x6C, 0x26, 0x00,
    0xE5, 0x21, 0x06, 0x00, 0x39, 0x6E, 0x26, 0x00, 0x29, 0x23, 0x23, 0x26,
    0x00, 0xE5, 0x21, 0x04, 0x00, 0xE5, 0x2E, 0x03, 0xE5, 0xCD, 0xC7, 0x3B,
    0xC1, 0xC1, 0xC1, 0x21, 0x00, 0x00, 0xE3, 0xCD, 0xDF, 0x42, 0xC1, 0xC3,
    0xE8, 0x05, 0x21, 0x00, 0x00, 0x39, 0x7E, 0xFE, 0x05, 0xCA, 0x9F, 0x06,
    0xFE, 0x1A, 0xCA, 0x9F, 0x06, 0x21, 0x00, 0x00, 0x39, 0x7E, 0xFE, 0x1C,
    0xC2, 0xE8, 0x05, 0x21, 0x01, 0x00, 0xE5, 0xCD, 0xF2, 0x40, 0xC1, 0x21,
    0x00, 0x00, 0x39, 0x7E, 0xFE, 0x05, 0xC2, 0xB7, 0x06, 0x21, 0x01, 0x00,
    0xC3, 0xBA, 0x06, 0x21, 0x02, 0x00, 0x26, 0x00, 0xE5, 0xCD, 0xDF, 0x42,
    0xC1, 0xCD, 0xA4, 0x3A, 0x3A, 0x2E, 0xC0, 0xA7, 0xCA, 0xDA, 0x06, 0x2A,
    0x2D, 0xC0, 0x26, 0x00, 0xE5, 0x21, 0x01, 0x00, 0xE5, 0xCD, 0xF1, 0x03,
    0xC1, 0xC1, 0x21, 0x00, 0x00, 0x39, 0x7E, 0xFE, 0x05, 0xC2, 0xF9, 0x06,
    0x21, 0x09, 0x00, 0x39, 0x5E, 0x23, 0x56, 0x21, 0x04, 0x00, 0x39, 0x6E,
    0x26, 0x00, 0x19, 0x6E, 0x26, 0x00, 0xC3, 0xFC, 0x06, 0x21, 0x00, 0x00,
    0x26, 0x00, 0x33, 0xC1, 0xC1, 0xC9, 0xCD, 0x96, 0x42, 0xCD, 0xC1, 0x40,
    0xCD, 0x81, 0x4E, 0xCD, 0xC1, 0x40, 0xCD, 0x8A, 0x3F, 0xCD, 0x7E, 0x54,
    0xCD, 0xE4, 0x02, 0xD2, 0x36, 0x07, 0x21, 0xAD, 0x56, 0xE5, 0xCD, 0xB7,
    0x03, 0x21, 0x04, 0x00, 0xE3, 0xCD, 0xDF, 0x42, 0x21, 0xB5, 0x56, 0xE3,
    0xCD, 0x3D, 0x03, 0xC1, 0xCD, 0xE9, 0x40, 0xC3, 0x30, 0x07, 0xAF, 0x32,
    0x29, 0xC0, 0x2A, 0x29, 0xC0, 0x26, 0x00, 0x7D, 0xA7, 0xCA, 0x60, 0x07,
    0xFE, 0x01, 0xCA, 0x66, 0x07, 0xFE, 0x02, 0xCA, 0x6C, 0x07, 0xFE, 0x04,
    0xCA, 0x72, 0x07, 0xFE, 0x05, 0xCA, 0x78, 0x07, 0xFE, 0x06, 0xCA, 0x7E,
    0x07, 0xC3, 0x84, 0x07, 0xCD, 0x8B, 0x07, 0xC3, 0x3A, 0x07, 0xCD, 0xE7,
    0x0E, 0xC3, 0x3A, 0x07, 0xCD, 0x3A, 0x08, 0xC3, 0x3A, 0x07, 0xCD, 0xB9,
    0x1B, 0xC3, 0x3A, 0x07, 0xCD, 0x28, 0x21, 0xC3, 0x3A, 0x07, 0xCD, 0xDA,
    0x2C, 0xC3, 0x3A, 0x07, 0xCD, 0x1B, 0x13, 0xC3, 0x3A, 0x07, 0xC9, 0x21,
    0x00, 0xB0, 0xE5, 0x3B, 0xE1, 0x2E, 0x00, 0xE5, 0xCD, 0x01, 0x51, 0xCD,
    0xE4, 0x02, 0xD2, 0xA7, 0x07, 0x21, 0x03, 0x00, 0x7D, 0x32, 0x29, 0xC0,
    0x33, 0xC1, 0xC9, 0x21, 0x70, 0x00, 0xE5, 0x2E, 0xFA, 0xE5, 0x21, 0x10,
    0x00, 0xE5, 0x2E, 0x00, 0xE5, 0x11, 0x00, 0x00, 0xD5, 0xE5, 0x21, 0x00,
    0x00, 0xE5, 0x2E, 0x0E, 0x39, 0xE5, 0x21, 0x01, 0x00, 0xE5, 0xCD, 0xFC,
    0x51, 0xD9, 0x21, 0x12, 0x00, 0x39, 0xF9, 0xD9, 0xCD, 0xE4, 0x02, 0xD2,
    0xE0, 0x07, 0x21, 0x03, 0x00, 0x7D, 0x32, 0x29, 0xC0, 0x33, 0xC1, 0xC9,
    0x21, 0x00, 0x00, 0x39, 0x7E, 0xFE, 0x03, 0xC2, 0xF4, 0x07, 0x21, 0x03,
    0x00, 0x7D, 0x32, 0x29, 0xC0, 0x33, 0xC1, 0xC9, 0x21, 0x70, 0x00, 0xE5,
    0x2E, 0xFE, 0xE5, 0x21, 0x00, 0x00, 0xE5, 0x11, 0x00, 0x00, 0xD5, 0xE5,
    0x21, 0x00, 0x00, 0xE5, 0x11, 0x00, 0x00, 0xD5, 0xE5, 0x21, 0x00, 0x00,
    0xE5, 0xCD, 0xFC, 0x51, 0xD9, 0x21, 0x12, 0x00, 0x39, 0xF9, 0xD9, 0x7C,
    0xB5, 0xCA, 0x30, 0x08, 0xCD, 0x72, 0x02, 0x7E, 0xA7, 0xCA, 0x30, 0x08,
    0x3E, 0x02, 0x32, 0x29, 0xC0, 0xC3, 0x37, 0x08, 0x21, 0x01, 0x00, 0x7D,
    0x32, 0x29, 0xC0, 0x33, 0xC1, 0xC9, 0x21, 0x00, 0xB0, 0xE5, 0xC5, 0x3B,
    0x21, 0xC5, 0x56, 0xE5, 0xCD, 0xB7, 0x03, 0x21, 0xCD, 0x56, 0xE3, 0xCD,
    0x65, 0x03, 0xC1, 0x21, 0x70, 0x00, 0xE5, 0x2E, 0xFE, 0xE5, 0x21, 0x00,
    0x00, 0xE5, 0x11, 0x00, 0x00, 0xD5, 0xE5, 0x21, 0x00, 0x00, 0xE5, 0x11,
    0x00, 0x00, 0xD5, 0xE5, 0x21, 0x00, 0x00, 0xE5, 0xCD, 0xFC, 0x51, 0xD9,
    0x21, 0x12, 0x00, 0x39, 0xF9, 0xD9, 0x7C, 0xB5, 0xCA, 0xCC, 0x08, 0x21,
    0x01, 0x00, 0x39, 0x36, 0x00, 0xC3, 0x89, 0x08, 0x21, 0x01, 0x00, 0x39,
    0x34, 0xE1, 0xE5, 0x6C, 0x7D, 0xD6, 0x20, 0xD2, 0xCC, 0x08, 0x21, 0x03,
    0x00, 0x39, 0x5E, 0x23, 0x56, 0xE1, 0xE5, 0x6C, 0x26, 0x00, 0x19, 0x7E,
    0xA7, 0xCA, 0xCC, 0x08, 0xE1, 0xE5, 0x6C, 0x2C, 0x26, 0x00, 0xE5, 0x21,
    0x02, 0x00, 0xE5, 0x2E, 0x07, 0x39, 0x5E, 0x23, 0x56, 0x21, 0x05, 0x00,
    0x39, 0x6E, 0x26, 0x00, 0x19, 0x6E, 0x7D, 0x17, 0x9F, 0x67, 0xE5, 0xCD,
    0xF9, 0x33, 0xC1, 0xC1, 0xC1, 0xC3, 0x84, 0x08, 0x21, 0xD8, 0x56, 0xE5,
    0xCD, 0x3D, 0x03, 0xC1, 0x21, 0x02, 0x00, 0x39, 0x36, 0x00, 0xC3, 0xE2,
    0x08, 0x21, 0x02, 0x00, 0x39, 0x34, 0x21, 0x02, 0x00, 0x39, 0x7E, 0xD6,
    0x14, 0xD2, 0x1C, 0x0A, 0xCD, 0xE9, 0x40, 0x26, 0x00, 0x3B, 0x7D, 0xE1,
    0x6F, 0xE5, 0xCD, 0xE9, 0x40, 0xEB, 0xE1, 0xE5, 0x26, 0x00, 0xEB, 0xA7,
    0xED, 0x52, 0x26, 0x00, 0x7D, 0xD6, 0x78, 0xD2, 0x3E, 0x09, 0xCD, 0x63,
    0x41, 0x26, 0x00, 0x3B, 0x7D, 0xE1, 0x6F, 0xE5, 0x26, 0x00, 0x7D, 0xFE,
    0x1A, 0xCA, 0x26, 0x09, 0x21, 0x00, 0x00, 0x39, 0x7E, 0xFE, 0x05, 0xC2,
    0x3A, 0x09, 0x21, 0x02, 0x00, 0xE5, 0xCD, 0xDF, 0x42, 0xC1, 0x21, 0x01,
    0x00, 0x7D, 0x32, 0x29, 0xC0, 0x33, 0xC1, 0xC1, 0xC1, 0xC9, 0x33, 0xC3,
    0xF6, 0x08, 0x21, 0x01, 0x00, 0x39, 0x36, 0x00, 0x21, 0x70, 0x00, 0xE5,
    0x2E, 0xFA, 0xE5, 0x21, 0x10, 0x00, 0xE5, 0x2E, 0x00, 0xE5, 0x11, 0x00,
    0x00, 0xD5, 0xE5, 0x21, 0x00, 0x00, 0xE5, 0x2E, 0x0F, 0x39, 0xE5, 0x21,
    0x01, 0x00, 0xE5, 0xCD, 0xFC, 0x51, 0xD9, 0x21, 0x12, 0x00, 0x39, 0xF9,
    0xD9, 0xCD, 0xE4, 0x02, 0xD2, 0x77, 0x09, 0x33, 0xC3, 0xDD, 0x08, 0xE1,
    0xE5, 0x6C, 0x26, 0x00, 0x7D, 0xFE, 0x03, 0xCA, 0x94, 0x09, 0xFE, 0x01,
    0xCA, 0xB5, 0x09, 0xFE, 0x04, 0xCA, 0xD6, 0x09, 0xFE, 0x05, 0xCA, 0xF7,
    0x09, 0xC3, 0x18, 0x0A, 0x21, 0x05, 0x00, 0xE5, 0xCD, 0xDF, 0x42, 0x21,
    0xE7, 0x56, 0xE3, 0xCD, 0x3D, 0x03, 0x21, 0x3C, 0x00, 0xE3, 0xCD, 0xE4,
    0x03, 0xC1, 0x21, 0x03, 0x00, 0x7D, 0x32, 0x29, 0xC0, 0xC1, 0xC1, 0xC1,
    0xC9, 0x21, 0x04, 0x00, 0xE5, 0xCD, 0xDF, 0x42, 0x21, 0xF2, 0x56, 0xE3,
    0xCD, 0x3D, 0x03, 0x21, 0x78, 0x00, 0xE3, 0xCD, 0xE4, 0x03, 0xC1, 0x21,
    0x01, 0x00, 0x7D, 0x32, 0x29, 0xC0, 0xC1, 0xC1, 0xC1, 0xC9, 0x21, 0x04,
    0x00, 0xE5, 0xCD, 0xDF, 0x42, 0x21, 0x05, 0x57, 0xE3, 0xCD, 0x3D, 0x03,
    0x21, 0x78, 0x00, 0xE3, 0xCD, 0xE4, 0x03, 0xC1, 0x21, 0x01, 0x00, 0x7D,
    0x32, 0x29, 0xC0, 0xC1, 0xC1, 0xC1, 0xC9, 0x21, 0x04, 0x00, 0xE5, 0xCD,
    0xDF, 0x42, 0x21, 0x15, 0x57, 0xE3, 0xCD, 0x3D, 0x03, 0x21, 0x78, 0x00,
    0xE3, 0xCD, 0xE4, 0x03, 0xC1, 0x21, 0x01, 0x00, 0x7D, 0x32, 0x29, 0xC0,
    0xC1, 0xC1, 0xC1, 0xC9, 0x33, 0xC3, 0xDD, 0x08, 0x21, 0x04, 0x00, 0xE5,
    0xCD, 0xDF, 0x42, 0x21, 0x26, 0x57, 0xE3, 0xCD, 0x3D, 0x03, 0x21, 0x78,
    0x00, 0xE3, 0xCD, 0xE4, 0x03, 0xC1, 0x21, 0x01, 0x00, 0x7D, 0x32, 0x29,
    0xC0, 0x33, 0xC1, 0xC1, 0xC9, 0x21, 0x02, 0x00, 0x39, 0x6E, 0x7D, 0x17,
    0x9F, 0x67, 0x7D, 0xCD, 0x65, 0x02, 0x3B, 0x7D, 0xE1, 0x6F, 0xE5, 0x21,
    0x00, 0x00, 0x39, 0x7E, 0x17, 0xD2, 0x65, 0x0A, 0x21, 0x00, 0x00, 0x39,
    0xCD, 0x64, 0x02, 0xCD, 0x67, 0x01, 0xC3, 0x6C, 0x0A, 0x21, 0x00, 0x00,
    0x39, 0xCD, 0x64, 0x02, 0xE5, 0x21, 0x1A, 0x00, 0xE5, 0x2E, 0x09, 0x39,
    0x6E, 0x26, 0x00, 0xE5, 0x21, 0x06, 0x00, 0x39, 0x7E, 0x17, 0xD2, 0x87,
    0x0A, 0x21, 0x39, 0x57, 0xC3, 0x8A, 0x0A, 0x21, 0x3B, 0x57, 0xE5, 0xCD,
    0x7C, 0x33, 0xC1, 0xC1, 0xC1, 0x21, 0x1B, 0x00, 0xE5, 0x2E, 0x09, 0x39,
    0x6E, 0x26, 0x00, 0xE5, 0xCD, 0x96, 0x02, 0xE5, 0xCD, 0xA6, 0x34, 0xC1,
    0xC1, 0xC1, 0x33, 0xC1, 0xC9, 0x21, 0x00, 0xB0, 0xE5, 0x3B, 0xCD, 0xAF,
    0x39, 0xAF, 0x32, 0x2E, 0xC0, 0x21, 0x00, 0x00, 0x39, 0x36, 0x00, 0xC3,
    0xC3, 0x0A, 0x21, 0x00, 0x00, 0x39, 0x34, 0xE1, 0xE5, 0x7D, 0xD6, 0x08,
    0xD2, 0x0B, 0x0C, 0x2A, 0xF4, 0xC0, 0x26, 0x00, 0xEB, 0xE1, 0xE5, 0x26,
    0x00, 0x19, 0x26, 0x00, 0x3B, 0x7D, 0xE1, 0x6F, 0xE5, 0x6C, 0x26, 0x00,
    0x29, 0x23, 0x23, 0x26, 0x00, 0x3B, 0x7D, 0xE1, 0x6F, 0xE5, 0x3B, 0x21,
    0x02, 0x00, 0x39, 0x5E, 0x16, 0x00, 0x2A, 0xF3, 0xC0, 0x26, 0x00, 0xA7,
    0xED, 0x52, 0xD2, 0x02, 0x0B, 0x33, 0xC1, 0xC3, 0x0B, 0x0C, 0x21, 0x02,
    0x00, 0x39, 0x3A, 0xF3, 0xC0, 0xBE, 0xC2, 0x33, 0x0B, 0x21, 0x01, 0x00,
    0xE5, 0x2E, 0x03, 0x39, 0x6E, 0x26, 0x00, 0xE5, 0x21, 0x3D, 0x57, 0xE5,
    0xCD, 0x7C, 0x33, 0xC1, 0xC1, 0xC1, 0x21, 0x03, 0x00, 0x39, 0x6E, 0x2C,
    0x26, 0x00, 0x7D, 0x32, 0x2E, 0xC0, 0x33, 0xC1, 0xC3, 0x0B, 0x0C, 0x21,
    0x70, 0x00, 0xE5, 0x2E, 0xFC, 0xE5, 0x21, 0x01, 0x00, 0xE5, 0x2E, 0x08,
    0x39, 0x6E, 0x26, 0x00, 0xE5, 0x21, 0x00, 0x00, 0xE5, 0x11, 0x00, 0x00,
    0xD5, 0xE5, 0x21, 0x00, 0x00, 0xE5, 0xE5, 0xCD, 0xFC, 0x51, 0xD9, 0x21,
    0x12, 0x00, 0x39, 0xF9, 0xD9, 0xCD, 0xE4, 0x02, 0xD2, 0x91, 0x0B, 0x21,
    0x02, 0x00, 0x39, 0x7E, 0x32, 0xF3, 0xC0, 0x21, 0x01, 0x00, 0xE5, 0x2E,
    0x03, 0x39, 0x6E, 0x26, 0x00, 0xE5, 0x21, 0x3D, 0x57, 0xE5, 0xCD, 0x7C,
    0x33, 0xC1, 0xC1, 0xC1, 0x21, 0x03, 0x00, 0x39, 0x6E, 0x2C, 0x26, 0x00,
    0x7D, 0x32, 0x2E, 0xC0, 0x33, 0xC1, 0xC3, 0x0B, 0x0C, 0x21, 0x00, 0x00,
    0x39, 0x36, 0x00, 0xC3, 0x9F, 0x0B, 0x21, 0x00, 0x00, 0x39, 0x34, 0xE1,
    0xE5, 0x7D, 0xD6, 0x18, 0xD2, 0xE4, 0x0B, 0x21, 0x04, 0x00, 0x39, 0x5E,
    0x23, 0x56, 0xE1, 0xE5, 0x26, 0x00, 0x19, 0x7E, 0xA7, 0xCA, 0xE4, 0x0B,
    0xE1, 0xE5, 0x2C, 0x26, 0x00, 0xE5, 0x21, 0x03, 0x00, 0x39, 0x6E, 0x26,
    0x00, 0xE5, 0x21, 0x08, 0x00, 0x39, 0x5E, 0x23, 0x56, 0x21, 0x04, 0x00,
    0x39, 0x6E, 0x26, 0x00, 0x19, 0x6E, 0x7D, 0x17, 0x9F, 0x67, 0xE5, 0xCD,
    0xF9, 0x33, 0xC1, 0xC1, 0xC1, 0xC3, 0x9A, 0x0B, 0xE1, 0xE5, 0x6C, 0x26,
    0x00, 0xE5, 0xCD, 0xB1, 0x02, 0x01, 0x21, 0x00, 0x09, 0x6E, 0x26, 0x00,
    0xE5, 0xCD, 0x3D, 0x0A, 0xC1, 0xC1, 0x21, 0x03, 0x00, 0x39, 0x6E, 0x2C,
    0x26, 0x00, 0x7D, 0x32, 0x2E, 0xC0, 0x33, 0xC1, 0xC3, 0xBE, 0x0A, 0x2A,
    0x2D, 0xC0, 0x26, 0x00, 0xEB, 0x2A, 0x2E, 0xC0, 0x26, 0x00, 0xCD, 0x09,
    0x03, 0xD2, 0x26, 0x0C, 0x2A, 0x2E, 0xC0, 0x2D, 0x26, 0x00, 0x7D, 0x32,
    0x2D, 0xC0, 0x2A, 0x2D, 0xC0, 0x26, 0x00, 0xE5, 0x21, 0x01, 0x00, 0xE5,
    0xCD, 0xF1, 0x03, 0xC1, 0xC1, 0x33, 0xC1, 0xC9, 0x21, 0x00, 0xB0, 0xE5,
    0x21, 0x52, 0x57, 0xE5, 0xCD, 0xB7, 0x03, 0x21, 0x5B, 0x57, 0xE3, 0xCD,
    0x4E, 0x03, 0xC1, 0xAF, 0x32, 0xF3, 0xC0, 0x21, 0x70, 0x00, 0xE5, 0x2E,
    0xFD, 0xE5, 0x21, 0x00, 0x00, 0xE5, 0x11, 0x00, 0x00, 0xD5, 0xE5, 0x21,
    0x00, 0x00, 0xE5, 0x11, 0x00, 0x00, 0xD5, 0xE5, 0x21, 0x00, 0x00, 0xE5,
    0xCD, 0xFC, 0x51, 0xD9, 0x21, 0x12, 0x00, 0x39, 0xF9, 0xD9, 0x7C, 0xB5,
    0xCA, 0x8D, 0x0C, 0xE1, 0xE5, 0x7E, 0x21, 0xF3, 0xC0, 0x77, 0x3E, 0x0F,
    0x96, 0xD2, 0x8D, 0x0C, 0x3E, 0x0F, 0x32, 0xF3, 0xC0, 0xAF, 0x32, 0xF4,
    0xC0, 0x2A, 0x2D, 0xC0, 0x26, 0x00, 0x7D, 0xD6, 0x08, 0x3F, 0xD2, 0xA4,
    0x0C, 0x21, 0x00, 0x00, 0x7D, 0x32, 0x2D, 0xC0, 0xCD, 0xA9, 0x0A, 0x21,
    0x67, 0x57, 0xE5, 0xCD, 0x65, 0x03, 0x21, 0x85, 0x57, 0xE3, 0xCD, 0x3D,
    0x03, 0xC1, 0xC1, 0xC9, 0x21, 0x52, 0x57, 0xE5, 0xCD, 0xB7, 0x03, 0xC1,
    0xCD, 0xA9, 0x0A, 0x21, 0x67, 0x57, 0xE5, 0xCD, 0x65, 0x03, 0x21, 0x85,
    0x57, 0xE3, 0xCD, 0x3D, 0x03, 0xC1, 0xC9, 0x21, 0x02, 0x00, 0x39, 0x7E,
    0x17, 0xD2, 0x23, 0x0D, 0x2A, 0x2D, 0xC0, 0x26, 0x00, 0xAF, 0x95, 0xD2,
    0x0C, 0x0D, 0x2A, 0x2D, 0xC0, 0x26, 0x00, 0xE5, 0x21, 0x00, 0x00, 0xE5,
    0xCD, 0xF1, 0x03, 0xC1, 0xC1, 0x21, 0x2D, 0xC0, 0x7E, 0x35, 0x2A, 0x2D,
    0xC0, 0x26, 0x00, 0xE5, 0x21, 0x01, 0x00, 0xE5, 0xCD, 0xF1, 0x03, 0xC1,
    0xC1, 0xC3, 0x82, 0x0D, 0x3A, 0xF4, 0xC0, 0xA7, 0xC8, 0xAF, 0x32, 0xF4,
    0xC0, 0x21, 0x07, 0x00, 0x7D, 0x32, 0x2D, 0xC0, 0xCD, 0xA9, 0x0A, 0xC3,
    0x82, 0x0D, 0xC9, 0x2A, 0x2D, 0xC0, 0x2C, 0x26, 0x00, 0xEB, 0x2A, 0x2E,
    0xC0, 0x26, 0x00, 0xEB, 0xA7, 0xED, 0x52, 0xD2, 0x5C, 0x0D, 0x2A, 0x2D,
    0xC0, 0x26, 0x00, 0xE5, 0x21, 0x00, 0x00, 0xE5, 0xCD, 0xF1, 0x03, 0xC1,
    0xC1, 0x21, 0x2D, 0xC0, 0x7E, 0x34, 0x2A, 0x2D, 0xC0, 0x26, 0x00, 0xE5,
    0x21, 0x01, 0x00, 0xE5, 0xCD, 0xF1, 0x03, 0xC1, 0xC1, 0xC3, 0x82, 0x0D,
    0x3A, 0xF4, 0xC0, 0xA7, 0xC2, 0x81, 0x0D, 0x2A, 0xF3, 0xC0, 0x26, 0x00,
    0x23, 0x3E, 0x08, 0x95, 0xD2, 0x81, 0x0D, 0x3E, 0x08, 0x32, 0xF4, 0xC0,
    0x21, 0x00, 0x00, 0x7D, 0x32, 0x2D, 0xC0, 0xCD, 0xA9, 0x0A, 0xC3, 0x82,
    0x0D, 0xC9, 0x21, 0x00, 0x00, 0xE5, 0xCD, 0xDF, 0x42, 0xC1, 0xC9, 0x21,
    0x00, 0xB0, 0xE5, 0x2A, 0xF4, 0xC0, 0x26, 0x00, 0xEB, 0x2A, 0x2D, 0xC0,
    0x26, 0x00, 0x19, 0x26, 0x00, 0x3B, 0x7D, 0xE1, 0x6F, 0xE5, 0x3B, 0x21,
    0x01, 0x00, 0xE5, 0xCD, 0xDF, 0x42, 0xC1, 0xE1, 0xE5, 0x5C, 0x16, 0x00,
    0x2A, 0xF3, 0xC0, 0x26, 0x00, 0xEB, 0xA7, 0xED, 0x52, 0xD2, 0x4E, 0x0E,
    0x21, 0x70, 0x00, 0xE5, 0x2E, 0xFC, 0xE5, 0x21, 0x01, 0x00, 0xE5, 0x2E,
    0x07, 0x39, 0x6E, 0x26, 0x00, 0xE5, 0x21, 0x00, 0x00, 0xE5, 0x11, 0x00,
    0x00, 0xD5, 0xE5, 0x21, 0x00, 0x00, 0xE5, 0xE5, 0xCD, 0xFC, 0x51, 0xD9,
    0x21, 0x12, 0x00, 0x39, 0xF9, 0xD9, 0xCD, 0xE4, 0x02, 0xD2, 0xF7, 0x0D,
    0x21, 0x7F, 0x57, 0xE5, 0xCD, 0xA4, 0x03, 0xC1, 0xC1, 0xC1, 0xC9, 0x21,
    0x00, 0x00, 0x39, 0x36, 0x00, 0xC3, 0x05, 0x0E, 0x21, 0x00, 0x00, 0x39,
    0x34, 0xE1, 0xE5, 0x7D, 0xD6, 0x20, 0xD2, 0x41, 0x0E, 0x21, 0x02, 0x00,
    0x39, 0x5E, 0x23, 0x56, 0xE1, 0xE5, 0x26, 0x00, 0x19, 0x7E, 0xA7, 0xCA,
    0x41, 0x0E, 0x11, 0x93, 0xC0, 0xE1, 0xE5, 0x26, 0x00, 0x19, 0xE5, 0x21,
    0x04, 0x00, 0x39, 0x5E, 0x23, 0x56, 0x21, 0x02, 0x00, 0x39, 0x6E, 0x26,
    0x00, 0x19, 0x6E, 0x7D, 0x17, 0x9F, 0x67, 0x7D, 0xD1, 0x12, 0xC3, 0x00,
    0x0E, 0x11, 0x93, 0xC0, 0xE1, 0xE5, 0x26, 0x00, 0x19, 0x36, 0x00, 0xC3,
    0x88, 0x0E, 0x21, 0x92, 0xC7, 0x54, 0x5D, 0xAF, 0x12, 0x21, 0x97, 0x57,
    0xE5, 0x21, 0x9F, 0x57, 0xE5, 0x21, 0x20, 0x00, 0xE5, 0xCD, 0x98, 0x4B,
    0xC1, 0xC1, 0xC1, 0xCD, 0xE4, 0x02, 0xDA, 0x74, 0x0E, 0x3A, 0x92, 0xC7,
    0xA7, 0xC2, 0x7A, 0x0E, 0xCD, 0xB8, 0x0C, 0xC1, 0xC1, 0xC9, 0x11, 0x93,
    0xC0, 0x21, 0x92, 0xC7, 0xD5, 0xAF, 0xBE, 0xED, 0xA0, 0x20, 0xFB, 0xE1,
    0x21, 0x92, 0xC7, 0x54, 0x5D, 0xAF, 0x12, 0x21, 0xB7, 0x57, 0xE5, 0x21,
    0xC0, 0x57, 0xE5, 0x21, 0x3F, 0x00, 0xE5, 0xCD, 0x98, 0x4B, 0xC1, 0xC1,
    0xC1, 0xCD, 0xE4, 0x02, 0xD2, 0xAD, 0x0E, 0xCD, 0xB8, 0x0C, 0xC1, 0xC1,
    0xC9, 0x21, 0xD4, 0x57, 0xE5, 0xCD, 0x4E, 0x03, 0xC1, 0x21, 0x93, 0xC0,
    0xE5, 0x21, 0x92, 0xC7, 0xE5, 0xCD, 0xD2, 0x31, 0xC1, 0xC1, 0xCD, 0xE4,
    0x02, 0xD2, 0xDD, 0x0E, 0x21, 0xE4, 0x57, 0xE5, 0xCD, 0xA4, 0x03, 0x21,
    0x78, 0x00, 0xE3, 0xCD, 0xE4, 0x03, 0xC1, 0xCD, 0xB8, 0x0C, 0xC1, 0xC1,
    0xC9, 0x21, 0x02, 0x00, 0x7D, 0x32, 0x29, 0xC0, 0xC1, 0xC1, 0xC9, 0x21,
    0x00, 0x00, 0x7D, 0x32, 0x2D, 0xC0, 0xCD, 0x38, 0x0C, 0x2A, 0x29, 0xC0,
    0x26, 0x00, 0x11, 0x01, 0x00, 0xA7, 0xED, 0x52, 0xC0, 0xCD, 0x63, 0x41,
    0x26, 0x00, 0x3B, 0x7D, 0xE1, 0x6F, 0xE5, 0x26, 0x00, 0x7D, 0xFE, 0x1C,
    0xC2, 0x15, 0x0F, 0x21, 0x00, 0x00, 0x39, 0x36, 0x1B, 0xE1, 0xE5, 0x26,
    0x00, 0x7D, 0xFE, 0x01, 0xCA, 0x40, 0x0F, 0xFE, 0x02, 0xCA, 0x4B, 0x0F,
    0xFE, 0x03, 0xCA, 0x56, 0x0F, 0xFE, 0x04, 0xCA, 0x76, 0x0F, 0xFE, 0x05,
    0xCA, 0xA3, 0x0F, 0xFE, 0x1B, 0xCA, 0xA9, 0x0F, 0xFE, 0x1A, 0xCA, 0xBE,
    0x0F, 0xC3, 0xCB, 0x0F, 0x21, 0xFF, 0xFF, 0xE5, 0xCD, 0xD3, 0x0C, 0xC1,
    0xC3, 0xCB, 0x0F, 0x21, 0x01, 0x00, 0xE5, 0xCD, 0xD3, 0x0C, 0xC1, 0xC3,
    0xCB, 0x0F, 0x3A, 0xF4, 0xC0, 0xA7, 0xCA, 0xCB, 0x0F, 0xAF, 0x32, 0xF4,
    0xC0, 0x21, 0x00, 0x00, 0x7D, 0x32, 0x2D, 0xC0, 0xCD, 0xA9, 0x0A, 0x21,
    0x00, 0x00, 0xE5, 0xCD, 0xDF, 0x42, 0xC1, 0xC3, 0xCB, 0x0F, 0x3A, 0xF4,
    0xC0, 0xA7, 0xC2, 0xCB, 0x0F, 0x2A, 0xF3, 0xC0, 0x26, 0x00, 0x23, 0x3E,
    0x08, 0x95, 0xD2, 0xCB, 0x0F, 0x3E, 0x08, 0x32, 0xF4, 0xC0, 0x21, 0x00,
    0x00, 0x7D, 0x32, 0x2D, 0xC0, 0xCD, 0xA9, 0x0A, 0x21, 0x00, 0x00, 0xE5,
    0xCD, 0xDF, 0x42, 0xC1, 0xC3, 0xCB, 0x0F, 0xCD, 0x8B, 0x0D, 0xC3, 0xCB,
    0x0F, 0x21, 0x01, 0x00, 0xE5, 0xCD, 0xDF, 0x42, 0xC1, 0x21, 0x00, 0x00,
    0x7D, 0x32, 0x2D, 0xC0, 0xCD, 0x38, 0x0C, 0xC3, 0xCB, 0x0F, 0x21, 0x02,
    0x00, 0xE5, 0xCD, 0xDF, 0x42, 0xC1, 0x3E, 0x03, 0x32, 0x29, 0xC0, 0x33,
    0xC3, 0xF1, 0x0E, 0xC9, 0x3B, 0x3A, 0x2C, 0xC0, 0xA7, 0xCA, 0xDE, 0x0F,
    0x21, 0xF6, 0x57, 0xC3, 0xE1, 0x0F, 0x21, 0xFB, 0x57, 0xE5, 0xCD, 0xB7,
    0x03, 0xC1, 0x3A, 0x2C, 0xC0, 0xA7, 0xCA, 0xF3, 0x0F, 0x21, 0x01, 0x58,
    0xC3, 0xF6, 0x0F, 0x21, 0x17, 0x58, 0xE5, 0xCD, 0x65, 0x03, 0xC1, 0x21,
    0x70, 0x00, 0xE5, 0x2E, 0xF4, 0xE5, 0x21, 0x00, 0x00, 0xE5, 0x11, 0x00,
    0x00, 0xD5, 0xE5, 0x21, 0x00, 0x00, 0xE5, 0x11, 0x00, 0x00, 0xD5, 0xE5,
    0x21, 0x00, 0x00, 0xE5, 0xCD, 0xFC, 0x51, 0xD9, 0x21, 0x12, 0x00, 0x39,
    0xF9, 0xD9, 0xCD, 0xE4, 0x02, 0xD2, 0x39, 0x10, 0x21, 0x32, 0x58, 0xE5,
    0xCD, 0xA4, 0x03, 0xC1, 0x21, 0x00, 0x00, 0x7D, 0x32, 0x2E, 0xC0, 0x33,
    0xC9, 0xAF, 0x32, 0x32, 0xC0, 0x21, 0x00, 0x00, 0x39, 0x36, 0x00, 0xC3,
    0x4B, 0x10, 0x21, 0x00, 0x00, 0x39, 0x34, 0xE1, 0xE5, 0x7D, 0xD6, 0x08,
    0xD2, 0x24, 0x11, 0xE1, 0xE5, 0x26, 0x00, 0x29, 0x29, 0x29, 0x29, 0x29,
    0x3E, 0xB0, 0x84, 0x67, 0xE5, 0x21, 0x02, 0x00, 0x39, 0x6E, 0x26, 0x00,
    0x29, 0x23, 0x23, 0x26, 0x00, 0x3B, 0x7D, 0xE1, 0x6F, 0xE5, 0x3B, 0x21,
    0x01, 0x00, 0xE5, 0x2E, 0x03, 0x39, 0x6E, 0x26, 0x00, 0xE5, 0x21, 0x08,
    0x00, 0x39, 0x6E, 0x26, 0x00, 0x23, 0xE5, 0xCD, 0xA6, 0x34, 0xC1, 0xC1,
    0xC1, 0xC1, 0xE1, 0xE5, 0xC5, 0x7E, 0xA7, 0xC2, 0xAE, 0x10, 0x21, 0x03,
    0x00, 0xE5, 0x39, 0x6E, 0x26, 0x00, 0xE5, 0x21, 0x39, 0x58, 0xE5, 0xCD,
    0x7C, 0x33, 0xC1, 0xC1, 0xC1, 0xC1, 0xC1, 0xC3, 0x46, 0x10, 0x21, 0x00,
    0x00, 0x39, 0x36, 0x00, 0xC3, 0xBC, 0x10, 0x21, 0x00, 0x00, 0x39, 0x34,
    0xE1, 0xE5, 0x7D, 0xD6, 0x1C, 0xD2, 0x02, 0x11, 0x21, 0x02, 0x00, 0x39,
    0x5E, 0x23, 0x56, 0xE1, 0xE5, 0x26, 0x00, 0x19, 0x7E, 0xA7, 0xCA, 0x02,
    0x11, 0xE1, 0xE5, 0x26, 0x00, 0x23, 0x23, 0x23, 0x26, 0x00, 0xE5, 0x21,
    0x03, 0x00, 0x39, 0x4E, 0x06, 0x00, 0xC5, 0x23, 0x5E, 0x23, 0x56, 0x21,
    0x04, 0x00, 0x39, 0x6E, 0x26, 0x00, 0x19, 0x6E, 0x7D, 0x17, 0x9F, 0x67,
    0xE5, 0xCD, 0xF9, 0x33, 0xC1, 0xC1, 0xC1, 0xC3, 0xB7, 0x10, 0x2A, 0x32,
    0xC0, 0x26, 0x00, 0xE5, 0x21, 0x06, 0x00, 0x39, 0x6E, 0x26, 0x00, 0x11,
    0x01, 0x00, 0xCD, 0xCE, 0x01, 0xD1, 0x62, 0x7D, 0xB3, 0x6F, 0x26, 0x00,
    0x32, 0x32, 0xC0, 0xC1, 0xC1, 0xC3, 0x46, 0x10, 0x3E, 0x08, 0x32, 0x2E,
    0xC0, 0x3E, 0x01, 0x32, 0x2F, 0xC0, 0x2A, 0x2D, 0xC0, 0x26, 0x00, 0xEB,
    0x2A, 0x2E, 0xC0, 0x26, 0x00, 0xCD, 0x09, 0x03, 0xD2, 0x43, 0x11, 0xAF,
    0x32, 0x2D, 0xC0, 0x2A, 0x2D, 0xC0, 0x26, 0x00, 0xE5, 0x21, 0x01, 0x00,
    0xE5, 0xCD, 0xF1, 0x03, 0xC1, 0xC1, 0x3A, 0x2C, 0xC0, 0xA7, 0xCA, 0x5F,
    0x11, 0x21, 0x41, 0x58, 0xC3, 0x62, 0x11, 0x21, 0x55, 0x58, 0xE5, 0xCD,
    0x3D, 0x03, 0xC1, 0x33, 0xC9, 0x2A, 0x32, 0xC0, 0x26, 0x00, 0xE5, 0x2A,
    0x2D, 0xC0, 0x26, 0x00, 0x11, 0x01, 0x00, 0xCD, 0xCE, 0x01, 0x26, 0x00,
    0xD1, 0xCD, 0x53, 0x02, 0xCD, 0xE4, 0x02, 0xD2, 0xA4, 0x11, 0x21, 0x04,
    0x00, 0xE5, 0xCD, 0xDF, 0x42, 0xC1, 0x3A, 0x2C, 0xC0, 0xA7, 0xCA, 0x9B,
    0x11, 0x21, 0x64, 0x58, 0xC3, 0x9E, 0x11, 0x21, 0x78, 0x58, 0xE5, 0xCD,
    0x3D, 0x03, 0xC1, 0xC9, 0x21, 0x01, 0x00, 0xE5, 0xCD, 0xDF, 0x42, 0x21,
    0x93, 0x58, 0xE3, 0xCD, 0x4E, 0x03, 0xC1, 0x21, 0x70, 0x00, 0xE5, 0x2E,
    0xF9, 0xE5, 0x21, 0x01, 0x00, 0xE5, 0x2A, 0x2D, 0xC0, 0x26, 0x00, 0xE5,
    0x21, 0x00, 0x00, 0xE5, 0x11, 0x00, 0x00, 0xD5, 0xE5, 0x21, 0x00, 0x00,
    0xE5, 0xE5, 0xCD, 0xFC, 0x51, 0xD9, 0x21, 0x12, 0x00, 0x39, 0xF9, 0xD9,
    0xCD, 0xE4, 0x02, 0xD2, 0xEB, 0x11, 0x21, 0xA4, 0x58, 0xE5, 0xCD, 0xA4,
    0x03, 0xC1, 0xC9, 0x3A, 0x2D, 0xC0, 0x32, 0x2A, 0xC0, 0x21, 0x33, 0xC0,
    0x54, 0x5D, 0x3E, 0x2F, 0x12, 0x21, 0x34, 0xC0, 0x54, 0x5D, 0xAF, 0x12,
    0x21, 0x92, 0xC7, 0x54, 0x5D, 0xAF, 0x12, 0x21, 0x00, 0x00, 0x22, 0x30,
    0xC0, 0xCD, 0xBA, 0x14, 0xCD, 0xE4, 0x02, 0xD2, 0x1F, 0x12, 0x21, 0xAA,
    0x58, 0xE5, 0xCD, 0xA4, 0x03, 0xC1, 0xC9, 0xAF, 0x32, 0x2D, 0xC0, 0x21,
    0x04, 0x00, 0x7D, 0x32, 0x29, 0xC0, 0xC9, 0xC5, 0x3B, 0x21, 0x70, 0x00,
    0xE5, 0x2E, 0xF4, 0xE5, 0x21, 0x00, 0x00, 0xE5, 0x11, 0x00, 0x00, 0xD5,
    0xE5, 0x21, 0x00, 0x00, 0xE5, 0x11, 0x00, 0x00, 0xD5, 0xE5, 0x21, 0x00,
    0x00, 0xE5, 0xCD, 0xFC, 0x51, 0xD9, 0x21, 0x12, 0x00, 0x39, 0xF9, 0xD9,
    0xCD, 0xE4, 0x02, 0xD2, 0x65, 0x12, 0x21, 0x32, 0x58, 0xE5, 0xCD, 0xA4,
    0x03, 0xC1, 0x33, 0xC1, 0xC9, 0x21, 0x01, 0x00, 0x39, 0xE5, 0x2A, 0x2D,
    0xC0, 0x26, 0x00, 0x29, 0x29, 0x29, 0x29, 0x29, 0x3E, 0xB0, 0x84, 0x67,
    0xD1, 0xCD, 0xF7, 0x02, 0x21, 0x00, 0x00, 0x39, 0x36, 0x00, 0xC3, 0x8A,
    0x12, 0x21, 0x00, 0x00, 0x39, 0x34, 0xE1, 0xE5, 0x7D, 0xD6, 0x1F, 0xD2,
    0xC6, 0x12, 0x21, 0x01, 0x00, 0x39, 0x5E, 0x23, 0x56, 0xE1, 0xE5, 0x26,
    0x00, 0x19, 0x7E, 0xA7, 0xCA, 0xC6, 0x12, 0x11, 0x92, 0xC7, 0xE1, 0xE5,
    0x26, 0x00, 0x19, 0xE5, 0x21, 0x03, 0x00, 0x39, 0x5E, 0x23, 0x56, 0x21,
    0x02, 0x00, 0x39, 0x6E, 0x26, 0x00, 0x19, 0x6E, 0x7D, 0x17, 0x9F, 0x67,
    0x7D, 0xD1, 0x12, 0xC3, 0x85, 0x12, 0x11, 0x92, 0xC7, 0xE1, 0xE5, 0x26,
    0x00, 0x19, 0x54, 0x5D, 0xAF, 0x12, 0x21, 0xB0, 0x58, 0xE5, 0x21, 0xBA,
    0x58, 0xE5, 0x21, 0x1F, 0x00, 0xE5, 0xCD, 0x98, 0x4B, 0xC1, 0xC1, 0xC1,
    0x7C, 0xB5, 0xCA, 0x15, 0x13, 0x21, 0xCF, 0x58, 0xE5, 0xCD, 0x4E, 0x03,
    0xC1, 0x2A, 0x2D, 0xC0, 0x26, 0x00, 0xE5, 0x21, 0x92, 0xC7, 0xE5, 0xCD,
    0xE6, 0x2F, 0xC1, 0xC1, 0xCD, 0xE4, 0x02, 0xD2, 0x15, 0x13, 0x21, 0xD9,
    0x58, 0xE5, 0xCD, 0xA4, 0x03, 0x21, 0x5A, 0x00, 0xE3, 0xCD, 0xE4, 0x03,
    0xC1, 0xCD, 0xD0, 0x0F, 0x33, 0xC1, 0xC9, 0xCD, 0xD0, 0x0F, 0x2A, 0x29,
    0xC0, 0x26, 0x00, 0x11, 0x03, 0x00, 0xA7, 0xED, 0x52, 0xC0, 0xCD, 0x63,
    0x41, 0x26, 0x00, 0x3B, 0x7D, 0xE1, 0x6F, 0xE5, 0x26, 0x00, 0x7D, 0xFE,
    0x1C, 0xC2, 0x5D, 0x13, 0x3A, 0x2C, 0xC0, 0xA7, 0xC2, 0x5D, 0x13, 0x21,
    0x00, 0x00, 0x39, 0xE5, 0x21, 0xEA, 0x57, 0xE5, 0x21, 0xF2, 0x57, 0xE5,
    0x21, 0x04, 0x00, 0xE5, 0xCD, 0xCD, 0x04, 0xC1, 0xC1, 0xC1, 0xD1, 0x7D,
    0x12, 0xE1, 0xE5, 0x26, 0x00, 0x7D, 0xFE, 0x01, 0xCA, 0x88, 0x13, 0xFE,
    0x02, 0xCA, 0x93, 0x13, 0xFE, 0x05, 0xCA, 0x9E, 0x13, 0xFE, 0x1A, 0xCA,
    0xA4, 0x13, 0xFE, 0x1B, 0xCA, 0xD2, 0x13, 0xFE, 0x10, 0xCA, 0xE1, 0x13,
    0xFE, 0x19, 0xCA, 0xF0, 0x13, 0xC3, 0xF7, 0x13, 0x21, 0xFF, 0xFF, 0xE5,
    0xCD, 0x50, 0x04, 0xC1, 0xC3, 0xF7, 0x13, 0x21, 0x01, 0x00, 0xE5, 0xCD,
    0x50, 0x04, 0xC1, 0xC3, 0xF7, 0x13, 0xCD, 0x69, 0x11, 0xC3, 0xF7, 0x13,
    0x21, 0x02, 0x00, 0xE5, 0xCD, 0xDF, 0x42, 0xC1, 0x2A, 0x2C, 0xC0, 0x26,
    0x00, 0x7C, 0xB5, 0xCA, 0xCA, 0x13, 0xCD, 0x6B, 0x20, 0x2A, 0x29, 0xC0,
    0x26, 0x00, 0x11, 0x03, 0x00, 0xA7, 0xED, 0x52, 0xCC, 0xD0, 0x0F, 0xC3,
    0xF7, 0x13, 0x3E, 0x01, 0x32, 0x29, 0xC0, 0xC3, 0xF7, 0x13, 0x3A, 0x2C,
    0xC0, 0xA7, 0xC2, 0xF7, 0x13, 0x3E, 0x05, 0x32, 0x29, 0xC0, 0xC3, 0xF7,
    0x13, 0x3A, 0x2C, 0xC0, 0xA7, 0xC2, 0xF7, 0x13, 0x3E, 0x06, 0x32, 0x29,
    0xC0, 0xC3, 0xF7, 0x13, 0x3A, 0x2C, 0xC0, 0xA7, 0xCC, 0x2B, 0x12, 0x33,
    0xC3, 0x1E, 0x13, 0xC9, 0xC1, 0xE1, 0xE5, 0xC5, 0xE5, 0xCD, 0x2E, 0x51,
    0xC1, 0x26, 0x00, 0xC9, 0xC5, 0xC5, 0x3B, 0x21, 0x70, 0x00, 0xE5, 0x2E,
    0xF6, 0xE5, 0x21, 0x02, 0x00, 0xE5, 0x2E, 0x0D, 0x39, 0x6E, 0x26, 0x00,
    0xE5, 0x21, 0x00, 0x00, 0xE5, 0x11, 0x00, 0x00, 0xD5, 0xE5, 0x21, 0x00,
    0x00, 0xE5, 0xE5, 0xCD, 0xFC, 0x51, 0xD9, 0x21, 0x12, 0x00, 0x39, 0xF9,
    0xD9, 0xCD, 0xE4, 0x02, 0xD2, 0x42, 0x14, 0x21, 0x00, 0x00, 0x33, 0xC1,
    0xC1, 0xC9, 0x21, 0x03, 0x00, 0x39, 0x36, 0x00, 0x23, 0x36, 0xB0, 0x21,
    0x02, 0x00, 0x39, 0xE5, 0xCD, 0x9F, 0x02, 0x7E, 0xD1, 0x12, 0x21, 0x01,
    0x00, 0x39, 0xE5, 0xCD, 0x9F, 0x02, 0x23, 0x7E, 0xD1, 0x12, 0x21, 0x00,
    0x00, 0x39, 0xE5, 0xCD, 0x9F, 0x02, 0x23, 0x23, 0x7E, 0xD1, 0x12, 0x21,
    0x02, 0x00, 0x39, 0x7E, 0xFE, 0x7F, 0xC2, 0x8A, 0x14, 0x21, 0x01, 0x00,
    0x39, 0x7E, 0xFE, 0x7F, 0xC2, 0x8A, 0x14, 0x21, 0x00, 0x00, 0x33, 0xC1,
    0xC1, 0xC9, 0x21, 0x02, 0x00, 0x39, 0x7E, 0xFE, 0x2E, 0xC2, 0xB3, 0x14,
    0xE1, 0xE5, 0x7C, 0xA7, 0xCA, 0xAC, 0x14, 0x21, 0x01, 0x00, 0x39, 0x7E,
    0xFE, 0x2E, 0xC2, 0xB3, 0x14, 0xE1, 0xE5, 0x7D, 0xA7, 0xC2, 0xB3, 0x14,
    0x21, 0x00, 0x00, 0x33, 0xC1, 0xC1, 0xC9, 0x21, 0x01, 0x00, 0x33, 0xC1,
    0xC1, 0xC9, 0x2A, 0x2A, 0xC0, 0x26, 0x00, 0xE5, 0x21, 0x33, 0xC0, 0xE5,
    0x21, 0x92, 0xC7, 0xE5, 0xCD, 0x4E, 0x2F, 0xC1, 0xC1, 0xC1, 0x26, 0x00,
    0xC9, 0xCD, 0xD7, 0x50, 0xCD, 0xBA, 0x14, 0x26, 0x00, 0xC9, 0x3A, 0x2C,
    0xC0, 0xA7, 0xCA, 0xF1, 0x14, 0x21, 0x1E, 0x59, 0xE5, 0xCD, 0x3D, 0x03,
    0x21, 0x33, 0x59, 0xE3, 0xCD, 0x65, 0x03, 0xC1, 0xC9, 0x3A, 0x92, 0xC7,
    0xA7, 0xCA, 0xFE, 0x14, 0x21, 0x52, 0x59, 0xC3, 0x01, 0x15, 0x21, 0x6C,
    0x59, 0xE5, 0xCD, 0x3D, 0x03, 0x21, 0x33, 0x59, 0xE3, 0xCD, 0x65, 0x03,
    0xC1, 0xC9, 0xC5, 0x3B, 0xCD, 0xAF, 0x39, 0xAF, 0x32, 0x2E, 0xC0, 0x32,
    0xF5, 0xC0, 0x2A, 0x30, 0xC0, 0xE5, 0xCD, 0xFC, 0x13, 0xC1, 0xCD, 0xE4,
    0x02, 0xD2, 0x36, 0x15, 0x21, 0x7B, 0x59, 0xE5, 0xCD, 0xA4, 0x03, 0xC1,
    0x21, 0x00, 0x00, 0x33, 0xC1, 0xC9, 0xAF, 0x32, 0x2F, 0xC0, 0x21, 0x00,
    0x00, 0x39, 0x36, 0x00, 0xC3, 0x48, 0x15, 0x21, 0x00, 0x00, 0x39, 0x34,
    0xE1, 0xE5, 0x7D, 0xD6, 0x08, 0xD2, 0x09, 0x16, 0xE1, 0xE5, 0x26, 0x00,
    0x29, 0x23, 0x23, 0x26, 0x00, 0x3B, 0x7D, 0xE1, 0x6F, 0xE5, 0x3B, 0x21,
    0x1E, 0x00, 0xE5, 0xCD, 0x08, 0x14, 0xC1, 0xCD, 0xE4, 0x02, 0xD2, 0x78,
    0x15, 0x21, 0x01, 0x00, 0x7D, 0x32, 0x2F, 0xC0, 0xC1, 0xC3, 0x09, 0x16,
    0x21, 0x03, 0x00, 0x39, 0x36, 0x00, 0x23, 0x36, 0xB0, 0x21, 0x00, 0x00,
    0x39, 0x36, 0x00, 0xC3, 0x8F, 0x15, 0x21, 0x00, 0x00, 0x39, 0x34, 0xE1,
    0xE5, 0x7D, 0xD6, 0x1E, 0xD2, 0xD4, 0x15, 0x21, 0x03, 0x00, 0x39, 0x5E,
    0x23, 0x56, 0xE1, 0xE5, 0x26, 0x00, 0x19, 0x7E, 0xA7, 0xCA, 0xD4, 0x15,
    0xE1, 0xE5, 0x2C, 0x26, 0x00, 0xE5, 0x21, 0x03, 0x00, 0x39, 0x6E, 0x26,
    0x00, 0xE5, 0x21, 0x07, 0x00, 0x39, 0x5E, 0x23, 0x56, 0x21, 0x04, 0x00,
    0x39, 0x6E, 0x26, 0x00, 0x19, 0x6E, 0x7D, 0x17, 0x9F, 0x67, 0xE5, 0xCD,
    0xF9, 0x33, 0xC1, 0xC1, 0xC1, 0xC3, 0x8A, 0x15, 0xE1, 0xE5, 0x26, 0x00,
    0x7D, 0xD6, 0x1C, 0x3F, 0xD2, 0xF9, 0x15, 0x2A, 0xF5, 0xC0, 0x26, 0x00,
    0xE5, 0x21, 0x04, 0x00, 0x39, 0x6E, 0x26, 0x00, 0x11, 0x01, 0x00, 0xCD,
    0xCE, 0x01, 0xD1, 0x62, 0x7D, 0xB3, 0x32, 0xF5, 0xC0, 0x21, 0x02, 0x00,
    0x39, 0x6E, 0x2C, 0x26, 0x00, 0x7D, 0x32, 0x2E, 0xC0, 0xC1, 0xC3, 0x43,
    0x15, 0x3A, 0x2E, 0xC0, 0xA7, 0xC2, 0x34, 0x16, 0x21, 0x01, 0x00, 0xE5,
    0x2E, 0x02, 0xE5, 0x3A, 0x92, 0xC7, 0xA7, 0xCA, 0x24, 0x16, 0x21, 0x81,
    0x59, 0xC3, 0x27, 0x16, 0x21, 0x8E, 0x59, 0xE5, 0xCD, 0x7C, 0x33, 0xC1,
    0xC1, 0xC1, 0x21, 0x01, 0x00, 0x33, 0xC1, 0xC9, 0x2A, 0x2D, 0xC0, 0x26,
    0x00, 0xEB, 0x2A, 0x2E, 0xC0, 0x26, 0x00, 0xCD, 0x09, 0x03, 0xD2, 0x4F,
    0x16, 0x2A, 0x2E, 0xC0, 0x2D, 0x26, 0x00, 0x7D, 0x32, 0x2D, 0xC0, 0x2A,
    0x2D, 0xC0, 0x26, 0x00, 0xE5, 0x21, 0x01, 0x00, 0xE5, 0xCD, 0xF1, 0x03,
    0xC1, 0xC1, 0x21, 0x01, 0x00, 0x33, 0xC1, 0xC9, 0x21, 0x33, 0xC0, 0xCD,
    0xA1, 0x56, 0x26, 0x00, 0x3B, 0x7D, 0xE1, 0x6F, 0xE5, 0x26, 0x00, 0x3E,
    0x1A, 0x95, 0xD2, 0x8D, 0x16, 0x21, 0x33, 0xC0, 0xE5, 0x21, 0x02, 0x00,
    0x39, 0x6E, 0x26, 0x00, 0x01, 0xE6, 0xFF, 0x09, 0xD1, 0x19, 0xC3, 0x90,
    0x16, 0x21, 0x33, 0xC0, 0xE5, 0xCD, 0xB7, 0x03, 0xC1, 0xCD, 0x0E, 0x15,
    0x7C, 0xB5, 0xCA, 0xA3, 0x16, 0xCD, 0xDA, 0x14, 0xC3, 0xAB, 0x16, 0x21,
    0x96, 0x59, 0xE5, 0xCD, 0x65, 0x03, 0xC1, 0x33, 0xC9, 0x21, 0x02, 0x00,
    0x39, 0x7E, 0x17, 0xD2, 0x20, 0x17, 0x3A, 0x2E, 0xC0, 0xA7, 0xCA, 0xF4,
    0x16, 0x2A, 0x2D, 0xC0, 0x26, 0x00, 0xAF, 0x95, 0xD2, 0xF4, 0x16, 0x2A,
    0x2D, 0xC0, 0x26, 0x00, 0xE5, 0x21, 0x00, 0x00, 0xE5, 0xCD, 0xF1, 0x03,
    0xC1, 0xC1, 0x21, 0x2D, 0xC0, 0x7E, 0x35, 0x2A, 0x2D, 0xC0, 0x26, 0x00,
    0xE5, 0x21, 0x01, 0x00, 0xE5, 0xCD, 0xF1, 0x03, 0xC1, 0x21, 0x00, 0x00,
    0xE3, 0xCD, 0xDF, 0x42, 0xC1, 0xC3, 0x8C, 0x17, 0x2A, 0x30, 0xC0, 0x11,
    0x08, 0x00, 0xEB, 0xCD, 0x09, 0x03, 0xD2, 0x8C, 0x17, 0x2A, 0x30, 0xC0,
    0x01, 0xF8, 0xFF, 0x09, 0x22, 0x30, 0xC0, 0x21, 0x07, 0x00, 0x7D, 0x32,
    0x2D, 0xC0, 0xCD, 0x0E, 0x15, 0x21, 0x00, 0x00, 0xE5, 0xCD, 0xDF, 0x42,
    0xC1, 0xC3, 0x8C, 0x17, 0x2A, 0x2E, 0xC0, 0x26, 0x00, 0x7D, 0xA7, 0xC2,
    0x2B, 0x17, 0xC9, 0x2A, 0x2D, 0xC0, 0x2C, 0x26, 0x00, 0xEB, 0x2A, 0x2E,
    0xC0, 0x26, 0x00, 0xEB, 0xA7, 0xED, 0x52, 0xD2, 0x6B, 0x17, 0x2A, 0x2D,
    0xC0, 0x26, 0x00, 0xE5, 0x21, 0x00, 0x00, 0xE5, 0xCD, 0xF1, 0x03, 0xC1,
    0xC1, 0x21, 0x2D, 0xC0, 0x7E, 0x34, 0x2A, 0x2D, 0xC0, 0x26, 0x00, 0xE5,
    0x21, 0x01, 0x00, 0xE5, 0xCD, 0xF1, 0x03, 0xC1, 0x21, 0x00, 0x00, 0xE3,
    0xCD, 0xDF, 0x42, 0xC1, 0xC3, 0x8C, 0x17, 0x3A, 0x2F, 0xC0, 0xA7, 0xC0,
    0x2A, 0x30, 0xC0, 0x01, 0x08, 0x00, 0x09, 0x22, 0x30, 0xC0, 0x21, 0x00,
    0x00, 0x7D, 0x32, 0x2D, 0xC0, 0xCD, 0x0E, 0x15, 0x21, 0x00, 0x00, 0xE5,
    0xCD, 0xDF, 0x42, 0xC1, 0xC9, 0xCD, 0xD7, 0x50, 0x3A, 0x2A, 0xC0, 0x32,
    0x2D, 0xC0, 0x21, 0x03, 0x00, 0x7D, 0x32, 0x29, 0xC0, 0xC9, 0x21, 0x33,
    0xC0, 0xCD, 0xA1, 0x56, 0x26, 0x00, 0x3B, 0x7D, 0xE1, 0x6F, 0xE5, 0x26,
    0x00, 0x3E, 0x01, 0x95, 0x3F, 0xD2, 0xB9, 0x17, 0xCD, 0x8D, 0x17, 0x33,
    0xC9, 0x21, 0x00, 0x00, 0x39, 0x35, 0xE1, 0xE5, 0x26, 0x00, 0xAF, 0x95,
    0xD2, 0xE3, 0x17, 0x21, 0x33, 0xC0, 0xE5, 0x21, 0x02, 0x00, 0x39, 0x6E,
    0x26, 0x00, 0x2B, 0xD1, 0x19, 0x7E, 0xFE, 0x2F, 0xCA, 0xE3, 0x17, 0x21,
    0x00, 0x00, 0x39, 0x35, 0xC3, 0xBE, 0x17, 0x11, 0x33, 0xC0, 0xE1, 0xE5,
    0x26, 0x00, 0x19, 0x54, 0x5D, 0xAF, 0x12, 0x21, 0x00, 0x00, 0x22, 0x30,
    0xC0, 0x7D, 0x32, 0x2D, 0xC0, 0x21, 0x02, 0x00, 0xE5, 0xCD, 0xDF, 0x42,
    0x21, 0xA7, 0x59, 0xE3, 0xCD, 0x4E, 0x03, 0xC1, 0xCD, 0xD1, 0x14, 0xCD,
    0xE4, 0x02, 0xD2, 0x1B, 0x18, 0x21, 0xB2, 0x59, 0xE5, 0xCD, 0xA4, 0x03,
    0xC1, 0x33, 0xC9, 0xCD, 0x64, 0x16, 0x33, 0xC9, 0xC5, 0xC5, 0xC5, 0x3B,
    0x2A, 0x2E, 0xC0, 0x26, 0x00, 0x7D, 0xA7, 0xC2, 0x33, 0x18, 0x33, 0xC1,
    0xC1, 0xC1, 0xC9, 0x21, 0x01, 0x00, 0xE5, 0xCD, 0xDF, 0x42, 0x21, 0xA7,
    0x59, 0xE3, 0xCD, 0x4E, 0x03, 0xC1, 0xED, 0x5B, 0x30, 0xC0, 0x2A, 0x2D,
    0xC0, 0x26, 0x00, 0x19, 0xE5, 0xCD, 0xFC, 0x13, 0xC1, 0xCD, 0xE4, 0x02,
    0xDA, 0x65, 0x18, 0x21, 0x78, 0x00, 0xE5, 0xCD, 0x08, 0x14, 0xC1, 0xCD,
    0xE4, 0x02, 0xD2, 0x72, 0x18, 0x21, 0xB8, 0x59, 0xE5, 0xCD, 0xA4, 0x03,
    0xC1, 0x33, 0xC1, 0xC1, 0xC1, 0xC9, 0x21, 0x05, 0x00, 0x39, 0x36, 0x00,
    0x23, 0x36, 0xB0, 0x21, 0x00, 0x00, 0xD1, 0xC1, 0xE5, 0xD5, 0xC1, 0xE1,
    0xE5, 0xC5, 0x11, 0x78, 0x00, 0xA7, 0xED, 0x52, 0xD2, 0xA7, 0x18, 0x21,
    0x05, 0x00, 0xCD, 0xF7, 0x01, 0xCD, 0x96, 0x02, 0xD1, 0x19, 0x7E, 0xA7,
    0xCA, 0xA7, 0x18, 0xD1, 0xE1, 0x23, 0xE5, 0xD5, 0xC3, 0x82, 0x18, 0xC1,
    0xE1, 0xE5, 0xC5, 0x7C, 0xB5, 0xC2, 0xBD, 0x18, 0x21, 0xBE, 0x59, 0xE5,
    0xCD, 0xA4, 0x03, 0xC1, 0x33, 0xC1, 0xC1, 0xC1, 0xC9, 0x21, 0x05, 0x00,
    0xCD, 0xF7, 0x01, 0xCD, 0x96, 0x02, 0x2B, 0xD1, 0x19, 0x7E, 0xFE, 0x2F,
    0xC2, 0xA9, 0x19, 0x21, 0x04, 0x00, 0x39, 0xE5, 0x21, 0x33, 0xC0, 0xCD,
    0xA1, 0x56, 0xD1, 0x7D, 0x12, 0x21, 0x04, 0x00, 0x39, 0x6E, 0x26, 0x00,
    0xEB, 0xCD, 0x7B, 0x02, 0x19, 0x11, 0x5F, 0x00, 0xEB, 0xA7, 0xED, 0x52,
    0xD2, 0x11, 0x19, 0x21, 0x04, 0x00, 0xE5, 0xCD, 0xDF, 0x42, 0x21, 0xC5,
    0x59, 0xE3, 0xCD, 0x3D, 0x03, 0x21, 0x5A, 0x00, 0xE3, 0xCD, 0xE4, 0x03,
    0xC1, 0xCD, 0xDA, 0x14, 0x33, 0xC1, 0xC1, 0xC1, 0xC9, 0x21, 0x00, 0x00,
    0xC1, 0xE5, 0xC3, 0x1C, 0x19, 0xE1, 0x23, 0xE5, 0x21, 0x00, 0x00, 0xCD,
    0xF7, 0x01, 0xCD, 0x96, 0x02, 0xD1, 0xEB, 0xA7, 0xED, 0x52, 0xD2, 0x56,
    0x19, 0x21, 0x33, 0xC0, 0xE5, 0x21, 0x06, 0x00, 0x39, 0x6E, 0x26, 0x00,
    0xEB, 0xCD, 0x7B, 0x02, 0x19, 0xD1, 0x19, 0xE5, 0x21, 0x07, 0x00, 0xCD,
    0xF7, 0x01, 0xCD, 0x96, 0x02, 0xD1, 0x19, 0x6E, 0x7D, 0x17, 0x9F, 0x67,
    0x7D, 0xD1, 0x12, 0xC3, 0x19, 0x19, 0x21, 0x33, 0xC0, 0xE5, 0x21, 0x06,
    0x00, 0x39, 0x6E, 0x26, 0x00, 0xEB, 0xCD, 0x96, 0x02, 0x19, 0xD1, 0x19,
    0x54, 0x5D, 0xAF, 0x12, 0x21, 0x00, 0x00, 0x22, 0x30, 0xC0, 0x7D, 0x32,
    0x2D, 0xC0, 0xCD, 0xD1, 0x14, 0xCD, 0xE4, 0x02, 0xD2, 0xA1, 0x19, 0x21,
    0xB2, 0x59, 0xE5, 0xCD, 0xA4, 0x03, 0x21, 0x5A, 0x00, 0xE3, 0xCD, 0xE4,
    0x03, 0xC1, 0x11, 0x33, 0xC0, 0x21, 0x04, 0x00, 0x39, 0x6E, 0x26, 0x00,
    0x19, 0x36, 0x00, 0x6E, 0x26, 0x00, 0xCD, 0xD1, 0x14, 0xCD, 0x64, 0x16,
    0x33, 0xC1, 0xC1, 0xC1, 0xC9, 0x3A, 0x2C, 0xC0, 0xA7, 0xCA, 0xBD, 0x19,
    0x21, 0xDB, 0x59, 0xE5, 0xCD, 0x3D, 0x03, 0xC1, 0x33, 0xC1, 0xC1, 0xC1,
    0xC9, 0xCD, 0xD1, 0x2A, 0x21, 0x78, 0x00, 0xE5, 0xCD, 0xE4, 0x03, 0xC1,
    0xCD, 0x64, 0x16, 0x33, 0xC1, 0xC1, 0xC1, 0xC9, 0x21, 0xB0, 0xC7, 0x54,
    0x5D, 0xAF, 0x12, 0x21, 0xF2, 0x59, 0xE5, 0x21, 0xF9, 0x59, 0xE5, 0x21,
    0x1E, 0x00, 0xE5, 0xCD, 0x98, 0x4B, 0xC1, 0xC1, 0xC1, 0x21, 0x00, 0x00,
    0x22, 0x30, 0xC0, 0x7D, 0x32, 0x2D, 0xC0, 0x21, 0xA7, 0x59, 0xE5, 0xCD,
    0x4E, 0x03, 0xC1, 0xCD, 0xD1, 0x14, 0xCD, 0xE4, 0x02, 0xD2, 0x0C, 0x1A,
    0x21, 0xB2, 0x59, 0xE5, 0xCD, 0xA4, 0x03, 0xC1, 0xCD, 0x64, 0x16, 0xC9,
    0x2A, 0xF6, 0xC0, 0x26, 0x00, 0x2B, 0x7C, 0xB5, 0xC2, 0x31, 0x1A, 0x2A,
    0x2D, 0xC0, 0x26, 0x00, 0x29, 0x23, 0x23, 0x26, 0x00, 0xE5, 0x21, 0x00,
    0x00, 0xE5, 0xE5, 0xCD, 0xD4, 0x35, 0xC1, 0xC1, 0xC1, 0xAF, 0x32, 0xF6,
    0xC0, 0x21, 0x2D, 0x00, 0x7D, 0x32, 0xF8, 0xC0, 0xCD, 0xE9, 0x40, 0x26,
    0x00, 0x7D, 0x32, 0xF7, 0xC0, 0xC9, 0x21, 0x00, 0xB0, 0xE5, 0xCD, 0xE9,
    0x40, 0x26, 0x00, 0x3B, 0x7D, 0xE1, 0x6F, 0xE5, 0x3A, 0xF6, 0xC0, 0xFE,
    0x02, 0xCA, 0x6C, 0x1A, 0xE1, 0xE5, 0x26, 0x00, 0xEB, 0x2A, 0xF7, 0xC0,
    0x26, 0x00, 0xCD, 0xDD, 0x01, 0xD2, 0x6F, 0x1A, 0x33, 0xC1, 0xC9, 0xE1,
    0xE5, 0x7D, 0x32, 0xF7, 0xC0, 0x2A, 0xF8, 0xC0, 0x26, 0x00, 0x2B, 0x7D,
    0x32, 0xF8, 0xC0, 0x7C, 0xB5, 0xCA, 0x87, 0x1A, 0x33, 0xC1, 0xC9, 0x3A,
    0xF6, 0xC0, 0xA7, 0xC2, 0x37, 0x1B, 0x3E, 0x02, 0x32, 0xF6, 0xC0, 0x2A,
    0xF5, 0xC0, 0x26, 0x00, 0xE5, 0x2A, 0x2D, 0xC0, 0x26, 0x00, 0x11, 0x01,
    0x00, 0xCD, 0xCE, 0x01, 0x26, 0x00, 0xD1, 0xCD, 0x53, 0x02, 0xCD, 0xE4,
    0x02, 0xD2, 0xB3, 0x1A, 0x33, 0xC1, 0xC9, 0xED, 0x5B, 0x30, 0xC0, 0x2A,
    0x2D, 0xC0, 0x26, 0x00, 0x19, 0xE5, 0xCD, 0xFC, 0x13, 0xC1, 0xCD, 0xE4,
    0x02, 0xDA, 0xD6, 0x1A, 0x21, 0x78, 0x00, 0xE5, 0xCD, 0x08, 0x14, 0xC1,
    0xCD, 0xE4, 0x02, 0xD2, 0xD9, 0x1A, 0x33, 0xC1, 0xC9, 0xAF, 0x32, 0xF9,
    0xC0, 0x3A, 0xF9, 0xC0, 0xD6, 0x78, 0xD2, 0xFC, 0x1A, 0xCD, 0x72, 0x02,
    0xEB, 0x2A, 0xF9, 0xC0, 0x26, 0x00, 0x19, 0x7E, 0xA7, 0xCA, 0xFC, 0x1A,
    0x21, 0xF9, 0xC0, 0x7E, 0x34, 0xC3, 0xDD, 0x1A, 0x2A, 0xF9, 0xC0, 0x26,
    0x00, 0x7D, 0xD6, 0x1E, 0xD2, 0x0A, 0x1B, 0x33, 0xC1, 0xC9, 0x21, 0x00,
    0x00, 0x7D, 0x32, 0xFA, 0xC0, 0x3E, 0x01, 0x32, 0xFB, 0xC0, 0x3E, 0x1E,
    0x32, 0xF8, 0xC0, 0x3E, 0x01, 0x32, 0xF6, 0xC0, 0x2A, 0x2D, 0xC0, 0x26,
    0x00, 0x29, 0x23, 0x23, 0x26, 0x00, 0xE5, 0xCD, 0x84, 0x02, 0xE5, 0xCD,
    0x71, 0x36, 0xC1, 0xC1, 0x33, 0xC1, 0xC9, 0x3A, 0xF9, 0xC0, 0xFE, 0x1E,
    0xC2, 0x49, 0x1B, 0x21, 0x1E, 0x00, 0x7D, 0x32, 0xF8, 0xC0, 0x33, 0xC1,
    0xC9, 0x2A, 0xFA, 0xC0, 0x26, 0x00, 0xE5, 0x21, 0xFB, 0xC0, 0xCD, 0x64,
    0x02, 0xD1, 0x19, 0x7D, 0x32, 0xFA, 0xC0, 0x2A, 0x2D, 0xC0, 0x26, 0x00,
    0x29, 0x23, 0x23, 0x26, 0x00, 0xE5, 0xCD, 0x84, 0x02, 0xEB, 0x2A, 0xFA,
    0xC0, 0x26, 0x00, 0x19, 0xE5, 0xCD, 0x71, 0x36, 0xC1, 0xC1, 0x3A, 0xFA,
    0xC0, 0xA7, 0xCA, 0x92, 0x1B, 0x2A, 0xFA, 0xC0, 0x26, 0x00, 0xE5, 0x3A,
    0xF9, 0xC0, 0xC6, 0xE2, 0x6F, 0x26, 0x00, 0xD1, 0xCD, 0xDD, 0x01, 0xD2,
    0xAF, 0x1B, 0x21, 0xFB, 0xC0, 0xCD, 0x64, 0x02, 0xCD, 0x67, 0x01, 0x7D,
    0xCD, 0x65, 0x02, 0x7D, 0xCD, 0x65, 0x02, 0x7D, 0x32, 0xFB, 0xC0, 0x3E,
    0x1E, 0x32, 0xF8, 0xC0, 0xC3, 0xB6, 0x1B, 0x21, 0x06, 0x00, 0x7D, 0x32,
    0xF8, 0xC0, 0x33, 0xC1, 0xC9, 0xCD, 0x64, 0x16, 0xCD, 0x10, 0x1A, 0x2A,
    0x29, 0xC0, 0x26, 0x00, 0x11, 0x04, 0x00, 0xA7, 0xED, 0x52, 0xC0, 0xCD,
    0x63, 0x41, 0x26, 0x00, 0x3B, 0x7D, 0xE1, 0x6F, 0xE5, 0x26, 0x00, 0x7D,
    0xA7, 0xC2, 0xE3, 0x1B, 0xCD, 0x46, 0x1A, 0x33, 0xC3, 0xBF, 0x1B, 0xCD,
    0x10, 0x1A, 0x21, 0x00, 0x00, 0x39, 0x7E, 0xFE, 0x1C, 0xC2, 0x26, 0x1C,
    0x21, 0x00, 0x00, 0x39, 0xE5, 0x3A, 0x2C, 0xC0, 0xA7, 0xCA, 0x11, 0x1C,
    0x21, 0x15, 0x59, 0xE5, 0x21, 0x1C, 0x59, 0xE5, 0x21, 0x02, 0x00, 0xE5,
    0xCD, 0xCD, 0x04, 0xC1, 0xC1, 0xC1, 0xC3, 0x23, 0x1C, 0x21, 0x0F, 0x59,
    0xE5, 0x21, 0x19, 0x59, 0xE5, 0x21, 0x03, 0x00, 0xE5, 0xCD, 0xCD, 0x04,
    0xC1, 0xC1, 0xC1, 0xD1, 0x7D, 0x12, 0x21, 0x00, 0x00, 0x39, 0x7E, 0xFE,
    0x1A, 0xC2, 0x48, 0x1C, 0x21, 0x00, 0x00, 0x39, 0xE5, 0x3A, 0x34, 0xC0,
    0xA7, 0xCA, 0x42, 0x1C, 0x21, 0x11, 0x00, 0xC3, 0x45, 0x1C, 0x21, 0x1B,
    0x00, 0xD1, 0x7D, 0x12, 0xE1, 0xE5, 0x26, 0x00, 0x7D, 0xFE, 0x01, 0xCA,
    0x7D, 0x1C, 0xFE, 0x02, 0xCA, 0x88, 0x1C, 0xFE, 0x03, 0xCA, 0x93, 0x1C,
    0xFE, 0x04, 0xCA, 0xBF, 0x1C, 0xFE, 0x05, 0xCA, 0xEC, 0x1C, 0xFE, 0x11,
    0xCA, 0xF2, 0x1C, 0xFE, 0x14, 0xCA, 0xF8, 0x1C, 0xFE, 0x15, 0xCA, 0xFE,
    0x1C, 0xFE, 0x1B, 0xCA, 0x22, 0x1D, 0xC3, 0x43, 0x1D, 0x21, 0xFF, 0xFF,
    0xE5, 0xCD, 0xAD, 0x16, 0xC1, 0xC3, 0x43, 0x1D, 0x21, 0x01, 0x00, 0xE5,
    0xCD, 0xAD, 0x16, 0xC1, 0xC3, 0x43, 0x1D, 0x2A, 0x30, 0xC0, 0x11, 0x08,
    0x00, 0xEB, 0xCD, 0x09, 0x03, 0xD2, 0x43, 0x1D, 0x2A, 0x30, 0xC0, 0x01,
    0xF8, 0xFF, 0x09, 0x22, 0x30, 0xC0, 0x21, 0x00, 0x00, 0x7D, 0x32, 0x2D,
    0xC0, 0xCD, 0x0E, 0x15, 0x21, 0x00, 0x00, 0xE5, 0xCD, 0xDF, 0x42, 0xC1,
    0xC3, 0x43, 0x1D, 0x3A, 0x2E, 0xC0, 0xA7, 0xCA, 0x43, 0x1D, 0x3A, 0x2F,
    0xC0, 0xA7, 0xC2, 0x43, 0x1D, 0x2A, 0x30, 0xC0, 0x01, 0x08, 0x00, 0x09,
    0x22, 0x30, 0xC0, 0x21, 0x00, 0x00, 0x7D, 0x32, 0x2D, 0xC0, 0xCD, 0x0E,
    0x15, 0x21, 0x00, 0x00, 0xE5, 0xCD, 0xDF, 0x42, 0xC1, 0xC3, 0x43, 0x1D,
    0xCD, 0x20, 0x18, 0xC3, 0x43, 0x1D, 0xCD, 0x9E, 0x17, 0xC3, 0x43, 0x1D,
    0xCD, 0xD0, 0x19, 0xC3, 0x43, 0x1D, 0x2A, 0x2C, 0xC0, 0x26, 0x00, 0x7C,
    0xB5, 0xCA, 0x1C, 0x1D, 0xCD, 0x1B, 0x20, 0x2A, 0x29, 0xC0, 0x26, 0x00,
    0x11, 0x04, 0x00, 0xA7, 0xED, 0x52, 0xCC, 0x64, 0x16, 0xC3, 0x43, 0x1D,
    0xCD, 0x48, 0x1D, 0xC3, 0x43, 0x1D, 0x2A, 0x2C, 0xC0, 0x26, 0x00, 0x7C,
    0xB5, 0xCA, 0x40, 0x1D, 0xCD, 0x6B, 0x20, 0x2A, 0x29, 0xC0, 0x26, 0x00,
    0x11, 0x04, 0x00, 0xA7, 0xED, 0x52, 0xCC, 0x64, 0x16, 0xC3, 0x43, 0x1D,
    0xCD, 0x8D, 0x17, 0x33, 0xC3, 0xBF, 0x1B, 0xC9, 0xC5, 0xC5, 0xC5, 0x3B,
    0x2A, 0x2E, 0xC0, 0x26, 0x00, 0x7D, 0xA7, 0xC2, 0x5B, 0x1D, 0x33, 0xC1,
    0xC1, 0xC1, 0xC9, 0x21, 0x37, 0x5A, 0xE5, 0xCD, 0x4E, 0x03, 0xC1, 0xED,
    0x5B, 0x30, 0xC0, 0x2A, 0x2D, 0xC0, 0x26, 0x00, 0x19, 0xE5, 0xCD, 0xFC,
    0x13, 0xC1, 0xCD, 0xE4, 0x02, 0xDA, 0x86, 0x1D, 0x21, 0x78, 0x00, 0xE5,
    0xCD, 0x08, 0x14, 0xC1, 0xCD, 0xE4, 0x02, 0xD2, 0x93, 0x1D, 0x21, 0x42,
    0x5A, 0xE5, 0xCD, 0xA4, 0x03, 0xC1, 0x33, 0xC1, 0xC1, 0xC1, 0xC9, 0x21,
    0x05, 0x00, 0x39, 0x36, 0x00, 0x23, 0x36, 0xB0, 0x21, 0x00, 0x00, 0xD1,
    0xC1, 0xE5, 0xD5, 0xC1, 0xE1, 0xE5, 0xC5, 0x11, 0x78, 0x00, 0xA7, 0xED,
    0x52, 0xD2, 0xC8, 0x1D, 0x21, 0x05, 0x00, 0xCD, 0xF7, 0x01, 0xCD, 0x96,
    0x02, 0xD1, 0x19, 0x7E, 0xA7, 0xCA, 0xC8, 0x1D, 0xD1, 0xE1, 0x23, 0xE5,
    0xD5, 0xC3, 0xA3, 0x1D, 0xC1, 0xE1, 0xE5, 0xC5, 0x7C, 0xB5, 0xC2, 0xDE,
    0x1D, 0x21, 0x48, 0x5A, 0xE5, 0xCD, 0xA4, 0x03, 0xC1, 0x33, 0xC1, 0xC1,
    0xC1, 0xC9, 0x21, 0x05, 0x00, 0xCD, 0xF7, 0x01, 0xCD, 0x96, 0x02, 0x2B,
    0xD1, 0x19, 0x7E, 0xFE, 0x2F, 0xC2, 0x0E, 0x1E, 0x21, 0x04, 0x00, 0xE5,
    0xCD, 0xDF, 0x42, 0x21, 0x4F, 0x5A, 0xE3, 0xCD, 0x3D, 0x03, 0x21, 0x5A,
    0x00, 0xE3, 0xCD, 0xE4, 0x03, 0xC1, 0xCD, 0xDA, 0x14, 0x33, 0xC1, 0xC1,
    0xC1, 0xC9, 0x21, 0x04, 0x00, 0x39, 0xE5, 0x21, 0x33, 0xC0, 0xCD, 0xA1,
    0x56, 0xD1, 0x7D, 0x12, 0x21, 0x04, 0x00, 0x39, 0x6E, 0x26, 0x00, 0xEB,
    0xCD, 0x7B, 0x02, 0x19, 0x11, 0x5F, 0x00, 0xEB, 0xA7, 0xED, 0x52, 0xD2,
    0x50, 0x1E, 0x21, 0x04, 0x00, 0xE5, 0xCD, 0xDF, 0x42, 0x21, 0x6A, 0x5A,
    0xE3, 0xCD, 0x3D, 0x03, 0x21, 0x5A, 0x00, 0xE3, 0xCD, 0xE4, 0x03, 0xC1,
    0xCD, 0xDA, 0x14, 0x33, 0xC1, 0xC1, 0xC1, 0xC9, 0x21, 0x00, 0x00, 0xC1,
    0xE5, 0xC3, 0x5B, 0x1E, 0xE1, 0x23, 0xE5, 0xD1, 0xD5, 0x21, 0x04, 0x00,
    0x39, 0x6E, 0x26, 0x00, 0xEB, 0xA7, 0xED, 0x52, 0xD2, 0x85, 0x1E, 0xE1,
    0xE5, 0x01, 0x93, 0xC0, 0xC5, 0xD1, 0x19, 0xE5, 0x21, 0x33, 0xC0, 0xEB,
    0xCD, 0x7B, 0x02, 0x19, 0xCD, 0x64, 0x02, 0xD1, 0x7D, 0x12, 0xC3, 0x58,
    0x1E, 0x21, 0x00, 0x00, 0xC1, 0xE5, 0xC3, 0x90, 0x1E, 0xE1, 0x23, 0xE5,
    0x21, 0x00, 0x00, 0xCD, 0xF7, 0x01, 0xCD, 0x96, 0x02, 0xD1, 0xEB, 0xA7,
    0xED, 0x52, 0xD2, 0xCA, 0x1E, 0x21, 0x93, 0xC0, 0xE5, 0x21, 0x06, 0x00,
    0x39, 0x6E, 0x26, 0x00, 0xEB, 0xCD, 0x7B, 0x02, 0x19, 0xD1, 0x19, 0xE5,
    0x21, 0x07, 0x00, 0xCD, 0xF7, 0x01, 0xCD, 0x96, 0x02, 0xD1, 0x19, 0x6E,
    0x7D, 0x17, 0x9F, 0x67, 0x7D, 0xD1, 0x12, 0xC3, 0x8D, 0x1E, 0x21, 0x93,
    0xC0, 0xE5, 0x21, 0x06, 0x00, 0x39, 0x6E, 0x26, 0x00, 0xEB, 0xCD, 0x96,
    0x02, 0x19, 0xD1, 0x19, 0x54, 0x5D, 0xAF, 0x12, 0x3A, 0x2A, 0xC0, 0x32,
    0x2B, 0xC0, 0x21, 0x01, 0x00, 0x7D, 0x32, 0x2C, 0xC0, 0xCD, 0xD7, 0x50,
    0x3A, 0x2B, 0xC0, 0x32, 0x2D, 0xC0, 0x21, 0x03, 0x00, 0x7D, 0x32, 0x29,
    0xC0, 0x33, 0xC1, 0xC1, 0xC1, 0xC9, 0xC5, 0xAF, 0x32, 0x2C, 0xC0, 0x3A,
    0x2B, 0xC0, 0x32, 0x2A, 0xC0, 0x21, 0x01, 0x00, 0x39, 0xE5, 0x21, 0x93,
    0xC0, 0xCD, 0xA1, 0x56, 0xD1, 0x7D, 0x12, 0xE1, 0xE5, 0x6C, 0x26, 0x00,
    0xAF, 0x95, 0xD2, 0x41, 0x1F, 0x21, 0x93, 0xC0, 0xE5, 0x21, 0x03, 0x00,
    0x39, 0x6E, 0x26, 0x00, 0x2B, 0xD1, 0x19, 0x7E, 0xFE, 0x2F, 0xCA, 0x41,
    0x1F, 0x21, 0x01, 0x00, 0x39, 0x35, 0xC3, 0x1B, 0x1F, 0x21, 0x00, 0x00,
    0x39, 0x36, 0x00, 0xC3, 0x4F, 0x1F, 0x21, 0x00, 0x00, 0x39, 0x34, 0xE1,
    0xE5, 0x26, 0x00, 0xEB, 0xE1, 0xE5, 0x6C, 0x26, 0x00, 0xEB, 0xA7, 0xED,
    0x52, 0xD2, 0x7D, 0x1F, 0x11, 0x33, 0xC0, 0xE1, 0xE5, 0x26, 0x00, 0x19,
    0xE5, 0x11, 0x93, 0xC0, 0x21, 0x02, 0x00, 0x39, 0x6E, 0x26, 0x00, 0x19,
    0xCD, 0x64, 0x02, 0xD1, 0x7D, 0x12, 0xC3, 0x4A, 0x1F, 0x11, 0x33, 0xC0,
    0xE1, 0xE5, 0x6C, 0x26, 0x00, 0x19, 0x54, 0x5D, 0xAF, 0x12, 0x21, 0x92,
    0xC7, 0x54, 0x5D, 0xAF, 0x12, 0x21, 0x00, 0x00, 0x22, 0x30, 0xC0, 0x7D,
    0x32, 0x2D, 0xC0, 0xCD, 0xD7, 0x50, 0x21, 0x70, 0x00, 0xE5, 0x2E, 0xF9,
    0xE5, 0x21, 0x01, 0x00, 0xE5, 0x2A, 0x2A, 0xC0, 0x26, 0x00, 0xE5, 0x21,
    0x00, 0x00, 0xE5, 0x11, 0x00, 0x00, 0xD5, 0xE5, 0x21, 0x00, 0x00, 0xE5,
    0xE5, 0xCD, 0xFC, 0x51, 0xD9, 0x21, 0x12, 0x00, 0x39, 0xF9, 0xD9, 0xCD,
    0xE4, 0x02, 0xD2, 0xEB, 0x1F, 0x21, 0x80, 0x5A, 0xE5, 0xCD, 0xA4, 0x03,
    0x21, 0x5A, 0x00, 0xE3, 0xCD, 0xE4, 0x03, 0xC1, 0x3A, 0x2A, 0xC0, 0x32,
    0x2D, 0xC0, 0x21, 0x03, 0x00, 0x7D, 0x32, 0x29, 0xC0, 0xC1, 0xC9, 0xCD,
    0xBA, 0x14, 0xCD, 0xE4, 0x02, 0xD2, 0x12, 0x20, 0x21, 0x86, 0x5A, 0xE5,
    0xCD, 0xA4, 0x03, 0x21, 0x5A, 0x00, 0xE3, 0xCD, 0xE4, 0x03, 0xC1, 0x3A,
    0x2A, 0xC0, 0x32, 0x2D, 0xC0, 0x21, 0x03, 0x00, 0x7D, 0x32, 0x29, 0xC0,
    0xC1, 0xC9, 0x21, 0x04, 0x00, 0x7D, 0x32, 0x29, 0xC0, 0xC1, 0xC9, 0x21,
    0x8C, 0x5A, 0xE5, 0xCD, 0x4E, 0x03, 0xC1, 0x2A, 0x2B, 0xC0, 0x2C, 0x26,
    0x00, 0xE5, 0x2A, 0x2A, 0xC0, 0x2C, 0x26, 0x00, 0xE5, 0x21, 0x93, 0xC0,
    0xE5, 0x21, 0x33, 0xC0, 0xE5, 0xCD, 0x09, 0x32, 0xC1, 0xC1, 0xC1, 0xC1,
    0x7C, 0xB5, 0xCA, 0x57, 0x20, 0x21, 0x06, 0x00, 0xE5, 0xCD, 0xDF, 0x42,
    0x21, 0x62, 0x5A, 0xE3, 0xCD, 0x3D, 0x03, 0xC1, 0xC3, 0x5F, 0x20, 0x21,
    0x97, 0x5A, 0xE5, 0xCD, 0xA4, 0x03, 0xC1, 0x21, 0x78, 0x00, 0xE5, 0xCD,
    0xE4, 0x03, 0xC1, 0xCD, 0x02, 0x1F, 0xC9, 0xCD, 0x02, 0x1F, 0xC9, 0xCD,
    0x96, 0x02, 0x3E, 0xB0, 0x84, 0x67, 0xE5, 0x3B, 0x21, 0x00, 0x00, 0x39,
    0x36, 0x00, 0xC3, 0x86, 0x20, 0x21, 0x00, 0x00, 0x39, 0x34, 0xE1, 0xE5,
    0x26, 0x00, 0xEB, 0x21, 0x05, 0x00, 0x39, 0x6E, 0x26, 0x00, 0xEB, 0xA7,
    0xED, 0x52, 0xD2, 0xED, 0x20, 0x21, 0x01, 0x00, 0x39, 0x5E, 0x23, 0x56,
    0xE1, 0xE5, 0x26, 0x00, 0x19, 0x6E, 0x7D, 0x17, 0x9F, 0x67, 0x7D, 0xCD,
    0x65, 0x02, 0x3B, 0x7D, 0xE1, 0x6F, 0xE5, 0x21, 0x00, 0x00, 0x39, 0xCD,
    0x64, 0x02, 0x7D, 0xA7, 0xC2, 0xC3, 0x20, 0x33, 0xC3, 0xED, 0x20, 0x21,
    0x0C, 0x00, 0x39, 0x5E, 0x16, 0x00, 0xE1, 0xE5, 0x6C, 0x26, 0x00, 0x19,
    0x26, 0x00, 0xE5, 0x21, 0x0C, 0x00, 0x39, 0x6E, 0x26, 0x00, 0xE5, 0x21,
    0x04, 0x00, 0x39, 0xCD, 0x64, 0x02, 0xE5, 0xCD, 0xF9, 0x33, 0xC1, 0xC1,
    0xC1, 0x33, 0xC3, 0x81, 0x20, 0x33, 0xC1, 0xC9, 0x21, 0x01, 0x00, 0xE5,
    0x2E, 0x0A, 0x39, 0x6E, 0x26, 0x00, 0xE5, 0x21, 0x0A, 0x00, 0x39, 0xCD,
    0x6D, 0x02, 0xE5, 0xCD, 0x7C, 0x33, 0xC1, 0xC1, 0xC1, 0x21, 0x0A, 0x00,
    0xE5, 0x39, 0x6E, 0x26, 0x00, 0xE5, 0x21, 0x08, 0x00, 0xCD, 0xF7, 0x01,
    0x21, 0x08, 0x00, 0x39, 0x6E, 0x26, 0x00, 0xE5, 0xCD, 0x6F, 0x20, 0xC1,
    0xC1, 0xC1, 0xC1, 0xC9, 0x21, 0x9D, 0x5A, 0xE5, 0xCD, 0xB7, 0x03, 0x21,
    0xAA, 0x5A, 0xE3, 0xCD, 0x4E, 0x03, 0xC1, 0x21, 0x70, 0x00, 0xE5, 0x2E,
    0xC4, 0xE5, 0x21, 0x00, 0x00, 0xE5, 0x11, 0x00, 0x00, 0xD5, 0xE5, 0x21,
    0x00, 0x00, 0xE5, 0x11, 0x00, 0x00, 0xD5, 0xE5, 0x21, 0x00, 0x00, 0xE5,
    0xCD, 0xFC, 0x51, 0xD9, 0x21, 0x12, 0x00, 0x39, 0xF9, 0xD9, 0x7C, 0xB5,
    0xCA, 0x3F, 0x22, 0x21, 0x02, 0x00, 0xE5, 0x21, 0xB5, 0x5A, 0xE5, 0x21,
    0x00, 0x00, 0xE5, 0x2E, 0x15, 0xE5, 0xCD, 0xF0, 0x20, 0xC1, 0xC1, 0xC1,
    0xC1, 0x21, 0x04, 0x00, 0xE5, 0x21, 0xBA, 0x5A, 0xE5, 0x21, 0x21, 0x00,
    0xE5, 0x2E, 0x15, 0xE5, 0xCD, 0xF0, 0x20, 0xC1, 0xC1, 0xC1, 0xC1, 0x21,
    0x06, 0x00, 0xE5, 0x21, 0xBF, 0x5A, 0xE5, 0x21, 0x8C, 0x00, 0xE5, 0x2E,
    0x0F, 0xE5, 0xCD, 0xF0, 0x20, 0xC1, 0xC1, 0xC1, 0xC1, 0x21, 0x08, 0x00,
    0xE5, 0x21, 0xC2, 0x5A, 0xE5, 0x21, 0x9C, 0x00, 0xE5, 0x2E, 0x0F, 0xE5,
    0xCD, 0xF0, 0x20, 0xC1, 0xC1, 0xC1, 0xC1, 0x21, 0x0A, 0x00, 0xE5, 0x21,
    0xCA, 0x5A, 0xE5, 0x21, 0xAC, 0x00, 0xE5, 0x2E, 0x0F, 0xE5, 0xCD, 0xF0,
    0x20, 0xC1, 0xC1, 0xC1, 0xC1, 0x21, 0x0C, 0x00, 0xE5, 0x21, 0xD2, 0x5A,
    0xE5, 0x21, 0xBC, 0x00, 0xE5, 0x2E, 0x0F, 0xE5, 0xCD, 0xF0, 0x20, 0xC1,
    0xC1, 0xC1, 0xC1, 0x21, 0x0E, 0x00, 0xE5, 0x21, 0xD6, 0x5A, 0xE5, 0x21,
    0xCC, 0x00, 0xE5, 0x2E, 0x11, 0xE5, 0xCD, 0xF0, 0x20, 0xC1, 0xC1, 0xC1,
    0xC1, 0x21, 0x10, 0x00, 0xE5, 0x21, 0xDA, 0x5A, 0xE5, 0x21, 0xDE, 0x00,
    0xE5, 0x2E, 0x11, 0xE5, 0xCD, 0xF0, 0x20, 0xC1, 0xC1, 0xC1, 0xC1, 0x21,
    0x14, 0x00, 0xE5, 0x21, 0xE0, 0x5A, 0xE5, 0xCD, 0xD7, 0x39, 0xC1, 0xC1,
    0x21, 0x0A, 0x00, 0xE5, 0x2E, 0x14, 0xE5, 0x21, 0x7D, 0x00, 0xE5, 0x2E,
    0x0E, 0xE5, 0xCD, 0x6F, 0x20, 0xC1, 0xC1, 0xC1, 0x21, 0xE8, 0x5A, 0xE3,
    0xCD, 0x65, 0x03, 0xC1, 0xC3, 0x47, 0x22, 0x21, 0xF9, 0x5A, 0xE5, 0xCD,
    0xA4, 0x03, 0xC1, 0x2A, 0x29, 0xC0, 0x26, 0x00, 0x11, 0x05, 0x00, 0xA7,
    0xED, 0x52, 0xC0, 0xCD, 0x63, 0x41, 0x26, 0x00, 0x3B, 0x7D, 0xE1, 0x6F,
    0xE5, 0x26, 0x00, 0x7D, 0xFE, 0x05, 0xCA, 0x6F, 0x22, 0x21, 0x00, 0x00,
    0x39, 0x7E, 0xFE, 0x1A, 0xC2, 0x7E, 0x22, 0x21, 0x02, 0x00, 0xE5, 0xCD,
    0xDF, 0x42, 0xC1, 0x21, 0x03, 0x00, 0x7D, 0x32, 0x29, 0xC0, 0x33, 0xC3,
    0x47, 0x22, 0xC9, 0x21, 0x03, 0x00, 0xE5, 0x2E, 0x05, 0xE5, 0xCD, 0xB1,
    0x02, 0xE5, 0xCD, 0x7C, 0x33, 0xC1, 0xC1, 0xC1, 0xC9, 0x21, 0x04, 0x00,
    0x39, 0x6E, 0x26, 0x00, 0x29, 0x29, 0x29, 0xE5, 0x3B, 0xE1, 0x2E, 0x00,
    0xE5, 0x21, 0x05, 0x00, 0xCD, 0xF7, 0x01, 0xCD, 0x84, 0x02, 0xD1, 0xA7,
    0xED, 0x52, 0xD2, 0xE9, 0x22, 0x21, 0x00, 0x00, 0x39, 0xE5, 0x21, 0x07,
    0x00, 0xCD, 0xF7, 0x01, 0xCD, 0x9F, 0x02, 0xD1, 0xEB, 0xA7, 0xED, 0x52,
    0x11, 0x08, 0x00, 0xEB, 0xCD, 0x09, 0x03, 0xD2, 0xD8, 0x22, 0x21, 0x08,
    0x00, 0xC3, 0xE6, 0x22, 0x21, 0x07, 0x00, 0xCD, 0xF7, 0x01, 0xCD, 0x9F,
    0x02, 0xD1, 0xEB, 0xA7, 0xED, 0x52, 0xD1, 0x7D, 0x12, 0x21, 0x07, 0x00,
    0x39, 0x6E, 0x01, 0x04, 0x00, 0x09, 0x26, 0x00, 0xE5, 0x21, 0x09, 0x00,
    0xE5, 0x2E, 0x04, 0x39, 0x6E, 0x01, 0x09, 0x00, 0x09, 0x26, 0x00, 0xE5,
    0x21, 0x00, 0x00, 0xE5, 0xCD, 0x4E, 0x34, 0xC1, 0xC1, 0xC1, 0xC1, 0x33,
    0xC1, 0xC9, 0x21, 0xFC, 0xC0, 0xE5, 0x21, 0x06, 0x00, 0x39, 0x35, 0x6E,
    0x26, 0x00, 0xD1, 0x19, 0xE5, 0xCD, 0x96, 0x02, 0x11, 0x0A, 0x00, 0xEB,
    0xCD, 0x58, 0x55, 0xEB, 0x01, 0x30, 0x00, 0x09, 0x7D, 0xCD, 0x65, 0x02,
    0x7D, 0xD1, 0x12, 0xC1, 0xD1, 0xD5, 0xC5, 0x21, 0x0A, 0x00, 0xCD, 0x58,
    0x55, 0xD1, 0xC1, 0xE5, 0xD5, 0xC1, 0xE1, 0xE5, 0xC5, 0x7C, 0xB5, 0xCA,
    0x5A, 0x23, 0x21, 0x04, 0x00, 0x39, 0x7E, 0xA7, 0xCA, 0x5A, 0x23, 0xC3,
    0x12, 0x23, 0x21, 0x04, 0x00, 0x39, 0x6E, 0x26, 0x00, 0xC9, 0x21, 0x04,
    0x00, 0xE5, 0x39, 0xCD, 0x6D, 0x02, 0xE5, 0xCD, 0x12, 0x23, 0xC1, 0xC1,
    0x26, 0x00, 0x3B, 0x7D, 0xE1, 0x6F, 0xE5, 0x21, 0x00, 0x00, 0x39, 0x7E,
    0xA7, 0xCA, 0x93, 0x23, 0x21, 0xFC, 0xC0, 0xE5, 0x21, 0x02, 0x00, 0x39,
    0x35, 0x6E, 0x26, 0x00, 0xD1, 0x19, 0x36, 0x20, 0xC3, 0x77, 0x23, 0x33,
    0xC9, 0x3B, 0x3B, 0xE1, 0x2E, 0x04, 0xE5, 0x3B, 0xCD, 0xBA, 0x02, 0xE5,
    0xCD, 0x62, 0x23, 0xC1, 0x21, 0x02, 0x00, 0x39, 0x36, 0x00, 0xC3, 0xB2,
    0x23, 0x21, 0x02, 0x00, 0x39, 0x34, 0x11, 0xFF, 0x5A, 0x21, 0x02, 0x00,
    0x39, 0x6E, 0x26, 0x00, 0x19, 0x7E, 0xA7, 0xCA, 0xE6, 0x23, 0x21, 0xFC,
    0xC0, 0xE5, 0x21, 0x03, 0x00, 0x39, 0x34, 0x6E, 0x26, 0x00, 0x2D, 0xD1,
    0x19, 0xE5, 0x11, 0xFF, 0x5A, 0x21, 0x04, 0x00, 0x39, 0x6E, 0x26, 0x00,
    0x19, 0xCD, 0x64, 0x02, 0xD1, 0x7D, 0x12, 0xC3, 0xAD, 0x23, 0x21, 0x00,
    0x00, 0x39, 0xE5, 0x21, 0x1A, 0x00, 0xE5, 0x2E, 0x09, 0x39, 0xCD, 0x6D,
    0x02, 0xE5, 0xCD, 0x12, 0x23, 0xC1, 0xC1, 0xD1, 0x7D, 0x12, 0xE1, 0xE5,
    0x7D, 0xD6, 0x1A, 0xD2, 0x2E, 0x24, 0x21, 0xFC, 0xC0, 0xE5, 0x21, 0x03,
    0x00, 0x39, 0x34, 0x6E, 0x26, 0x00, 0x2D, 0xD1, 0x19, 0xE5, 0x21, 0xFC,
    0xC0, 0xE5, 0x21, 0x04, 0x00, 0x39, 0x34, 0x6E, 0x26, 0x00, 0x2D, 0xD1,
    0x19, 0xCD, 0x64, 0x02, 0xD1, 0x7D, 0x12, 0xC3, 0xFE, 0x23, 0x21, 0xFC,
    0xC0, 0xE5, 0x21, 0x03, 0x00, 0x39, 0x34, 0x6E, 0x26, 0x00, 0x2D, 0xD1,
    0x19, 0x36, 0x4B, 0xE1, 0xE5, 0x6C, 0x7D, 0xD6, 0x1A, 0xD2, 0x5C, 0x24,
    0x21, 0xFC, 0xC0, 0xE5, 0x21, 0x03, 0x00, 0x39, 0x34, 0x6E, 0x26, 0x00,
    0x2D, 0xD1, 0x19, 0x36, 0x20, 0xC3, 0x3F, 0x24, 0x21, 0x16, 0xC1, 0x36,
    0x00, 0x6E, 0x26, 0x00, 0x33, 0xC1, 0xC9, 0x3B, 0x21, 0x00, 0x00, 0x22,
    0x1E, 0xC1, 0x21, 0x03, 0x00, 0x39, 0xCD, 0x04, 0x02, 0x7C, 0xB5, 0xB2,
    0xB3, 0xCA, 0xBF, 0x24, 0x21, 0x07, 0x00, 0x39, 0xCD, 0x12, 0x02, 0x21,
    0x07, 0x00, 0x39, 0xCD, 0x04, 0x02, 0xCD, 0x1D, 0x02, 0xD2, 0xA0, 0x24,
    0x21, 0x07, 0x00, 0x39, 0xE5, 0x21, 0x05, 0x00, 0x39, 0xCD, 0x04, 0x02,
    0xC1, 0xCD, 0xFD, 0x02, 0x21, 0x07, 0x00, 0x39, 0xCD, 0x12, 0x02, 0x21,
    0xA0, 0x00, 0x11, 0x00, 0x00, 0xCD, 0xA6, 0x01, 0xD5, 0xE5, 0x21, 0x07,
    0x00, 0x39, 0xCD, 0x04, 0x02, 0xCD, 0x98, 0x01, 0x22, 0x1E, 0xC1, 0x21,
    0x00, 0x00, 0x39, 0xE5, 0x2A, 0x1E, 0xC1, 0x44, 0x4D, 0x29, 0x29, 0x09,
    0x11, 0x03, 0x00, 0xCD, 0xD4, 0x01, 0xD1, 0x7D, 0x12, 0xE1, 0xE5, 0x26,
    0x00, 0xEB, 0x2A, 0x21, 0xC1, 0x26, 0x00, 0xCD, 0xEC, 0x01, 0xD2, 0x6F,
    0x25, 0xE1, 0xE5, 0x7D, 0x32, 0x21, 0xC1, 0x21, 0x17, 0xC1, 0xE5, 0x21,
    0x02, 0x00, 0x39, 0x6E, 0x26, 0x00, 0x7D, 0xD6, 0x64, 0x3F, 0xD2, 0x03,
    0x25, 0x21, 0x31, 0x00, 0xC3, 0x06, 0x25, 0x21, 0x20, 0x00, 0x7D, 0xCD,
    0x65, 0x02, 0x7D, 0xD1, 0x12, 0x21, 0x18, 0xC1, 0xE5, 0x21, 0x02, 0x00,
    0x39, 0x6E, 0x26, 0x00, 0x7D, 0xD6, 0x0A, 0x3F, 0xD2, 0x3B, 0x25, 0x21,
    0x02, 0x00, 0x39, 0x5E, 0x16, 0x00, 0x21, 0x0A, 0x00, 0xCD, 0x58, 0x55,
    0x11, 0x0A, 0x00, 0xEB, 0xCD, 0x58, 0x55, 0xEB, 0x01, 0x30, 0x00, 0x09,
    0xC3, 0x3E, 0x25, 0x21, 0x20, 0x00, 0x7D, 0xCD, 0x65, 0x02, 0x7D, 0xD1,
    0x12, 0x21, 0x19, 0xC1, 0xE5, 0x21, 0x02, 0x00, 0x39, 0x5E, 0x16, 0x00,
    0x21, 0x0A, 0x00, 0xCD, 0x58, 0x55, 0xEB, 0x01, 0x30, 0x00, 0x09, 0x7D,
    0xCD, 0x65, 0x02, 0x7D, 0xD1, 0x12, 0x21, 0x1A, 0xC1, 0x54, 0x5D, 0x3E,
    0x25, 0x12, 0x21, 0x1B, 0xC1, 0x36, 0x00, 0x21, 0x08, 0x00, 0x39, 0x5E,
    0x23, 0x56, 0x23, 0x6E, 0x26, 0x00, 0xEB, 0xCB, 0x3B, 0xCB, 0x1C, 0xCB,
    0x1D, 0xCB, 0x3B, 0xCB, 0x1C, 0xCB, 0x1D, 0xEB, 0x2A, 0x24, 0xC1, 0xCD,
    0xEC, 0x01, 0xD2, 0xE0, 0x25, 0x21, 0x08, 0x00, 0x39, 0x5E, 0x23, 0x56,
    0x23, 0x6E, 0x26, 0x00, 0xEB, 0xCB, 0x3B, 0xCB, 0x1C, 0xCB, 0x1D, 0xCB,
    0x3B, 0xCB, 0x1C, 0xCB, 0x1D, 0x22, 0x24, 0xC1, 0x3A, 0x26, 0xC1, 0xA7,
    0xCA, 0xBE, 0x25, 0x2A, 0x24, 0xC1, 0xE5, 0xCD, 0x62, 0x23, 0xC1, 0xC3,
    0xE0, 0x25, 0x2A, 0x24, 0xC1, 0xE5, 0x21, 0x06, 0x00, 0x39, 0x5E, 0x23,
    0x56, 0x23, 0x6E, 0x26, 0x00, 0xEB, 0xCB, 0x3B, 0xCB, 0x1C, 0xCB, 0x1D,
    0xCB, 0x3B, 0xCB, 0x1C, 0xCB, 0x1D, 0xE5, 0xCD, 0x95, 0x23, 0xC1, 0xC1,
    0x33, 0xC9, 0xC5, 0xC5, 0x3B, 0xED, 0x5B, 0x1E, 0xC1, 0x2A, 0x1C, 0xC1,
    0xCD, 0xEC, 0x01, 0xD2, 0x7C, 0x26, 0x21, 0x03, 0x00, 0x39, 0xE5, 0xED,
    0x5B, 0x1E, 0xC1, 0x2A, 0x1C, 0xC1, 0xEB, 0xA7, 0xED, 0x52, 0xD2, 0x0B,
    0x26, 0x2A, 0x1E, 0xC1, 0xC3, 0x0E, 0x26, 0x2A, 0x1C, 0xC1, 0xD1, 0xCD,
    0xF7, 0x02, 0x21, 0x01, 0x00, 0x39, 0xE5, 0xED, 0x5B, 0x1E, 0xC1, 0x2A,
    0x1C, 0xC1, 0xEB, 0xA7, 0xED, 0x52, 0xD2, 0x2B, 0x26, 0x2A, 0x1C, 0xC1,
    0xC3, 0x2E, 0x26, 0x2A, 0x1E, 0xC1, 0xD1, 0xCD, 0xF7, 0x02, 0x21, 0x00,
    0x00, 0x39, 0xE5, 0xCD, 0x9F, 0x02, 0x11, 0x03, 0x00, 0xCD, 0xD4, 0x01,
    0xD1, 0x7D, 0x12, 0xC3, 0x4B, 0x26, 0x21, 0x00, 0x00, 0x39, 0x34, 0xE1,
    0xE5, 0x7D, 0xD6, 0x14, 0xD2, 0x76, 0x26, 0xE1, 0xE5, 0x26, 0x00, 0x29,
    0x29, 0x29, 0xEB, 0xCD, 0x72, 0x02, 0xEB, 0xA7, 0xED, 0x52, 0xD2, 0x76,
    0x26, 0xE1, 0xE5, 0x26, 0x00, 0xE5, 0x2A, 0x1E, 0xC1, 0xE5, 0xCD, 0x95,
    0x22, 0xC1, 0xC1, 0xC3, 0x46, 0x26, 0x2A, 0x1E, 0xC1, 0x22, 0x1C, 0xC1,
    0x2A, 0x21, 0xC1, 0x26, 0x00, 0xEB, 0x2A, 0x20, 0xC1, 0x26, 0x00, 0xCD,
    0xEC, 0x01, 0xD2, 0xA4, 0x26, 0x3A, 0x21, 0xC1, 0x32, 0x20, 0xC1, 0x21,
    0x19, 0x00, 0xE5, 0x2E, 0x09, 0xE5, 0x21, 0x17, 0xC1, 0xE5, 0xCD, 0x7C,
    0x33, 0xC1, 0xC1, 0xC1, 0xED, 0x5B, 0x24, 0xC1, 0x2A, 0x22, 0xC1, 0xCD,
    0xEC, 0x01, 0xD2, 0xF6, 0x26, 0x2A, 0x24, 0xC1, 0x22, 0x22, 0xC1, 0x3A,
    0x26, 0xC1, 0xA7, 0xCA, 0xDE, 0x26, 0x21, 0x00, 0xC1, 0x54, 0x5D, 0xAF,
    0x12, 0x21, 0x03, 0x00, 0xE5, 0x2E, 0x0B, 0xE5, 0x21, 0xFC, 0xC0, 0xE5,
    0xCD, 0x7C, 0x33, 0xC1, 0xC1, 0xC1, 0x21, 0x00, 0xC1, 0x36, 0x4B, 0xC3,
    0xF6, 0x26, 0x21, 0x03, 0x00, 0xE5, 0x2E, 0x0B, 0xE5, 0x21, 0xFC, 0xC0,
    0xE5, 0xCD, 0x7C, 0x33, 0xC1, 0xC1, 0xC1, 0x21, 0x01, 0x00, 0x7D, 0x32,
    0x26, 0xC1, 0x33, 0xC1, 0xC1, 0xC9, 0x3B, 0xE1, 0x2E, 0x00, 0xE5, 0xC5,
    0x21, 0x14, 0x00, 0xE5, 0x21, 0x05, 0x5B, 0xE5, 0xCD, 0xD7, 0x39, 0xC1,
    0xC1, 0x21, 0x16, 0x00, 0xE5, 0x21, 0x11, 0x5B, 0xE5, 0xCD, 0xD7, 0x39,
    0xC1, 0xC1, 0x21, 0x02, 0x00, 0xE5, 0x2E, 0x04, 0xE5, 0x21, 0x1D, 0x00,
    0xE5, 0x2E, 0x0C, 0xE5, 0xCD, 0x52, 0x3A, 0xC1, 0xC1, 0xC1, 0x21, 0x12,
    0x5B, 0xE3, 0xCD, 0x83, 0x22, 0xC1, 0x21, 0x02, 0x00, 0x39, 0x7E, 0xD6,
    0x78, 0xD2, 0x5C, 0x27, 0x21, 0x05, 0x00, 0x39, 0x5E, 0x23, 0x56, 0x21,
    0x02, 0x00, 0x39, 0x6E, 0x26, 0x00, 0x19, 0x7E, 0xA7, 0xCA, 0x5C, 0x27,
    0x21, 0x02, 0x00, 0x39, 0x34, 0xC3, 0x36, 0x27, 0x21, 0x01, 0x00, 0x39,
    0xE5, 0x21, 0x04, 0x00, 0x39, 0x3E, 0x1A, 0x96, 0xD2, 0x79, 0x27, 0x21,
    0x04, 0x00, 0x39, 0x6E, 0x26, 0x00, 0x01, 0xE6, 0xFF, 0x09, 0xC3, 0x7C,
    0x27, 0x21, 0x00, 0x00, 0xD1, 0x7D, 0x12, 0x21, 0x00, 0x00, 0x39, 0x36,
    0x00, 0xC3, 0x8D, 0x27, 0x21, 0x00, 0x00, 0x39, 0x34, 0xE1, 0xE5, 0x5C,
    0x16, 0x00, 0xE1, 0xE5, 0x26, 0x00, 0x19, 0xEB, 0x21, 0x02, 0x00, 0x39,
    0x6E, 0x26, 0x00, 0xEB, 0xA7, 0xED, 0x52, 0xD2, 0xD9, 0x27, 0xE1, 0xE5,
    0x26, 0x00, 0x23, 0x23, 0x23, 0x26, 0x00, 0xE5, 0x21, 0x07, 0x00, 0xE5,
    0x2E, 0x09, 0xCD, 0xF7, 0x01, 0x21, 0x07, 0x00, 0x39, 0x5E, 0x16, 0x00,
    0x21, 0x06, 0x00, 0x39, 0x6E, 0x26, 0x00, 0x19, 0xD1, 0x19, 0x6E, 0x7D,
    0x17, 0x9F, 0x67, 0xE5, 0xCD, 0xF9, 0x33, 0xC1, 0xC1, 0xC1, 0xC3, 0x88,
    0x27, 0x21, 0x03, 0x00, 0xE5, 0x2E, 0x09, 0xE5, 0x21, 0x08, 0x00, 0xE5,
    0x2E, 0x00, 0xE5, 0xCD, 0x4E, 0x34, 0xC1, 0xC1, 0xC1, 0xC1, 0x21, 0x18,
    0x00, 0xE5, 0x2E, 0x09, 0xE5, 0x21, 0x08, 0x00, 0xE5, 0x2E, 0x02, 0xE5,
    0xCD, 0x4E, 0x34, 0xC1, 0xC1, 0xC1, 0xC1, 0x21, 0x00, 0x00, 0x39, 0x36,
    0x00, 0xC3, 0x11, 0x28, 0x21, 0x00, 0x00, 0x39, 0x34, 0xE1, 0xE5, 0x7D,
    0xD6, 0x14, 0xD2, 0x2A, 0x28, 0xE1, 0xE5, 0x26, 0x00, 0xE5, 0x21, 0x00,
    0x00, 0xE5, 0xCD, 0x95, 0x22, 0xC1, 0xC1, 0xC3, 0x0C, 0x28, 0x21, 0x00,
    0x00, 0x22, 0x1E, 0xC1, 0x22, 0x1C, 0xC1, 0x21, 0xFF, 0x00, 0x7D, 0x32,
    0x21, 0xC1, 0x32, 0x20, 0xC1, 0x21, 0xFF, 0xFF, 0x22, 0x24, 0xC1, 0x22,
    0x22, 0xC1, 0xAF, 0x32, 0x26, 0xC1, 0x21, 0x00, 0x00, 0x54, 0x5D, 0xD5,
    0xE5, 0x21, 0x00, 0x00, 0x54, 0x5D, 0xD5, 0xE5, 0xCD, 0x67, 0x24, 0xC1,
    0xC1, 0xC1, 0xC1, 0x2A, 0x24, 0xC1, 0x22, 0x22, 0xC1, 0xCD, 0xE2, 0x25,
    0x33, 0xC1, 0xC9, 0xCD, 0xA4, 0x3A, 0xCD, 0xC1, 0x40, 0xC9, 0xC5, 0xC5,
    0x21, 0x00, 0xFF, 0xE5, 0xC5, 0xC5, 0xC5, 0xC5, 0x21, 0xFF, 0xFF, 0x11,
    0xFF, 0xFF, 0xD5, 0xE5, 0x21, 0x00, 0x00, 0xE5, 0x3B, 0x7D, 0xE1, 0x6F,
    0xE5, 0x21, 0x14, 0x00, 0x39, 0xE5, 0x21, 0x00, 0x00, 0xE5, 0x23, 0xE5,
    0xCD, 0x6D, 0x2E, 0xC1, 0xC1, 0xD1, 0x7D, 0x12, 0x21, 0x11, 0x00, 0x39,
    0xE5, 0xCD, 0xE9, 0x40, 0xD1, 0x7D, 0x12, 0x21, 0x12, 0x00, 0x39, 0xE5,
    0xCD, 0xE9, 0x40, 0xD1, 0x7D, 0x12, 0x21, 0x12, 0x00, 0x39, 0x5E, 0x16,
    0x00, 0x21, 0x11, 0x00, 0x39, 0x6E, 0x26, 0x00, 0xCD, 0xDD, 0x01, 0xDA,
    0xAB, 0x28, 0x21, 0x11, 0x00, 0x39, 0xEB, 0x21, 0x12, 0x00, 0x39, 0x7E,
    0x12, 0x6F, 0x26, 0x00, 0xCD, 0xE2, 0x25, 0x21, 0x13, 0x00, 0x39, 0xE5,
    0xCD, 0xA1, 0x54, 0xD1, 0x7D, 0x12, 0xE1, 0xE5, 0x26, 0x00, 0xCD, 0xE4,
    0x02, 0xD2, 0x35, 0x29, 0x21, 0x00, 0xB4, 0x7E, 0x21, 0x14, 0x00, 0x39,
    0xBE, 0xC2, 0x35, 0x29, 0x21, 0x00, 0x00, 0x39, 0x36, 0x01, 0x6E, 0x26,
    0x00, 0xCD, 0xC4, 0x2E, 0xCD, 0xE4, 0x02, 0xD2, 0x35, 0x29, 0x21, 0x02,
    0xB4, 0x6E, 0x26, 0x00, 0x3B, 0x7D, 0xE1, 0x6F, 0xE5, 0xCD, 0x6B, 0x28,
    0x21, 0x1B, 0x5B, 0xE5, 0x21, 0x02, 0x00, 0x39, 0x6E, 0x26, 0x00, 0xE5,
    0xCD, 0x76, 0x03, 0xC1, 0xC1, 0xD9, 0x21, 0x16, 0x00, 0x39, 0xF9, 0xD9,
    0xC9, 0x21, 0x00, 0x00, 0x39, 0x7E, 0xA7, 0xCA, 0x60, 0x29, 0x21, 0x13,
    0x00, 0x39, 0x7E, 0xFE, 0x80, 0xC2, 0x60, 0x29, 0xCD, 0x6B, 0x28, 0x21,
    0x22, 0x5B, 0xE5, 0xCD, 0xAF, 0x54, 0xE5, 0xCD, 0x76, 0x03, 0xC1, 0xC1,
    0xD9, 0x21, 0x15, 0x00, 0x39, 0xF9, 0xD9, 0xC9, 0x21, 0x00, 0x00, 0x39,
    0x7E, 0xA7, 0xCA, 0x76, 0x29, 0x21, 0x13, 0x00, 0x39, 0x7E, 0xFE, 0x02,
    0xC2, 0x76, 0x29, 0xC3, 0x73, 0x2A, 0x21, 0x00, 0x00, 0x39, 0x7E, 0xA7,
    0xCA, 0xAD, 0x29, 0x21, 0x13, 0x00, 0x39, 0x7E, 0xA7, 0xC2, 0xAD, 0x29,
    0x21, 0x0F, 0x00, 0x39, 0x34, 0x3E, 0x3C, 0x96, 0xD2, 0xAD, 0x29, 0xCD,
    0x6B, 0x28, 0x21, 0x04, 0x00, 0xE5, 0xCD, 0xDF, 0x42, 0x21, 0x28, 0x5B,
    0xE3, 0xCD, 0x3D, 0x03, 0xC1, 0xD9, 0x21, 0x15, 0x00, 0x39, 0xF9, 0xD9,
    0xC9, 0x21, 0x13, 0x00, 0x39, 0x5E, 0x16, 0x00, 0x21, 0x10, 0x00, 0x39,
    0x6E, 0x26, 0x00, 0xCD, 0xEC, 0x01, 0xD2, 0xE6, 0x29, 0x21, 0x10, 0x00,
    0x39, 0xEB, 0x21, 0x13, 0x00, 0x39, 0x7E, 0x12, 0x21, 0x01, 0x00, 0x39,
    0xAF, 0x77, 0x23, 0x77, 0x21, 0x13, 0x00, 0x39, 0x7E, 0xFE, 0x01, 0xC2,
    0xE6, 0x29, 0x21, 0x3F, 0x5B, 0xE5, 0xCD, 0x83, 0x22, 0xC1, 0x21, 0x13,
    0x00, 0x39, 0x7E, 0xFE, 0x01, 0xC2, 0x45, 0x2A, 0x21, 0x0B, 0x00, 0x39,
    0xE5, 0x21, 0x16, 0xB4, 0xE5, 0xCD, 0x00, 0x2F, 0xC1, 0xC1, 0xCD, 0xFD,
    0x02, 0x21, 0x0B, 0x00, 0x39, 0xCD, 0x12, 0x02, 0x21, 0x07, 0x00, 0x39,
    0xCD, 0x04, 0x02, 0xCD, 0xAE, 0x01, 0xD2, 0x45, 0x2A, 0x21, 0x03, 0x00,
    0x39, 0xE5, 0x21, 0x0D, 0x00, 0x39, 0xCD, 0x04, 0x02, 0xC1, 0xCD, 0xFD,
    0x02, 0x21, 0x01, 0x00, 0x39, 0xAF, 0x77, 0x23, 0x77, 0x21, 0x0B, 0x00,
    0x39, 0xCD, 0x12, 0x02, 0x21, 0x19, 0xB4, 0xE5, 0xCD, 0x00, 0x2F, 0xC1,
    0xD5, 0xE5, 0xCD, 0x67, 0x24, 0xC1, 0xC1, 0xC1, 0xC1, 0x21, 0x01, 0x00,
    0x39, 0x34, 0x7E, 0x23, 0x20, 0x01, 0x34, 0x66, 0x6F, 0x11, 0x68, 0x10,
    0xEB, 0xA7, 0xED, 0x52, 0xD2, 0xAB, 0x28, 0xCD, 0x6B, 0x28, 0x21, 0x48,
    0x5B, 0xE5, 0x21, 0x02, 0x00, 0xE5, 0xCD, 0x76, 0x03, 0xC1, 0xC1, 0xD9,
    0x21, 0x15, 0x00, 0x39, 0xF9, 0xD9, 0xC9, 0x21, 0x07, 0x00, 0x39, 0xE5,
    0x21, 0x19, 0xB4, 0xE5, 0xCD, 0x00, 0x2F, 0xC1, 0xC1, 0xCD, 0xFD, 0x02,
    0x21, 0x07, 0x00, 0x39, 0xCD, 0x12, 0x02, 0x21, 0x0B, 0x00, 0x39, 0xCD,
    0x04, 0x02, 0xD5, 0xE5, 0xCD, 0x67, 0x24, 0xC1, 0xC1, 0xC1, 0x21, 0x01,
    0x00, 0xE3, 0xCD, 0xFE, 0x40, 0xC1, 0xCD, 0xE2, 0x25, 0x21, 0x51, 0x5B,
    0xE5, 0xCD, 0x83, 0x22, 0x21, 0x06, 0x00, 0xE3, 0xCD, 0xDF, 0x42, 0xC1,
    0xCD, 0x07, 0x44, 0x7C, 0xB5, 0xCA, 0xC2, 0x2A, 0xCD, 0xE9, 0x40, 0xC3,
    0xB4, 0x2A, 0xCD, 0x84, 0x3E, 0xCD, 0x96, 0x42, 0xCD, 0xBD, 0x54, 0x21,
    0x15, 0x00, 0x39, 0xF9, 0xC9, 0x21, 0x00, 0xB0, 0xE5, 0xCD, 0xFA, 0x26,
    0xC1, 0x21, 0x00, 0x00, 0xE5, 0x2A, 0x2A, 0xC0, 0x26, 0x00, 0xE5, 0x21,
    0x01, 0x00, 0xE5, 0x21, 0x33, 0xC0, 0xE5, 0x21, 0x00, 0xB0, 0xE5, 0xCD,
    0xE7, 0x30, 0xC1, 0xC1, 0xC1, 0xC1, 0xC1, 0xCD, 0xE4, 0x02, 0xD2, 0x09,
    0x2B, 0xCD, 0x6B, 0x28, 0x21, 0x5A, 0x5B, 0xE5, 0xCD, 0xA4, 0x03, 0xC1,
    0xC9, 0xCD, 0x72, 0x28, 0xC9, 0x3B, 0x21, 0x00, 0x00, 0x39, 0x36, 0x00,
    0xC3, 0x1C, 0x2B, 0x21, 0x00, 0x00, 0x39, 0x34, 0x11, 0x60, 0x5B, 0xE1,
    0xE5, 0x26, 0x00, 0x19, 0x7E, 0xA7, 0xCA, 0x8A, 0x2B, 0x21, 0x03, 0x00,
    0x39, 0x5E, 0x23, 0x56, 0xE1, 0xE5, 0x26, 0x00, 0x19, 0x6E, 0x26, 0x00,
    0x3B, 0x7D, 0xE1, 0x6F, 0xE5, 0x26, 0x00, 0x11, 0x41, 0x00, 0xEB, 0xCD,
    0x09, 0x03, 0xD2, 0x67, 0x2B, 0xE1, 0xE5, 0x26, 0x00, 0x11, 0x5A, 0x00,
    0xEB, 0xA7, 0xED, 0x52, 0x3F, 0xD2, 0x67, 0x2B, 0x21, 0x00, 0x00, 0x39,
    0xE5, 0x6E, 0x26, 0x00, 0x01, 0x20, 0x00, 0x09, 0xD1, 0x7D, 0x12, 0xE1,
    0xE5, 0x26, 0x00, 0xE5, 0x11, 0x60, 0x5B, 0x21, 0x03, 0x00, 0x39, 0x6E,
    0x26, 0x00, 0x19, 0x6E, 0x26, 0x00, 0xD1, 0xCD, 0xEC, 0x01, 0xD2, 0x86,
    0x2B, 0x21, 0x00, 0x00, 0xC1, 0xC9, 0x33, 0xC3, 0x17, 0x2B, 0x21, 0x03,
    0x00, 0x39, 0x5E, 0x23, 0x56, 0xE1, 0xE5, 0x26, 0x00, 0x19, 0x6E, 0x26,
    0x00, 0x7D, 0xA7, 0x21, 0x00, 0x00, 0x20, 0x01, 0x2C, 0x33, 0xC9, 0xC5,
    0x3B, 0xE1, 0x2E, 0xFF, 0xE5, 0x3B, 0x21, 0x6B, 0x5B, 0xE5, 0xCD, 0x4E,
    0x03, 0xC1, 0x21, 0x70, 0x00, 0xE5, 0x2E, 0xF4, 0xE5, 0x21, 0x00, 0x00,
    0xE5, 0x11, 0x00, 0x00, 0xD5, 0xE5, 0x21, 0x00, 0x00, 0xE5, 0x11, 0x00,
    0x00, 0xD5, 0xE5, 0x21, 0x00, 0x00, 0xE5, 0xCD, 0xFC, 0x51, 0xD9, 0x21,
    0x12, 0x00, 0x39, 0xF9, 0xD9, 0xCD, 0xE4, 0x02, 0xD2, 0xEA, 0x2B, 0x21,
    0x81, 0x5B, 0xE5, 0xCD, 0xA4, 0x03, 0xC1, 0xC1, 0xC1, 0xC9, 0x21, 0x00,
    0x00, 0x39, 0x36, 0x00, 0xC3, 0xF8, 0x2B, 0x21, 0x00, 0x00, 0x39, 0x34,
    0xE1, 0xE5, 0x7D, 0xD6, 0x08, 0xD2, 0x24, 0x2C, 0xE1, 0xE5, 0x26, 0x00,
    0x29, 0x29, 0x29, 0x29, 0x29, 0x3E, 0xB0, 0x84, 0x67, 0xD1, 0xC1, 0xE5,
    0xD5, 0xE5, 0xCD, 0x0D, 0x2B, 0xC1, 0x7C, 0xB5, 0xCA, 0xF3, 0x2B, 0x21,
    0x01, 0x00, 0x39, 0xE5, 0x2B, 0x7E, 0xD1, 0x12, 0x21, 0x01, 0x00, 0x39,
    0x7E, 0xFE, 0xFF, 0xC2, 0x54, 0x2C, 0x21, 0x01, 0x00, 0x39, 0x36, 0x07,
    0xE1, 0xE5, 0x6C, 0x26, 0x00, 0xE5, 0x21, 0x60, 0x5B, 0xE5, 0xCD, 0xE6,
    0x2F, 0xC1, 0xC1, 0xCD, 0xE4, 0x02, 0xD2, 0x54, 0x2C, 0x21, 0x88, 0x5B,
    0xE5, 0xCD, 0xA4, 0x03, 0xC1, 0xC1, 0xC1, 0xC9, 0x21, 0x8F, 0x5B, 0xE5,
    0xCD, 0x4E, 0x03, 0xC1, 0x21, 0x70, 0x00, 0xE5, 0x2E, 0xF9, 0xE5, 0x21,
    0x01, 0x00, 0xE5, 0x2E, 0x07, 0x39, 0x6E, 0x26, 0x00, 0xE5, 0x21, 0x00,
    0x00, 0xE5, 0x11, 0x00, 0x00, 0xD5, 0xE5, 0x21, 0x00, 0x00, 0xE5, 0xE5,
    0xCD, 0xFC, 0x51, 0xD9, 0x21, 0x12, 0x00, 0x39, 0xF9, 0xD9, 0xCD, 0xE4,
    0x02, 0xD2, 0x97, 0x2C, 0x21, 0xA6, 0x5B, 0xE5, 0xCD, 0xA4, 0x03, 0xC1,
    0xC1, 0xC1, 0xC9, 0xE1, 0xE5, 0x6C, 0x7D, 0x32, 0x2A, 0xC0, 0x21, 0xAC,
    0x5B, 0xE5, 0xCD, 0xFA, 0x26, 0xC1, 0x21, 0x00, 0x00, 0xE5, 0x2E, 0x03,
    0x39, 0x6E, 0x26, 0x00, 0xE5, 0x21, 0x01, 0x00, 0xE5, 0x21, 0xAC, 0x5B,
    0xE5, 0xCD, 0x9B, 0x31, 0xC1, 0xC1, 0xC1, 0xC1, 0xCD, 0xE4, 0x02, 0xD2,
    0xD4, 0x2C, 0xCD, 0x6B, 0x28, 0x21, 0xBB, 0x5B, 0xE5, 0xCD, 0xA4, 0x03,
    0xC1, 0xC1, 0xC1, 0xC9, 0xCD, 0x72, 0x28, 0xC1, 0xC1, 0xC9, 0xCD, 0xA3,
    0x2B, 0x21, 0x78, 0x00, 0xE5, 0xCD, 0xE4, 0x03, 0xC1, 0x21, 0x03, 0x00,
    0x7D, 0x32, 0x29, 0xC0, 0xC9, 0x21, 0x05, 0x00, 0xE5, 0x2E, 0x00, 0xE5,
    0xCD, 0x67, 0x51, 0xC1, 0xC1, 0x21, 0x00, 0x00, 0xE5, 0x2E, 0x70, 0xE5,
    0xCD, 0x67, 0x51, 0xC1, 0xC1, 0x21, 0x01, 0x00, 0xE5, 0x2E, 0x04, 0x39,
    0x6E, 0x26, 0x00, 0xE5, 0xCD, 0x67, 0x51, 0xC1, 0xC1, 0x21, 0x02, 0x00,
    0xE5, 0x2E, 0x00, 0xE5, 0xCD, 0x67, 0x51, 0xC1, 0xC1, 0xC9, 0x21, 0x00,
    0xB7, 0x36, 0x01, 0x11, 0x00, 0xB7, 0x21, 0x04, 0x00, 0x39, 0x7E, 0x12,
    0x21, 0x02, 0x00, 0xE5, 0x2E, 0x04, 0x39, 0x6E, 0x26, 0x00, 0xE5, 0xCD,
    0x67, 0x51, 0xC1, 0xC1, 0xC9, 0x11, 0x00, 0xB7, 0x21, 0x02, 0x00, 0x39,
    0x7E, 0x12, 0x6F, 0x26, 0x00, 0xC9, 0xC1, 0xE1, 0xE5, 0xC5, 0x7E, 0xA7,
    0xC8, 0x21, 0x00, 0xB7, 0xE5, 0x21, 0x04, 0x00, 0x39, 0x34, 0x7E, 0x23,
    0x20, 0x01, 0x34, 0x66, 0x6F, 0x2B, 0xCD, 0x64, 0x02, 0xD1, 0x7D, 0x12,
    0xC3, 0x4E, 0x2D, 0xC9, 0x21, 0x00, 0x00, 0xE5, 0xCD, 0xB1, 0x02, 0x7E,
    0xA7, 0xCA, 0xA7, 0x2D, 0x21, 0x00, 0x00, 0xCD, 0xF7, 0x01, 0xCD, 0xB1,
    0x02, 0xD1, 0xEB, 0xA7, 0xED, 0x52, 0xD2, 0xA7, 0x2D, 0x21, 0x00, 0xB7,
    0xE5, 0x21, 0x08, 0x00, 0x39, 0x34, 0x7E, 0x23, 0x20, 0x01, 0x34, 0x66,
    0x6F, 0x2B, 0xD1, 0x7E, 0x12, 0xE1, 0x23, 0xE5, 0xC3, 0x74, 0x2D, 0xE1,
    0x23, 0xE5, 0x2B, 0xEB, 0xCD, 0x96, 0x02, 0xEB, 0xA7, 0xED, 0x52, 0xD2,
    0xBE, 0x2D, 0x21, 0x00, 0xB7, 0x36, 0x00, 0xC3, 0xA7, 0x2D, 0xC1, 0xC9,
    0xCD, 0x7D, 0x51, 0x7D, 0xA7, 0xC2, 0xD5, 0x2D, 0x21, 0x03, 0xB4, 0x7E,
    0xFE, 0x06, 0xC2, 0xD5, 0x2D, 0x21, 0x01, 0x00, 0xC9, 0x21, 0x00, 0x00,
    0xC9, 0x21, 0x00, 0xB4, 0x6E, 0x2C, 0x26, 0x00, 0x3B, 0x7D, 0xE1, 0x6F,
    0xE5, 0xC5, 0xC5, 0x21, 0x04, 0x00, 0x39, 0x7E, 0xA7, 0xC2, 0xF6, 0x2D,
    0x21, 0x04, 0x00, 0x39, 0x36, 0x01, 0x21, 0x10, 0x00, 0xE5, 0x2E, 0x06,
    0x39, 0x6E, 0x26, 0x00, 0xE5, 0xCD, 0x67, 0x51, 0xC1, 0xC1, 0x21, 0x00,
    0x00, 0xD1, 0xC1, 0xE5, 0xD5, 0xC3, 0x15, 0x2E, 0xD1, 0xE1, 0x23, 0xE5,
    0xD5, 0xC1, 0xE1, 0xE5, 0xC5, 0x11, 0x80, 0xBB, 0xA7, 0xED, 0x52, 0xD2,
    0x66, 0x2E, 0x21, 0x00, 0x00, 0xC1, 0xE5, 0xC3, 0x2D, 0x2E, 0xE1, 0x23,
    0xE5, 0xE1, 0xE5, 0x11, 0xFA, 0x00, 0xA7, 0xED, 0x52, 0xD2, 0x10, 0x2E,
    0x21, 0x00, 0xB4, 0x7E, 0x21, 0x04, 0x00, 0x39, 0xBE, 0xC2, 0x2A, 0x2E,
    0x21, 0x02, 0xB4, 0x7E, 0xA7, 0xC2, 0x5A, 0x2E, 0x21, 0x03, 0xB4, 0x7E,
    0xFE, 0x06, 0xC2, 0x5A, 0x2E, 0x21, 0x01, 0x00, 0x18, 0x03, 0x21, 0x00,
    0x00, 0x26, 0x00, 0x33, 0xC1, 0xC1, 0xC9, 0xC3, 0x10, 0x2E, 0x21, 0x00,
    0x00, 0x33, 0xC1, 0xC1, 0xC9, 0x21, 0x00, 0xB4, 0x6E, 0x2C, 0x26, 0x00,
    0x3B, 0x7D, 0xE1, 0x6F, 0xE5, 0x7D, 0xA7, 0xC2, 0x84, 0x2E, 0x21, 0x00,
    0x00, 0x39, 0x36, 0x01, 0x21, 0xF8, 0x00, 0xE5, 0xCD, 0xED, 0x2C, 0xC1,
    0x21, 0x05, 0x00, 0x39, 0x6E, 0x26, 0x00, 0xE5, 0x21, 0x01, 0x00, 0xE5,
    0xCD, 0x22, 0x2D, 0xC1, 0xC1, 0x21, 0x03, 0x00, 0x39, 0x6E, 0x26, 0x00,
    0xE5, 0x21, 0x02, 0x00, 0xE5, 0xCD, 0x22, 0x2D, 0xC1, 0xC1, 0x21, 0x10,
    0x00, 0xE5, 0x2E, 0x02, 0x39, 0x6E, 0x26, 0x00, 0xE5, 0xCD, 0x67, 0x51,
    0xC1, 0xC1, 0xE1, 0xE5, 0x26, 0x00, 0x33, 0xC9, 0x21, 0x02, 0xB4, 0x7E,
    0xA7, 0xC2, 0xD9, 0x2E, 0x21, 0x03, 0xB4, 0x7E, 0xFE, 0x06, 0xC2, 0xD9,
    0x2E, 0x21, 0x01, 0x00, 0xC9, 0x21, 0x00, 0x00, 0xC9, 0xC1, 0xE1, 0xE5,
    0xC5, 0x6E, 0x26, 0x00, 0x11, 0x00, 0x00, 0xD5, 0xE5, 0xCD, 0xB1, 0x02,
    0x23, 0xD1, 0x7A, 0xB6, 0x57, 0xEB, 0xD1, 0xD5, 0xE5, 0xCD, 0xB1, 0x02,
    0x23, 0x23, 0x7E, 0xE1, 0xD1, 0xB3, 0x5F, 0xC9, 0xC5, 0xC5, 0xC5, 0xC5,
    0x21, 0x04, 0x00, 0x39, 0xE5, 0x21, 0x0C, 0x00, 0x39, 0xCD, 0x6D, 0x02,
    0xE5, 0xCD, 0xDD, 0x2E, 0xC1, 0xC1, 0xCD, 0xFD, 0x02, 0x21, 0x00, 0x00,
    0x39, 0xE5, 0x21, 0x0C, 0x00, 0x39, 0xCD, 0x6D, 0x02, 0xE5, 0xCD, 0xDD,
    0x2E, 0xC1, 0xC1, 0xCD, 0xFD, 0x02, 0x21, 0x04, 0x00, 0x39, 0xCD, 0x12,
    0x02, 0x21, 0x04, 0x00, 0x39, 0xCD, 0x04, 0x02, 0xCD, 0xAE, 0x01, 0xDA,
    0x04, 0x2F, 0x21, 0x04, 0x00, 0x39, 0xCD, 0x04, 0x02, 0xC1, 0xC1, 0xC1,
    0xC1, 0xC9, 0x21, 0x02, 0x00, 0xE5, 0xC5, 0x21, 0xF7, 0x00, 0xE5, 0xCD,
    0xED, 0x2C, 0xC1, 0x21, 0x0A, 0x00, 0x39, 0x6E, 0x26, 0x00, 0xE5, 0x21,
    0x01, 0x00, 0xE5, 0xCD, 0x22, 0x2D, 0xC1, 0xC1, 0xCD, 0xC3, 0x02, 0xC1,
    0xE5, 0xC3, 0x7C, 0x2F, 0xE1, 0x23, 0x54, 0x5D, 0xE1, 0x23, 0xE5, 0xD5,
    0xE1, 0xE5, 0x7E, 0xA7, 0xCA, 0x90, 0x2F, 0xE1, 0xE5, 0x6E, 0x26, 0x00,
    0xE5, 0xCD, 0x41, 0x2D, 0xC1, 0xC3, 0x74, 0x2F, 0x21, 0x00, 0x00, 0xE5,
    0xCD, 0x41, 0x2D, 0xC1, 0xCD, 0xB1, 0x02, 0xC1, 0xE5, 0xC3, 0xA8, 0x2F,
    0xE1, 0x23, 0x54, 0x5D, 0xE1, 0x23, 0xE5, 0xD5, 0xE1, 0xE5, 0x7E, 0xA7,
    0xCA, 0xBC, 0x2F, 0xE1, 0xE5, 0x6E, 0x26, 0x00, 0xE5, 0xCD, 0x41, 0x2D,
    0xC1, 0xC3, 0xA0, 0x2F, 0x21, 0x00, 0x00, 0xE5, 0xCD, 0x41, 0x2D, 0xC1,
    0xD1, 0xE1, 0x23, 0xE5, 0xD5, 0x2B, 0x11, 0x00, 0x01, 0xA7, 0xED, 0x52,
    0xD2, 0xDE, 0x2F, 0x21, 0x00, 0x00, 0xE5, 0xCD, 0x41, 0x2D, 0xC1, 0xC3,
    0xC4, 0x2F, 0xCD, 0xC0, 0x2D, 0x26, 0x00, 0xC1, 0xC1, 0xC9, 0xC5, 0xC5,
    0x21, 0x70, 0x00, 0xE5, 0x2E, 0xF4, 0xE5, 0x21, 0x00, 0x00, 0xE5, 0x11,
    0x00, 0x00, 0xD5, 0xE5, 0x21, 0x00, 0x00, 0xE5, 0x11, 0x00, 0x00, 0xD5,
    0xE5, 0x21, 0x00, 0x00, 0xE5, 0xCD, 0xFC, 0x51, 0xD9, 0x21, 0x12, 0x00,
    0x39, 0xF9, 0xD9, 0xCD, 0xE4, 0x02, 0xD2, 0x1B, 0x30, 0x21, 0x00, 0x00,
    0xC1, 0xC1, 0xC9, 0x21, 0xF3, 0x00, 0xE5, 0xCD, 0xED, 0x2C, 0xC1, 0x21,
    0x01, 0x00, 0x39, 0x36, 0x00, 0xC3, 0x31, 0x30, 0x21, 0x01, 0x00, 0x39,
    0x34, 0xE1, 0xE5, 0x6C, 0x7D, 0xD6, 0x08, 0xD2, 0x9F, 0x30, 0xE1, 0xE5,
    0x5C, 0x16, 0x00, 0x21, 0x08, 0x00, 0x39, 0x6E, 0x26, 0x00, 0xCD, 0xDD,
    0x01, 0xD2, 0x5E, 0x30, 0x21, 0x06, 0x00, 0xCD, 0xF7, 0x01, 0x21, 0x20,
    0x00, 0xE5, 0xCD, 0x70, 0x2D, 0xC1, 0xC1, 0xC3, 0x2C, 0x30, 0xE1, 0xE5,
    0x6C, 0x26, 0x00, 0x29, 0x29, 0x29, 0x29, 0x29, 0x3E, 0xB0, 0x84, 0x67,
    0xD1, 0xC1, 0xE5, 0xD5, 0x21, 0x00, 0x00, 0x39, 0x36, 0x00, 0xC3, 0x7E,
    0x30, 0x21, 0x00, 0x00, 0x39, 0x34, 0xE1, 0xE5, 0x7D, 0xD6, 0x20, 0xD2,
    0x2C, 0x30, 0x21, 0x00, 0xB7, 0xE5, 0x21, 0x04, 0x00, 0x39, 0x5E, 0x23,
    0x56, 0x21, 0x02, 0x00, 0x39, 0x6E, 0x26, 0x00, 0x19, 0x7E, 0xD1, 0x12,
    0xC3, 0x79, 0x30, 0xCD, 0xC0, 0x2D, 0x26, 0x00, 0xC1, 0xC1, 0xC9, 0x21,
    0x08, 0x00, 0x39, 0x6E, 0x26, 0x00, 0xE5, 0xCD, 0xED, 0x2C, 0xC1, 0x21,
    0x06, 0x00, 0x39, 0x6E, 0x26, 0x00, 0xE5, 0x21, 0x01, 0x00, 0xE5, 0xCD,
    0x22, 0x2D, 0xC1, 0xC1, 0x21, 0x04, 0x00, 0x39, 0x6E, 0x26, 0x00, 0xE5,
    0x21, 0x02, 0x00, 0xE5, 0xCD, 0x22, 0x2D, 0xC1, 0xC1, 0x21, 0x02, 0x00,
    0x39, 0x6E, 0x26, 0x00, 0xE5, 0x21, 0x03, 0x00, 0xE5, 0xCD, 0x22, 0x2D,
    0xC1, 0xC1, 0xC9, 0x21, 0x00, 0x00, 0xE5, 0x2E, 0xE2, 0xE5, 0x21, 0x0E,
    0x00, 0x39, 0x6E, 0x26, 0x00, 0xE5, 0x21, 0x0E, 0x00, 0x39, 0x6E, 0x26,
    0x00, 0xE5, 0x21, 0x0E, 0x00, 0x39, 0x6E, 0x26, 0x00, 0xE5, 0xCD, 0xA7,
    0x30, 0xC1, 0xC1, 0xC1, 0xC1, 0xCD, 0xB1, 0x02, 0x7E, 0xA7, 0xCA, 0x3A,
    0x31, 0xE1, 0xE5, 0x11, 0x00, 0x01, 0xA7, 0xED, 0x52, 0xD2, 0x3A, 0x31,
    0x21, 0x00, 0xB7, 0xE5, 0x21, 0x08, 0x00, 0x39, 0x34, 0x7E, 0x23, 0x20,
    0x01, 0x34, 0x66, 0x6F, 0x2B, 0xD1, 0x7E, 0x12, 0xE1, 0x23, 0xE5, 0xC3,
    0x0D, 0x31, 0xE1, 0xE5, 0x11, 0x00, 0x01, 0xA7, 0xED, 0x52, 0xD2, 0x7F,
    0x31, 0x21, 0x04, 0x00, 0x39, 0x34, 0x7E, 0x23, 0x20, 0x01, 0x34, 0x66,
    0x6F, 0x2B, 0x6E, 0x26, 0x00, 0x3B, 0x7D, 0xE1, 0x6F, 0xE5, 0x26, 0x00,
    0x7D, 0xA7, 0xC2, 0x65, 0x31, 0x33, 0xC3, 0x7F, 0x31, 0x11, 0x00, 0xB7,
    0x21, 0x00, 0x00, 0x39, 0x7E, 0x12, 0x21, 0x01, 0x00, 0x39, 0x34, 0x7E,
    0x23, 0x20, 0x01, 0x34, 0x66, 0x6F, 0x2B, 0x33, 0xC3, 0x3A, 0x31, 0xE1,
    0x23, 0xE5, 0x2B, 0x11, 0x00, 0x01, 0xA7, 0xED, 0x52, 0xD2, 0x94, 0x31,
    0x21, 0x00, 0xB7, 0x36, 0x00, 0xC3, 0x7F, 0x31, 0xCD, 0xC0, 0x2D, 0x26,
    0x00, 0xC1, 0xC9, 0x21, 0xE2, 0x00, 0xE5, 0x2E, 0x0A, 0x39, 0x6E, 0x26,
    0x00, 0xE5, 0x21, 0x0A, 0x00, 0x39, 0x6E, 0x26, 0x00, 0xE5, 0x21, 0x0A,
    0x00, 0x39, 0x6E, 0x26, 0x00, 0xE5, 0xCD, 0xA7, 0x30, 0xC1, 0xC1, 0xC1,
    0xC1, 0x21, 0x02, 0x00, 0xCD, 0xF7, 0x01, 0x21, 0x00, 0x01, 0xE5, 0xCD,
    0x70, 0x2D, 0xC1, 0xC1, 0xCD, 0xC0, 0x2D, 0x26, 0x00, 0xC9, 0x21, 0xFB,
    0x00, 0xE5, 0xCD, 0xED, 0x2C, 0xC1, 0x21, 0x00, 0x00, 0xE5, 0x23, 0xE5,
    0xCD, 0x22, 0x2D, 0xC1, 0xC1, 0x21, 0x04, 0x00, 0xCD, 0xF7, 0x01, 0x21,
    0x21, 0x00, 0xE5, 0xCD, 0x70, 0x2D, 0xC1, 0xC1, 0x21, 0x02, 0x00, 0xCD,
    0xF7, 0x01, 0x21, 0x40, 0x00, 0xE5, 0xCD, 0x70, 0x2D, 0xC1, 0xC1, 0xCD,
    0xC0, 0x2D, 0x26, 0x00, 0xC9, 0xCD, 0x96, 0x02, 0xE5, 0xC5, 0xCD, 0xC3,
    0x02, 0xC1, 0xE5, 0xC3, 0x19, 0x32, 0xE1, 0x23, 0xE5, 0xE1, 0xE5, 0x7E,
    0xA7, 0xCA, 0x30, 0x32, 0xE1, 0xE5, 0x7E, 0xFE, 0x2F, 0xC2, 0x16, 0x32,
    0x23, 0xD1, 0xC1, 0xE5, 0xD5, 0xC3, 0x16, 0x32, 0x21, 0xD8, 0x00, 0xE5,
    0xCD, 0xED, 0x2C, 0xC1, 0x21, 0x0C, 0x00, 0x39, 0x6E, 0x26, 0x00, 0xE5,
    0x21, 0x01, 0x00, 0xE5, 0xCD, 0x22, 0x2D, 0xC1, 0xC1, 0x21, 0x0A, 0x00,
    0x39, 0x6E, 0x26, 0x00, 0xE5, 0x21, 0x02, 0x00, 0xE5, 0xCD, 0x22, 0x2D,
    0xC1, 0xC1, 0xCD, 0xC3, 0x02, 0xE5, 0xCD, 0x4E, 0x2D, 0x21, 0x7C, 0x00,
    0xE3, 0xCD, 0x41, 0x2D, 0xC1, 0xCD, 0xB1, 0x02, 0xE5, 0xCD, 0x4E, 0x2D,
    0xC1, 0xC1, 0xE1, 0xE5, 0xC5, 0xE5, 0xCD, 0x4E, 0x2D, 0xC1, 0xCD, 0xD9,
    0x2D, 0x26, 0x00, 0xC1, 0xC1, 0xC9, 0xC1, 0xE1, 0xE5, 0xC5, 0x26, 0x00,
    0x7D, 0xD3, 0xBF, 0xC1, 0xE1, 0xE5, 0xC5, 0x6C, 0x26, 0x00, 0xCB, 0xF5,
    0x7D, 0xD3, 0xBF, 0xC9, 0x21, 0x02, 0x00, 0x39, 0x6E, 0x26, 0x00, 0x7D,
    0xD3, 0xBF, 0x21, 0x04, 0x00, 0x39, 0x6E, 0x26, 0x00, 0xCB, 0xFD, 0x26,
    0x00, 0x7D, 0xD3, 0xBF, 0xC9, 0x21, 0x02, 0x00, 0x39, 0x6E, 0x26, 0x00,
    0x29, 0x29, 0x29, 0x29, 0x29, 0xEB, 0x21, 0x04, 0x00, 0x39, 0x6E, 0x26,
    0x00, 0x19, 0x29, 0x3E, 0x38, 0x84, 0x67, 0xE5, 0xCD, 0x82, 0x32, 0xC1,
    0xC9, 0x21, 0x04, 0x00, 0x39, 0x6E, 0x26, 0x00, 0x7D, 0xD3, 0xBE, 0x21,
    0x27, 0xC7, 0x7E, 0x34, 0x21, 0x02, 0x00, 0x39, 0x6E, 0x26, 0x00, 0x7D,
    0xD3, 0xBE, 0x21, 0x27, 0xC7, 0x7E, 0x34, 0x6F, 0x26, 0x00, 0xC9, 0x3A,
    0x28, 0xC7, 0xA7, 0xC2, 0x3E, 0x33, 0x21, 0x27, 0xC1, 0xE5, 0x21, 0x08,
    0x00, 0x39, 0x6E, 0x26, 0x00, 0x29, 0x29, 0x29, 0x29, 0x29, 0xD1, 0x19,
    0xEB, 0x21, 0x08, 0x00, 0x39, 0x6E, 0x26, 0x00, 0x19, 0xEB, 0x21, 0x04,
    0x00, 0x39, 0x7E, 0x12, 0x21, 0x27, 0xC4, 0xE5, 0x21, 0x08, 0x00, 0x39,
    0x6E, 0x26, 0x00, 0x29, 0x29, 0x29, 0x29, 0x29, 0xD1, 0x19, 0xEB, 0x21,
    0x08, 0x00, 0x39, 0x6E, 0x26, 0x00, 0x19, 0xEB, 0x21, 0x02, 0x00, 0x39,
    0x7E, 0x12, 0x21, 0x04, 0x00, 0x39, 0x6E, 0x26, 0x00, 0xE5, 0x21, 0x04,
    0x00, 0x39, 0x6E, 0x26, 0x00, 0xE5, 0xCD, 0xD1, 0x32, 0xC1, 0xC1, 0xC9,
    0x21, 0x02, 0x00, 0x39, 0x6E, 0x26, 0x00, 0x3B, 0x7D, 0xE1, 0x6F, 0xE5,
    0x7D, 0xD6, 0x20, 0xDA, 0x6E, 0x33, 0xE1, 0xE5, 0x3E, 0x7F, 0x95, 0xD2,
    0x74, 0x33, 0x21, 0x3F, 0x00, 0xC3, 0x78, 0x33, 0xE1, 0xE5, 0x26, 0x00,
    0x26, 0x00, 0x33, 0xC9, 0x21, 0x04, 0x00, 0x39, 0x6E, 0x26, 0x00, 0x7D,
    0xD6, 0x18, 0x3F, 0xD8, 0x21, 0x06, 0x00, 0x39, 0x3E, 0x1E, 0x96, 0xD2,
    0x93, 0x33, 0xC9, 0x21, 0x06, 0x00, 0x39, 0x6E, 0x26, 0x00, 0xE5, 0x21,
    0x06, 0x00, 0x39, 0x6E, 0x26, 0x00, 0xE5, 0xCD, 0xB1, 0x32, 0xC1, 0xC1,
    0xC1, 0xE1, 0xE5, 0xC5, 0x7E, 0xA7, 0xCA, 0xF8, 0x33, 0x21, 0x06, 0x00,
    0x39, 0x6E, 0x26, 0x00, 0x3E, 0x1E, 0x95, 0x3F, 0xD2, 0xF8, 0x33, 0x21,
    0x06, 0x00, 0x39, 0x6E, 0x26, 0x00, 0xE5, 0x21, 0x06, 0x00, 0x39, 0x6E,
    0x26, 0x00, 0xE5, 0x21, 0x06, 0x00, 0x39, 0x34, 0x7E, 0x23, 0x20, 0x01,
    0x34, 0x66, 0x6F, 0x2B, 0xCD, 0x64, 0x02, 0xE5, 0xCD, 0x54, 0x33, 0xC1,
    0xE5, 0x21, 0x00, 0x00, 0xE5, 0xCD, 0xF3, 0x32, 0xC1, 0xC1, 0xC1, 0xC1,
    0x21, 0x06, 0x00, 0x39, 0x34, 0xC3, 0xA8, 0x33, 0xC9, 0x21, 0x04, 0x00,
    0x39, 0x6E, 0x26, 0x00, 0x7D, 0xD6, 0x18, 0x3F, 0xD8, 0x21, 0x06, 0x00,
    0x39, 0x3E, 0x1E, 0x96, 0xD2, 0x10, 0x34, 0xC9, 0x21, 0x06, 0x00, 0x39,
    0x6E, 0x26, 0x00, 0xE5, 0x21, 0x06, 0x00, 0x39, 0x6E, 0x26, 0x00, 0xE5,
    0xCD, 0xB1, 0x32, 0xC1, 0xC1, 0x21, 0x06, 0x00, 0x39, 0x6E, 0x26, 0x00,
    0xE5, 0x21, 0x06, 0x00, 0x39, 0x6E, 0x26, 0x00, 0xE5, 0x21, 0x06, 0x00,
    0x39, 0xCD, 0x64, 0x02, 0xE5, 0xCD, 0x54, 0x33, 0xC1, 0xE5, 0x21, 0x00,
    0x00, 0xE5, 0xCD, 0xF3, 0x32, 0xC1, 0xC1, 0xC1, 0xC1, 0xC9, 0x21, 0x06,
    0x00, 0x39, 0x6E, 0x26, 0x00, 0x7D, 0xD6, 0x18, 0x3F, 0xD8, 0x21, 0x08,
    0x00, 0x39, 0x6E, 0x26, 0x00, 0x7D, 0xD6, 0x20, 0x3F, 0xD2, 0x69, 0x34,
    0xC9, 0x21, 0x08, 0x00, 0x39, 0x6E, 0x26, 0x00, 0xE5, 0x21, 0x08, 0x00,
    0x39, 0x6E, 0x26, 0x00, 0xE5, 0xCD, 0xB1, 0x32, 0xC1, 0xC1, 0x21, 0x08,
    0x00, 0x39, 0x6E, 0x26, 0x00, 0xE5, 0x21, 0x08, 0x00, 0x39, 0x6E, 0x26,
    0x00, 0xE5, 0x21, 0x08, 0x00, 0x39, 0x6E, 0x26, 0x00, 0xE5, 0x21, 0x08,
    0x00, 0x39, 0x6E, 0x26, 0x00, 0xE5, 0xCD, 0xF3, 0x32, 0xC1, 0xC1, 0xC1,
    0xC1, 0xC9, 0xC5, 0xC5, 0xC5, 0x3B, 0xE1, 0x2E, 0x05, 0xE5, 0x21, 0x06,
    0x00, 0x39, 0x36, 0x00, 0x21, 0x01, 0x00, 0x39, 0xE5, 0x2B, 0x35, 0x6E,
    0x26, 0x00, 0xD1, 0x19, 0xE5, 0x21, 0x0B, 0x00, 0x39, 0x5E, 0x23, 0x56,
    0x21, 0x0A, 0x00, 0xCD, 0x58, 0x55, 0xEB, 0x01, 0x30, 0x00, 0x09, 0x7D,
    0xCD, 0x65, 0x02, 0x7D, 0xD1, 0x12, 0x21, 0x09, 0x00, 0x39, 0xE5, 0x5E,
    0x23, 0x56, 0x21, 0x0A, 0x00, 0xCD, 0x58, 0x55, 0xD1, 0xCD, 0xF7, 0x02,
    0x21, 0x09, 0x00, 0x39, 0xCD, 0x6D, 0x02, 0x7C, 0xB5, 0xCA, 0x04, 0x35,
    0x21, 0x00, 0x00, 0x39, 0x7E, 0xA7, 0xCA, 0x04, 0x35, 0xC3, 0xB4, 0x34,
    0x21, 0x0D, 0x00, 0x39, 0x6E, 0x26, 0x00, 0xE5, 0x21, 0x0D, 0x00, 0x39,
    0x6E, 0x26, 0x00, 0xE5, 0x21, 0x05, 0x00, 0x39, 0xEB, 0x21, 0x04, 0x00,
    0x39, 0x6E, 0x26, 0x00, 0x19, 0xE5, 0xCD, 0x7C, 0x33, 0xC1, 0xC1, 0xC1,
    0x33, 0xC1, 0xC1, 0xC1, 0xC9, 0xC5, 0x3B, 0x21, 0x00, 0x00, 0x39, 0xE5,
    0x21, 0xC1, 0x5B, 0xE5, 0x21, 0x09, 0x00, 0x39, 0x6E, 0x26, 0x00, 0x7D,
    0x0F, 0x0F, 0x0F, 0x0F, 0xE6, 0x0F, 0x6F, 0xD1, 0x19, 0xD1, 0x7E, 0x12,
    0x21, 0x01, 0x00, 0x39, 0xE5, 0x21, 0xC1, 0x5B, 0xE5, 0x21, 0x09, 0x00,
    0x39, 0x7E, 0xE6, 0x0F, 0x6F, 0x26, 0x00, 0xD1, 0x19, 0xD1, 0x7E, 0x12,
    0x21, 0x02, 0x00, 0x39, 0x54, 0x5D, 0xAF, 0x12, 0x21, 0x09, 0x00, 0x39,
    0x6E, 0x26, 0x00, 0xE5, 0x21, 0x09, 0x00, 0x39, 0x6E, 0x26, 0x00, 0xE5,
    0x21, 0x04, 0x00, 0x39, 0xE5, 0xCD, 0x7C, 0x33, 0xC1, 0xC1, 0xC1, 0x33,
    0xC1, 0xC9, 0x3B, 0x21, 0x01, 0x00, 0xE5, 0x2E, 0x05, 0x39, 0x6E, 0x26,
    0x00, 0xE5, 0xCD, 0xB1, 0x32, 0xC1, 0xC1, 0x21, 0x00, 0x00, 0x39, 0x36,
    0x01, 0xC3, 0xA9, 0x35, 0x21, 0x00, 0x00, 0x39, 0x34, 0xE1, 0xE5, 0x26,
    0x00, 0x3E, 0x1E, 0x95, 0x3F, 0xD2, 0xD2, 0x35, 0xE1, 0xE5, 0x26, 0x00,
    0xE5, 0x21, 0x05, 0x00, 0x39, 0x6E, 0x26, 0x00, 0xE5, 0x21, 0x20, 0x00,
    0xE5, 0x2E, 0x00, 0xE5, 0xCD, 0xF3, 0x32, 0xC1, 0xC1, 0xC1, 0xC1, 0xC3,
    0xA4, 0x35, 0x33, 0xC9, 0x3B, 0x21, 0x01, 0x00, 0xE5, 0x2E, 0x09, 0x39,
    0x6E, 0x26, 0x00, 0xE5, 0xCD, 0xB1, 0x32, 0xC1, 0xC1, 0x21, 0x00, 0x00,
    0x39, 0x36, 0x01, 0xC3, 0xF3, 0x35, 0x21, 0x00, 0x00, 0x39, 0x34, 0xE1,
    0xE5, 0x26, 0x00, 0x3E, 0x1E, 0x95, 0x3F, 0xD2, 0x6F, 0x36, 0xE1, 0xE5,
    0x26, 0x00, 0xE5, 0x21, 0x09, 0x00, 0x39, 0x6E, 0x26, 0x00, 0xE5, 0x21,
    0x27, 0xC1, 0xE5, 0x21, 0x0D, 0x00, 0x39, 0x6E, 0x26, 0x00, 0x29, 0x29,
    0x29, 0x29, 0x29, 0xD1, 0x19, 0xEB, 0x21, 0x04, 0x00, 0x39, 0x6E, 0x26,
    0x00, 0x19, 0x6E, 0x26, 0x00, 0xE5, 0x21, 0x27, 0xC4, 0xE5, 0x21, 0x0F,
    0x00, 0x39, 0x6E, 0x26, 0x00, 0x29, 0x29, 0x29, 0x29, 0x29, 0xD1, 0x19,
    0xEB, 0x21, 0x06, 0x00, 0x39, 0x6E, 0x26, 0x00, 0x19, 0x6E, 0x26, 0x00,
    0xE5, 0x21, 0x0B, 0x00, 0x39, 0x6E, 0x26, 0x00, 0xCD, 0x5A, 0x02, 0xD1,
    0xCD, 0x53, 0x02, 0xEB, 0x21, 0x0B, 0x00, 0x39, 0x6E, 0x26, 0x00, 0xCD,
    0xED, 0x02, 0x26, 0x00, 0xE5, 0xCD, 0xF3, 0x32, 0xC1, 0xC1, 0xC1, 0xC1,
    0xC3, 0xEE, 0x35, 0x33, 0xC9, 0x3B, 0x21, 0x01, 0x00, 0xE5, 0x2E, 0x07,
    0x39, 0x6E, 0x26, 0x00, 0xE5, 0xCD, 0xB1, 0x32, 0xC1, 0xC1, 0x21, 0x00,
    0x00, 0x39, 0x36, 0x01, 0xC3, 0x90, 0x36, 0x21, 0x00, 0x00, 0x39, 0x34,
    0xE1, 0xE5, 0x26, 0x00, 0x3E, 0x1E, 0x95, 0x3F, 0xD2, 0xDA, 0x36, 0x21,
    0x03, 0x00, 0x39, 0x34, 0x7E, 0x23, 0x20, 0x01, 0x34, 0x66, 0x6F, 0x2B,
    0x6E, 0x7D, 0x17, 0x9F, 0x67, 0xE5, 0xCD, 0x54, 0x33, 0xC1, 0xE5, 0x21,
    0x27, 0xC4, 0xE5, 0x21, 0x09, 0x00, 0x39, 0x6E, 0x26, 0x00, 0x29, 0x29,
    0x29, 0x29, 0x29, 0xD1, 0x19, 0xEB, 0x21, 0x02, 0x00, 0x39, 0x6E, 0x26,
    0x00, 0x19, 0x6E, 0x26, 0x00, 0xE5, 0xCD, 0xD1, 0x32, 0xC1, 0xC1, 0xC3,
    0x8B, 0x36, 0x33, 0xC9, 0xC5, 0xC5, 0xC5, 0x3B, 0x21, 0x0D, 0x00, 0x39,
    0x7E, 0x21, 0x0B, 0x00, 0x39, 0xBE, 0xC2, 0x14, 0x37, 0x21, 0x06, 0x00,
    0x39, 0x36, 0x01, 0x21, 0x05, 0x00, 0x39, 0x36, 0x02, 0x21, 0x04, 0x00,
    0x39, 0x36, 0x01, 0x21, 0x03, 0x00, 0x39, 0x36, 0x00, 0x21, 0x02, 0x00,
    0x39, 0x36, 0x00, 0x21, 0x01, 0x00, 0x39, 0x36, 0x02, 0xC3, 0x6C, 0x37,
    0x21, 0x0D, 0x00, 0x39, 0x7E, 0x21, 0x09, 0x00, 0x39, 0xBE, 0xC2, 0x48,
    0x37, 0x21, 0x06, 0x00, 0x39, 0x36, 0x01, 0x21, 0x05, 0x00, 0x39, 0x36,
    0x02, 0x21, 0x04, 0x00, 0x39, 0x36, 0x01, 0x21, 0x03, 0x00, 0x39, 0x36,
    0x04, 0x21, 0x02, 0x00, 0x39, 0x36, 0x04, 0x21, 0x01, 0x00, 0x39, 0x36,
    0x06, 0xC3, 0x6C, 0x37, 0x21, 0x06, 0x00, 0x39, 0x36, 0x03, 0x21, 0x05,
    0x00, 0x39, 0x36, 0x20, 0x21, 0x04, 0x00, 0x39, 0x36, 0x03, 0x21, 0x03,
    0x00, 0x39, 0x36, 0x00, 0x21, 0x02, 0x00, 0x39, 0x36, 0x00, 0x21, 0x01,
    0x00, 0x39, 0x36, 0x02, 0x21, 0x11, 0x00, 0x39, 0x6E, 0x26, 0x00, 0xE5,
    0x21, 0x0F, 0x00, 0x39, 0x6E, 0x26, 0x00, 0xE5, 0xCD, 0xB1, 0x32, 0xC1,
    0xC1, 0x21, 0x11, 0x00, 0x39, 0x6E, 0x26, 0x00, 0xE5, 0x21, 0x0F, 0x00,
    0x39, 0x6E, 0x26, 0x00, 0xE5, 0x21, 0x0A, 0x00, 0x39, 0x6E, 0x26, 0x00,
    0xE5, 0x21, 0x09, 0x00, 0x39, 0x6E, 0x26, 0x00, 0xE5, 0xCD, 0xF3, 0x32,
    0xC1, 0xC1, 0xC1, 0xC1, 0x21, 0x00, 0x00, 0x39, 0xE5, 0x21, 0x13, 0x00,
    0x39, 0x6E, 0x26, 0x00, 0x23, 0xD1, 0x7D, 0x12, 0xC3, 0xC0, 0x37, 0x21,
    0x00, 0x00, 0x39, 0x34, 0xE1, 0xE5, 0x26, 0x00, 0xEB, 0x21, 0x0F, 0x00,
    0x39, 0x6E, 0x26, 0x00, 0xEB, 0xA7, 0xED, 0x52, 0xD2, 0xFA, 0x37, 0xE1,
    0xE5, 0x26, 0x00, 0xE5, 0x21, 0x0F, 0x00, 0x39, 0x6E, 0x26, 0x00, 0xE5,
    0x21, 0x09, 0x00, 0x39, 0x6E, 0x26, 0x00, 0xE5, 0x21, 0x08, 0x00, 0x39,
    0x6E, 0x26, 0x00, 0xE5, 0xCD, 0xF3, 0x32, 0xC1, 0xC1, 0xC1, 0xC1, 0xC3,
    0xBB, 0x37, 0x21, 0x0F, 0x00, 0x39, 0x6E, 0x26, 0x00, 0xE5, 0x21, 0x0F,
    0x00, 0x39, 0x6E, 0x26, 0x00, 0xE5, 0x21, 0x08, 0x00, 0x39, 0x6E, 0x26,
    0x00, 0xE5, 0x21, 0x07, 0x00, 0x39, 0x6E, 0x26, 0x00, 0xE5, 0xCD, 0xF3,
    0x32, 0xC1, 0xC1, 0xC1, 0xC1, 0x33, 0xC1, 0xC1, 0xC1, 0xC9, 0x3B, 0x21,
    0x00, 0x00, 0x39, 0xEB, 0x21, 0x09, 0x00, 0x39, 0x7E, 0x12, 0xC3, 0x3A,
    0x38, 0x21, 0x00, 0x00, 0x39, 0x34, 0xE1, 0xE5, 0x26, 0x00, 0xEB, 0x21,
    0x05, 0x00, 0x39, 0x6E, 0x26, 0x00, 0xA7, 0xED, 0x52, 0x3F, 0xD2, 0x91,
    0x38, 0x21, 0x0B, 0x00, 0x39, 0x6E, 0x26, 0x00, 0xE5, 0x21, 0x09, 0x00,
    0x39, 0x6E, 0x26, 0x00, 0xE5, 0x21, 0x04, 0x00, 0x39, 0x6E, 0x26, 0x00,
    0xE5, 0x21, 0x0F, 0x00, 0x39, 0x6E, 0x26, 0x00, 0xE5, 0x21, 0x0D, 0x00,
    0x39, 0x6E, 0x26, 0x00, 0xE5, 0xCD, 0xDC, 0x36, 0xC1, 0xC1, 0xC1, 0xC1,
    0xC1, 0x21, 0x03, 0x00, 0x39, 0x7E, 0xA7, 0xCA, 0x35, 0x38, 0x21, 0x01,
    0x00, 0xE5, 0xCD, 0xFE, 0x40, 0xC1, 0xC3, 0x35, 0x38, 0x33, 0xC9, 0x2A,
    0x2D, 0xC7, 0x26, 0x00, 0x7C, 0xB5, 0xC0, 0x21, 0x00, 0x00, 0xE5, 0xE5,
    0x21, 0x1F, 0x00, 0xE5, 0x2E, 0x11, 0xE5, 0x21, 0x01, 0x00, 0xE5, 0xCD,
    0x26, 0x38, 0xC1, 0xC1, 0xC1, 0xC1, 0xC1, 0x21, 0x00, 0x00, 0xE5, 0x2E,
    0x12, 0xE5, 0x21, 0x1F, 0x00, 0xE5, 0x2E, 0x17, 0xE5, 0x21, 0x01, 0x00,
    0xE5, 0xCD, 0x26, 0x38, 0xC1, 0xC1, 0xC1, 0xC1, 0xC1, 0x21, 0x01, 0x00,
    0x7D, 0x32, 0x2D, 0xC7, 0xC9, 0x21, 0x00, 0x00, 0x7D, 0x32, 0x2D, 0xC7,
    0xC9, 0xC1, 0xE1, 0xE5, 0xC5, 0xCD, 0xA1, 0x56, 0x26, 0x00, 0x3B, 0x7D,
    0xE1, 0x6F, 0xE5, 0x3B, 0x21, 0x00, 0x00, 0xE5, 0x11, 0x1F, 0x00, 0xD5,
    0xE5, 0x21, 0x00, 0x00, 0xE5, 0x2E, 0x11, 0xE5, 0xCD, 0xDC, 0x36, 0xC1,
    0xC1, 0xC1, 0xC1, 0xC1, 0xE1, 0xE5, 0x6C, 0x26, 0x00, 0x7D, 0xA7, 0xC2,
    0x10, 0x39, 0xC1, 0xC9, 0xE1, 0xE5, 0x6C, 0x26, 0x00, 0x3E, 0x1A, 0x95,
    0xD2, 0x21, 0x39, 0x21, 0x01, 0x00, 0x39, 0x36, 0x1A, 0x21, 0x02, 0x00,
    0xE5, 0x2E, 0x00, 0xE5, 0xCD, 0xB1, 0x32, 0xC1, 0xC1, 0x21, 0x02, 0x00,
    0xE5, 0x2E, 0x00, 0xE5, 0x11, 0x20, 0x00, 0xD5, 0xE5, 0xCD, 0xF3, 0x32,
    0xC1, 0xC1, 0xC1, 0xC1, 0x21, 0x00, 0x00, 0x39, 0x36, 0x00, 0xC3, 0x4E,
    0x39, 0x21, 0x00, 0x00, 0x39, 0x34, 0xE1, 0xE5, 0x26, 0x00, 0xEB, 0xE1,
    0xE5, 0x6C, 0x26, 0x00, 0xEB, 0xA7, 0xED, 0x52, 0xD2, 0x92, 0x39, 0xE1,
    0xE5, 0x26, 0x00, 0x23, 0x23, 0x23, 0x26, 0x00, 0xE5, 0x21, 0x00, 0x00,
    0xE5, 0x2E, 0x08, 0x39, 0x5E, 0x23, 0x56, 0x21, 0x04, 0x00, 0x39, 0x6E,
    0x26, 0x00, 0x19, 0xCD, 0x64, 0x02, 0xE5, 0xCD, 0x54, 0x33, 0xC1, 0xE5,
    0x21, 0x00, 0x00, 0xE5, 0xCD, 0xF3, 0x32, 0xC1, 0xC1, 0xC1, 0xC1, 0xC3,
    0x49, 0x39, 0xE1, 0xE5, 0x6C, 0x26, 0x00, 0x23, 0x23, 0x23, 0x26, 0x00,
    0xE5, 0x21, 0x00, 0x00, 0xE5, 0x11, 0x20, 0x00, 0xD5, 0xE5, 0xCD, 0xF3,
    0x32, 0xC1, 0xC1, 0xC1, 0xC1, 0xC1, 0xC9, 0x3B, 0xCD, 0x34, 0x3C, 0x21,
    0x00, 0x00, 0x39, 0x36, 0x01, 0xC3, 0xC1, 0x39, 0x21, 0x00, 0x00, 0x39,
    0x34, 0xE1, 0xE5, 0x7D, 0xD6, 0x11, 0xD2, 0xD5, 0x39, 0xE1, 0xE5, 0x26,
    0x00, 0xE5, 0xCD, 0x8A, 0x35, 0xC1, 0xC3, 0xBC, 0x39, 0x33, 0xC9, 0x21,
    0x04, 0x00, 0x39, 0x6E, 0x26, 0x00, 0xE5, 0xCD, 0x8A, 0x35, 0xC1, 0x21,
    0x01, 0x00, 0xE5, 0x2E, 0x06, 0x39, 0x6E, 0x26, 0x00, 0xE5, 0xCD, 0xB1,
    0x02, 0xE5, 0xCD, 0x7C, 0x33, 0xC1, 0xC1, 0xC1, 0xC9, 0x3B, 0xE1, 0x2E,
    0x01, 0xE5, 0x21, 0x05, 0x00, 0x39, 0x6E, 0x26, 0x00, 0xE5, 0xCD, 0x8A,
    0x35, 0xC1, 0xCD, 0x84, 0x02, 0x7E, 0xA7, 0xCA, 0x50, 0x3A, 0xE1, 0xE5,
    0x26, 0x00, 0x3E, 0x1E, 0x95, 0x3F, 0xD2, 0x50, 0x3A, 0x21, 0x00, 0x00,
    0x39, 0x34, 0x6E, 0x26, 0x00, 0x2D, 0xE5, 0x21, 0x07, 0x00, 0x39, 0x6E,
    0x26, 0x00, 0xE5, 0x21, 0x07, 0x00, 0x39, 0x34, 0x7E, 0x23, 0x20, 0x01,
    0x34, 0x66, 0x6F, 0x2B, 0xCD, 0x64, 0x02, 0xE5, 0xCD, 0xF9, 0x33, 0xC1,
    0xC1, 0x21, 0x01, 0x00, 0xE3, 0xCD, 0xFE, 0x40, 0xC1, 0xC3, 0x0A, 0x3A,
    0x33, 0xC9, 0x3E, 0x01, 0x32, 0x28, 0xC7, 0x21, 0x08, 0x00, 0x39, 0x7E,
    0x32, 0x29, 0xC7, 0x21, 0x06, 0x00, 0x39, 0x7E, 0x32, 0x2A, 0xC7, 0x21,
    0x04, 0x00, 0x39, 0x7E, 0x32, 0x2B, 0xC7, 0x21, 0x02, 0x00, 0x39, 0x7E,
    0x32, 0x2C, 0xC7, 0x21, 0x08, 0x00, 0x39, 0x6E, 0x26, 0x00, 0xE5, 0x21,
    0x08, 0x00, 0x39, 0x6E, 0x26, 0x00, 0xE5, 0x21, 0x08, 0x00, 0x39, 0x6E,
    0x26, 0x00, 0xE5, 0x21, 0x08, 0x00, 0x39, 0x6E, 0x26, 0x00, 0xE5, 0x21,
    0x01, 0x00, 0xE5, 0xCD, 0x26, 0x38, 0xC1, 0xC1, 0xC1, 0xC1, 0xC1, 0xC9,
    0xC5, 0x3A, 0x2E, 0xC7, 0xA7, 0xCA, 0xF6, 0x3A, 0x2A, 0x2F, 0xC7, 0x26,
    0x00, 0xEB, 0x2A, 0x29, 0xC7, 0x26, 0x00, 0xCD, 0x09, 0x03, 0xD2, 0xF6,
    0x3A, 0x2A, 0x2F, 0xC7, 0x26, 0x00, 0xEB, 0x2A, 0x2B, 0xC7, 0x26, 0x00,
    0xA7, 0xED, 0x52, 0x3F, 0xD2, 0xF6, 0x3A, 0x2A, 0x30, 0xC7, 0x26, 0x00,
    0xEB, 0x2A, 0x2A, 0xC7, 0x26, 0x00, 0xCD, 0x09, 0x03, 0xD2, 0xF6, 0x3A,
    0x2A, 0x30, 0xC7, 0x26, 0x00, 0xEB, 0x2A, 0x2C, 0xC7, 0x26, 0x00, 0xA7,
    0xED, 0x52, 0x3F, 0xD2, 0xF6, 0x3A, 0xAF, 0x32, 0x2E, 0xC7, 0x21, 0x01,
    0x00, 0x39, 0xEB, 0x3A, 0x2A, 0xC7, 0x12, 0xC3, 0x07, 0x3B, 0x21, 0x01,
    0x00, 0x39, 0x34, 0xE1, 0xE5, 0x5C, 0x16, 0x00, 0x2A, 0x2C, 0xC7, 0x26,
    0x00, 0xA7, 0xED, 0x52, 0x3F, 0xD2, 0x9B, 0x3B, 0x2A, 0x29, 0xC7, 0x26,
    0x00, 0xE5, 0x21, 0x03, 0x00, 0x39, 0x6E, 0x26, 0x00, 0xE5, 0xCD, 0xB1,
    0x32, 0xC1, 0xC1, 0x21, 0x00, 0x00, 0x39, 0xEB, 0x3A, 0x29, 0xC7, 0x12,
    0xC3, 0x3C, 0x3B, 0x21, 0x00, 0x00, 0x39, 0x34, 0xE1, 0xE5, 0x26, 0x00,
    0xEB, 0x2A, 0x2B, 0xC7, 0x26, 0x00, 0xA7, 0xED, 0x52, 0x3F, 0xD2, 0x90,
    0x3B, 0x21, 0x27, 0xC1, 0xE5, 0x21, 0x03, 0x00, 0x39, 0x6E, 0x26, 0x00,
    0x29, 0x29, 0x29, 0x29, 0x29, 0xD1, 0x19, 0xEB, 0xE1, 0xE5, 0x26, 0x00,
    0x19, 0x6E, 0x26, 0x00, 0xE5, 0x21, 0x27, 0xC4, 0xE5, 0x21, 0x05, 0x00,
    0x39, 0x6E, 0x26, 0x00, 0x29, 0x29, 0x29, 0x29, 0x29, 0xD1, 0x19, 0xEB,
    0x21, 0x02, 0x00, 0x39, 0x6E, 0x26, 0x00, 0x19, 0x6E, 0x26, 0x00, 0xE5,
    0xCD, 0xD1, 0x32, 0xC1, 0xC1, 0xC3, 0x37, 0x3B, 0x21, 0x01, 0x00, 0xE5,
    0xCD, 0xFE, 0x40, 0xC1, 0xC3, 0x02, 0x3B, 0x21, 0x00, 0x00, 0x7D, 0x32,
    0x28, 0xC7, 0xC1, 0xC9, 0x2A, 0x2F, 0xC7, 0x26, 0x00, 0xE5, 0x2A, 0x30,
    0xC7, 0x26, 0x00, 0xE5, 0xCD, 0xB1, 0x32, 0xC1, 0xC1, 0x21, 0x02, 0x00,
    0x39, 0x6E, 0x26, 0x00, 0xE5, 0x21, 0x00, 0x00, 0xE5, 0xCD, 0xD1, 0x32,
    0xC1, 0xC1, 0xC9, 0x3A, 0x2E, 0xC7, 0xA7, 0xCA, 0xFE, 0x3B, 0x2A, 0x2F,
    0xC7, 0x26, 0x00, 0xEB, 0x21, 0x08, 0x00, 0x39, 0x6E, 0x26, 0x00, 0xCD,
    0xEC, 0x01, 0xDA, 0xF4, 0x3B, 0x2A, 0x30, 0xC7, 0x26, 0x00, 0xEB, 0x21,
    0x06, 0x00, 0x39, 0x6E, 0x26, 0x00, 0xCD, 0xEC, 0x01, 0xD2, 0xFE, 0x3B,
    0x2A, 0x31, 0xC7, 0x26, 0x00, 0xE5, 0xCD, 0xA4, 0x3B, 0xC1, 0x21, 0x08,
    0x00, 0x39, 0x7E, 0x32, 0x2F, 0xC7, 0x21, 0x06, 0x00, 0x39, 0x7E, 0x32,
    0x30, 0xC7, 0x21, 0x04, 0x00, 0x39, 0x7E, 0x32, 0x31, 0xC7, 0x21, 0x02,
    0x00, 0x39, 0x7E, 0x32, 0x32, 0xC7, 0xAF, 0x32, 0x33, 0xC7, 0x3E, 0x01,
    0x32, 0x2E, 0xC7, 0x21, 0x04, 0x00, 0x39, 0x6E, 0x26, 0x00, 0xE5, 0xCD,
    0xA4, 0x3B, 0xC1, 0xC9, 0x3A, 0x2E, 0xC7, 0xA7, 0xC2, 0x3C, 0x3C, 0xC9,
    0x2A, 0x32, 0xC7, 0x26, 0x00, 0xE5, 0xCD, 0xA4, 0x3B, 0xC1, 0x21, 0x00,
    0x00, 0x7D, 0x32, 0x2E, 0xC7, 0xC9, 0x3A, 0x2E, 0xC7, 0xA7, 0xC2, 0x56,
    0x3C, 0xC9, 0xAF, 0x32, 0x33, 0xC7, 0x2A, 0x31, 0xC7, 0x26, 0x00, 0xE5,
    0xCD, 0xA4, 0x3B, 0xC1, 0xC9, 0x3A, 0x2E, 0xC7, 0xA7, 0xC2, 0x6D, 0x3C,
    0xC9, 0x21, 0x33, 0xC7, 0x7E, 0x34, 0x2A, 0x33, 0xC7, 0x26, 0x00, 0x3E,
    0x07, 0xA5, 0x6F, 0x20, 0x01, 0x37, 0xD0, 0x3A, 0x33, 0xC7, 0xE6, 0x08,
    0xCA, 0x8F, 0x3C, 0x2A, 0x32, 0xC7, 0x26, 0x00, 0xC3, 0x94, 0x3C, 0x2A,
    0x31, 0xC7, 0x26, 0x00, 0xE5, 0xCD, 0xA4, 0x3B, 0xC1, 0xC9, 0x21, 0x08,
    0x00, 0x39, 0x6E, 0x26, 0x00, 0x3E, 0x3F, 0x84, 0x67, 0xE5, 0xCD, 0x82,
    0x32, 0xC1, 0x21, 0x04, 0x00, 0x39, 0x6E, 0x26, 0x00, 0x29, 0x29, 0x29,
    0x01, 0x07, 0x00, 0x09, 0x26, 0x00, 0x7D, 0xD3, 0xBE, 0x21, 0x08, 0x00,
    0x39, 0x6E, 0x26, 0x00, 0x29, 0x01, 0x80, 0x3F, 0x09, 0xE5, 0xCD, 0x82,
    0x32, 0xC1, 0x21, 0x06, 0x00, 0x39, 0x7E, 0x87, 0x87, 0x87, 0x6F, 0x26,
    0x00, 0xD3, 0xBE, 0x21, 0x27, 0xC7, 0x7E, 0x34, 0x21, 0x02, 0x00, 0x39,
    0x6E, 0x26, 0x00, 0x7D, 0xD3, 0xBE, 0xC9, 0x21, 0x02, 0x00, 0x39, 0x6E,
    0x26, 0x00, 0x3E, 0x3F, 0x84, 0x67, 0xE5, 0xCD, 0x82, 0x32, 0xC1, 0x21,
    0xD0, 0x00, 0x7D, 0xD3, 0xBE, 0xC9, 0x21, 0x04, 0x00, 0x39, 0x7E, 0xE6,
    0x03, 0x6F, 0x26, 0x00, 0x3B, 0x7D, 0xE1, 0x6F, 0xE5, 0x21, 0x05, 0x00,
    0x39, 0x6E, 0x26, 0x00, 0x7D, 0x0F, 0x0F, 0xE6, 0x03, 0x6F, 0x26, 0x00,
    0x3B, 0x7D, 0xE1, 0x6F, 0xE5, 0x21, 0x06, 0x00, 0x39, 0x6E, 0x26, 0x00,
    0x7D, 0x0F, 0x0F, 0x0F, 0x0F, 0xE6, 0x03, 0x6F, 0x26, 0x00, 0x3B, 0x7D,
    0xE1, 0x6F, 0xE5, 0x3B, 0x21, 0x00, 0x00, 0x39, 0xE5, 0x21, 0x08, 0x00,
    0x39, 0x3E, 0x06, 0x96, 0xD2, 0x59, 0x3D, 0x21, 0x08, 0x00, 0x39, 0x6E,
    0x26, 0x00, 0x01, 0xFA, 0xFF, 0x09, 0xC3, 0x5C, 0x3D, 0x21, 0x00, 0x00,
    0xD1, 0x7D, 0x12, 0x21, 0x03, 0x00, 0x39, 0x5E, 0x16, 0x00, 0xE1, 0xE5,
    0x26, 0x00, 0xA7, 0xED, 0x52, 0xD2, 0x7B, 0x3D, 0x21, 0x03, 0x00, 0x39,
    0xEB, 0x21, 0x00, 0x00, 0x39, 0x7E, 0x12, 0x21, 0x00, 0x00, 0x39, 0xE5,
    0x21, 0x08, 0x00, 0x39, 0x3E, 0x03, 0x96, 0xD2, 0x97, 0x3D, 0x21, 0x08,
    0x00, 0x39, 0x6E, 0x26, 0x00, 0x2B, 0x2B, 0x2B, 0xC3, 0x9A, 0x3D, 0x21,
    0x00, 0x00, 0xD1, 0x7D, 0x12, 0x21, 0x02, 0x00, 0x39, 0x5E, 0x16, 0x00,
    0xE1, 0xE5, 0x26, 0x00, 0xA7, 0xED, 0x52, 0xD2, 0xB8, 0x3D, 0x21, 0x02,
    0x00, 0x39, 0xE5, 0x2B, 0x2B, 0x7E, 0xD1, 0x12, 0xE1, 0xE5, 0x5C, 0x16,
    0x00, 0x21, 0x06, 0x00, 0x39, 0x6E, 0x26, 0x00, 0xA7, 0xED, 0x52, 0xD2,
    0xD5, 0x3D, 0x21, 0x01, 0x00, 0x39, 0xEB, 0x21, 0x06, 0x00, 0x39, 0x7E,
    0x12, 0x21, 0x03, 0x00, 0x39, 0x6E, 0x26, 0x00, 0xE5, 0x21, 0x04, 0x00,
    0x39, 0x6E, 0x26, 0x00, 0x29, 0x29, 0xD1, 0xCD, 0xED, 0x02, 0xE5, 0x21,
    0x03, 0x00, 0x39, 0x6E, 0x26, 0x00, 0x29, 0x29, 0x29, 0x29, 0xD1, 0xCD,
    0xED, 0x02, 0x26, 0x00, 0xC1, 0xC1, 0xC9, 0x11, 0x34, 0xC7, 0x21, 0x04,
    0x00, 0x39, 0x6E, 0x26, 0x00, 0x19, 0xEB, 0x21, 0x02, 0x00, 0x39, 0x7E,
    0x12, 0x21, 0x04, 0x00, 0x39, 0x6E, 0x26, 0x00, 0x7D, 0xD3, 0xBF, 0x21,
    0xC0, 0x00, 0x7D, 0xD3, 0xBF, 0x21, 0x02, 0x00, 0x39, 0x6E, 0x26, 0x00,
    0xE5, 0x2A, 0xE3, 0xC7, 0x26, 0x00, 0xE5, 0xCD, 0x02, 0x3D, 0xC1, 0xC1,
    0x7D, 0xD3, 0xBE, 0xC9, 0x3B, 0x21, 0x03, 0x00, 0x39, 0x7E, 0x32, 0xE3,
    0xC7, 0x21, 0x00, 0x00, 0x7D, 0xD3, 0xBF, 0x21, 0xC0, 0x00, 0x7D, 0xD3,
    0xBF, 0x21, 0x00, 0x00, 0x39, 0x36, 0x00, 0xC3, 0x5B, 0x3E, 0x21, 0x00,
    0x00, 0x39, 0x34, 0xE1, 0xE5, 0x7D, 0xD6, 0x20, 0xD2, 0x82, 0x3E, 0x11,
    0x34, 0xC7, 0xE1, 0xE5, 0x26, 0x00, 0x19, 0x6E, 0x26, 0x00, 0xE5, 0x21,
    0x05, 0x00, 0x39, 0x6E, 0x26, 0x00, 0xE5, 0xCD, 0x02, 0x3D, 0xC1, 0xC1,
    0x7D, 0xD3, 0xBE, 0xC3, 0x56, 0x3E, 0x33, 0xC9, 0x3A, 0xE3, 0xC7, 0xA7,
    0xC8, 0x21, 0x04, 0x00, 0xE5, 0xCD, 0xFE, 0x40, 0xC1, 0x2A, 0xE3, 0xC7,
    0x2D, 0x26, 0x00, 0xE5, 0xCD, 0x38, 0x3E, 0xC1, 0xC3, 0x84, 0x3E, 0xC9,
    0x3A, 0xE3, 0xC7, 0xD6, 0x09, 0xD0, 0x21, 0x04, 0x00, 0xE5, 0xCD, 0xFE,
    0x40, 0xC1, 0x2A, 0xE3, 0xC7, 0x2C, 0x26, 0x00, 0xE5, 0xCD, 0x38, 0x3E,
    0xC1, 0xC3, 0xA0, 0x3E, 0xC9, 0x21, 0xDC, 0x62, 0xE5, 0xC5, 0xC5, 0x21,
    0x00, 0x00, 0xE5, 0xCD, 0x82, 0x32, 0xC1, 0x21, 0x03, 0x00, 0x39, 0x36,
    0x00, 0xC3, 0xD9, 0x3E, 0x21, 0x03, 0x00, 0x39, 0x34, 0x21, 0x03, 0x00,
    0x39, 0x7E, 0xD6, 0x80, 0xD2, 0x86, 0x3F, 0x21, 0x01, 0x00, 0x39, 0xE5,
    0x11, 0xDC, 0x66, 0x21, 0x05, 0x00, 0x39, 0x6E, 0x26, 0x00, 0x19, 0x7E,
    0xD1, 0x12, 0x21, 0x02, 0x00, 0x39, 0x36, 0x00, 0xC3, 0x04, 0x3F, 0x21,
    0x02, 0x00, 0x39, 0x34, 0x21, 0x02, 0x00, 0x39, 0x7E, 0xD6, 0x08, 0xD2,
    0xD4, 0x3E, 0x21, 0x00, 0x00, 0x39, 0xE5, 0x21, 0x06, 0x00, 0x39, 0x34,
    0x7E, 0x23, 0x20, 0x01, 0x34, 0x66, 0x6F, 0x2B, 0x7E, 0xD1, 0x12, 0xE1,
    0xE5, 0x6C, 0x26, 0x00, 0x7D, 0xE6, 0x01, 0xCA, 0x35, 0x3F, 0xE1, 0xE5,
    0x26, 0x00, 0xC3, 0x38, 0x3F, 0x21, 0x00, 0x00, 0x7D, 0xD3, 0xBE, 0xE1,
    0xE5, 0x6C, 0x26, 0x00, 0x7D, 0xE6, 0x02, 0xCA, 0x4D, 0x3F, 0xE1, 0xE5,
    0x26, 0x00, 0xC3, 0x50, 0x3F, 0x21, 0x00, 0x00, 0x7D, 0xD3, 0xBE, 0xE1,
    0xE5, 0x6C, 0x26, 0x00, 0x7D, 0xE6, 0x04, 0xCA, 0x65, 0x3F, 0xE1, 0xE5,
    0x26, 0x00, 0xC3, 0x68, 0x3F, 0x21, 0x00, 0x00, 0x7D, 0xD3, 0xBE, 0xE1,
    0xE5, 0x6C, 0x26, 0x00, 0x7D, 0xE6, 0x08, 0xCA, 0x7D, 0x3F, 0xE1, 0xE5,
    0x26, 0x00, 0xC3, 0x80, 0x3F, 0x21, 0x00, 0x00, 0x7D, 0xD3, 0xBE, 0xC3,
    0xFF, 0x3E, 0xC1, 0xC1, 0xC1, 0xC9, 0xC5, 0x21, 0x01, 0x00, 0xE5, 0x2E,
    0x80, 0xE5, 0xCD, 0x98, 0x32, 0xC1, 0xC1, 0x21, 0x07, 0x00, 0xE5, 0x2E,
    0x00, 0xE5, 0xCD, 0x98, 0x32, 0xC1, 0xC1, 0xCD, 0xBD, 0x3E, 0x21, 0x00,
    0x3F, 0xE5, 0xCD, 0x82, 0x32, 0xC1, 0x21, 0xD0, 0x00, 0x7D, 0xD3, 0xBE,
    0xAF, 0x32, 0x28, 0xC7, 0x32, 0x2E, 0xC7, 0xAF, 0x32, 0x2D, 0xC7, 0x21,
    0x01, 0x00, 0x39, 0x36, 0x00, 0xC3, 0xCD, 0x3F, 0x21, 0x01, 0x00, 0x39,
    0x34, 0xE1, 0xE5, 0x6C, 0x7D, 0xD6, 0x18, 0xD2, 0x1A, 0x40, 0x21, 0x00,
    0x00, 0xE5, 0x2E, 0x03, 0x39, 0x6E, 0x26, 0x00, 0xE5, 0xCD, 0xB1, 0x32,
    0xC1, 0xC1, 0x21, 0x00, 0x00, 0x39, 0x36, 0x00, 0xC3, 0xF4, 0x3F, 0x21,
    0x00, 0x00, 0x39, 0x34, 0xE1, 0xE5, 0x7D, 0xD6, 0x20, 0xD2, 0xC8, 0x3F,
    0xE1, 0xE5, 0x26, 0x00, 0xE5, 0x21, 0x03, 0x00, 0x39, 0x6E, 0x26, 0x00,
    0xE5, 0x21, 0x20, 0x00, 0xE5, 0x2E, 0x00, 0xE5, 0xCD, 0xF3, 0x32, 0xC1,
    0xC1, 0xC1, 0xC1, 0xC3, 0xEF, 0x3F, 0x21, 0x34, 0xC7, 0x36, 0x00, 0x21,
    0x3F, 0x0F, 0x22, 0x35, 0xC7, 0x21, 0x00, 0x3F, 0x22, 0x44, 0xC7, 0x21,
    0x0F, 0x3C, 0x22, 0x46, 0xC7, 0x21, 0x09, 0x00, 0xE5, 0xCD, 0x38, 0x3E,
    0xC1, 0x21, 0x01, 0x00, 0xE5, 0x2E, 0xC0, 0xE5, 0xCD, 0x98, 0x32, 0xC1,
    0xC1, 0xC1, 0xC9, 0xDB, 0xDC, 0x6F, 0x26, 0x00, 0xCD, 0x5A, 0x02, 0x11,
    0x3F, 0x00, 0xEB, 0xCD, 0x53, 0x02, 0x26, 0x00, 0x3B, 0x7D, 0xE1, 0x6F,
    0xE5, 0x26, 0x00, 0xE5, 0x2A, 0x55, 0xC7, 0x26, 0x00, 0xCD, 0x5A, 0x02,
    0xD1, 0xCD, 0x53, 0x02, 0x26, 0x00, 0x3B, 0x7D, 0xE1, 0x6F, 0xE5, 0x21,
    0x00, 0x00, 0x39, 0x7E, 0xA7, 0xCA, 0x96, 0x40, 0x2A, 0x58, 0xC7, 0x26,
    0x00, 0xEB, 0xE1, 0xE5, 0x26, 0x00, 0xCD, 0xED, 0x02, 0x7D, 0x32, 0x58,
    0xC7, 0x2A, 0x54, 0xC7, 0x26, 0x00, 0x7D, 0x32, 0x57, 0xC7, 0xE1, 0xE5,
    0x6C, 0x26, 0x00, 0x7D, 0x32, 0x55, 0xC7, 0xC1, 0xC9, 0xDB, 0xBF, 0x5F,
    0x16, 0x00, 0x21, 0x80, 0x00, 0xCD, 0x53, 0x02, 0x7C, 0xB5, 0xC8, 0x21,
    0x54, 0xC7, 0x7E, 0x34, 0x6F, 0x26, 0x00, 0xCD, 0xE7, 0x47, 0xCD, 0x65,
    0x3C, 0xCD, 0x47, 0x40, 0xC9, 0x21, 0x00, 0x00, 0x7D, 0x32, 0x54, 0xC7,
    0xDB, 0xDC, 0x6F, 0x26, 0x00, 0xCD, 0x5A, 0x02, 0x11, 0x3F, 0x00, 0xEB,
    0xCD, 0x53, 0x02, 0x7D, 0x32, 0x55, 0xC7, 0x3A, 0x27, 0xC0, 0x32, 0x56,
    0xC7, 0x21, 0x00, 0x00, 0x7D, 0x32, 0x58, 0xC7, 0xC9, 0xCD, 0xA1, 0x40,
    0x2A, 0x54, 0xC7, 0x26, 0x00, 0xC9, 0x21, 0x02, 0x00, 0x39, 0x6E, 0x26,
    0x00, 0x7D, 0x32, 0xE4, 0xC7, 0xC9, 0xCD, 0xE9, 0x40, 0x26, 0x00, 0x3B,
    0x7D, 0xE1, 0x6F, 0xE5, 0xCD, 0xE9, 0x40, 0xEB, 0xE1, 0xE5, 0x26, 0x00,
    0xEB, 0xA7, 0xED, 0x52, 0x26, 0x00, 0xEB, 0x21, 0x03, 0x00, 0x39, 0x6E,
    0x26, 0x00, 0xEB, 0xA7, 0xED, 0x52, 0xDA, 0x08, 0x41, 0x33, 0xC9, 0x21,
    0x02, 0x00, 0x39, 0x3E, 0x01, 0xA6, 0xCA, 0x35, 0x41, 0x21, 0x01, 0x00,
    0xC9, 0x21, 0x02, 0x00, 0x39, 0x3E, 0x02, 0xA6, 0xCA, 0x43, 0x41, 0x21,
    0x02, 0x00, 0xC9, 0x21, 0x02, 0x00, 0x39, 0x3E, 0x04, 0xA6, 0xCA, 0x51,
    0x41, 0x21, 0x03, 0x00, 0xC9, 0x21, 0x02, 0x00, 0x39, 0x3E, 0x08, 0xA6,
    0xCA, 0x5F, 0x41, 0x21, 0x04, 0x00, 0xC9, 0x21, 0x00, 0x00, 0xC9, 0xC5,
    0xCD, 0xA1, 0x40, 0x2A, 0x27, 0xC0, 0x26, 0x00, 0xEB, 0x2A, 0x56, 0xC7,
    0x26, 0x00, 0xCD, 0xEC, 0x01, 0xD2, 0x83, 0x41, 0x3A, 0x27, 0xC0, 0x32,
    0x56, 0xC7, 0x21, 0x1C, 0x00, 0xC1, 0xC9, 0xCD, 0x47, 0x40, 0x3A, 0x58,
    0xC7, 0xA7, 0xCA, 0xE1, 0x41, 0x3A, 0x58, 0xC7, 0xE6, 0x10, 0xCA, 0xA9,
    0x41, 0x2A, 0x58, 0xC7, 0x26, 0x00, 0x11, 0xEF, 0xFF, 0xCD, 0x53, 0x02,
    0x7D, 0x32, 0x58, 0xC7, 0x21, 0x05, 0x00, 0xC1, 0xC9, 0x3A, 0x58, 0xC7,
    0xE6, 0x20, 0xCA, 0xC5, 0x41, 0x2A, 0x58, 0xC7, 0x26, 0x00, 0x11, 0xDF,
    0xFF, 0xCD, 0x53, 0x02, 0x7D, 0x32, 0x58, 0xC7, 0x21, 0x1A, 0x00, 0xC1,
    0xC9, 0x21, 0x00, 0x00, 0x39, 0xE5, 0x2A, 0x58, 0xC7, 0x26, 0x00, 0xE5,
    0xCD, 0x27, 0x41, 0xC1, 0xD1, 0x7D, 0x12, 0xAF, 0x32, 0x58, 0xC7, 0xE1,
    0xE5, 0x26, 0x00, 0xC1, 0xC9, 0x21, 0x01, 0x00, 0x39, 0xEB, 0x3A, 0x55,
    0xC7, 0x12, 0x3A, 0xE4, 0xC7, 0xA7, 0xCA, 0x2A, 0x42, 0xE1, 0xE5, 0x6C,
    0x26, 0x00, 0x7D, 0xE6, 0x0F, 0xCA, 0x2A, 0x42, 0x2A, 0x54, 0xC7, 0x26,
    0x00, 0xEB, 0x2A, 0x57, 0xC7, 0x26, 0x00, 0xEB, 0xA7, 0xED, 0x52, 0x26,
    0x00, 0x7D, 0xD6, 0x18, 0x3F, 0xD2, 0x2A, 0x42, 0x3A, 0x54, 0xC7, 0xC6,
    0xED, 0x32, 0x57, 0xC7, 0xE1, 0xE5, 0x6C, 0x26, 0x00, 0xE5, 0xCD, 0x27,
    0x41, 0xC1, 0x26, 0x00, 0xC1, 0xC9, 0x21, 0x00, 0x00, 0xC1, 0xC9, 0xC1,
    0xD1, 0xD5, 0xC5, 0x21, 0xFF, 0x03, 0xA7, 0xED, 0x52, 0xD2, 0x43, 0x42,
    0x21, 0xFF, 0x03, 0xD1, 0xC1, 0xE5, 0xD5, 0x21, 0x04, 0x00, 0x39, 0x6E,
    0x26, 0x00, 0x29, 0x29, 0x29, 0x29, 0x29, 0xCB, 0xFD, 0xE5, 0xCD, 0x96,
    0x02, 0x7D, 0xE6, 0x0F, 0x6F, 0xD1, 0x62, 0x7D, 0xB3, 0x6F, 0x26, 0x00,
    0xD3, 0x7F, 0xC1, 0xE1, 0xE5, 0xC5, 0x11, 0x04, 0x00, 0xCD, 0xD4, 0x01,
    0x7D, 0xE6, 0x3F, 0x6F, 0x26, 0x00, 0xD3, 0x7F, 0xC9, 0x21, 0x04, 0x00,
    0x39, 0x6E, 0x26, 0x00, 0x29, 0x29, 0x29, 0x29, 0x29, 0x7D, 0xF6, 0x90,
    0x6F, 0xEB, 0x21, 0x02, 0x00, 0x39, 0x6E, 0x26, 0x00, 0xCD, 0xED, 0x02,
    0x26, 0x00, 0x7D, 0xD3, 0x7F, 0xC9, 0x3B, 0x21, 0x00, 0x00, 0x39, 0x36,
    0x00, 0xC3, 0xA5, 0x42, 0x21, 0x00, 0x00, 0x39, 0x34, 0xE1, 0xE5, 0x7D,
    0xD6, 0x04, 0xD2, 0xD6, 0x42, 0x21, 0x59, 0xC7, 0xE5, 0x21, 0x02, 0x00,
    0x39, 0x6E, 0x26, 0x00, 0x29, 0x44, 0x4D, 0x09, 0x09, 0x29, 0x09, 0xD1,
    0x19, 0xAF, 0x77, 0x23, 0x77, 0xE1, 0xE5, 0x26, 0x00, 0xE5, 0x21, 0x0F,
    0x00, 0xE5, 0xCD, 0x75, 0x42, 0xC1, 0xC1, 0xC3, 0xA0, 0x42, 0x21, 0x00,
    0x00, 0x7D, 0x32, 0x91, 0xC7, 0x33, 0xC9, 0x21, 0x97, 0x5D, 0xE5, 0x21,
    0x04, 0x00, 0x39, 0x6E, 0x26, 0x00, 0x44, 0x4D, 0x29, 0x29, 0x09, 0x29,
    0xD1, 0x19, 0xE5, 0x3B, 0x21, 0x00, 0x00, 0x39, 0x36, 0x00, 0xC3, 0x02,
    0x43, 0x21, 0x00, 0x00, 0x39, 0x34, 0xE1, 0xE5, 0x7D, 0xD6, 0x04, 0xD2,
    0x90, 0x43, 0x21, 0x59, 0xC7, 0xE5, 0x21, 0x02, 0x00, 0x39, 0x6E, 0x26,
    0x00, 0x29, 0x44, 0x4D, 0x09, 0x09, 0x29, 0x09, 0xD1, 0x19, 0xE5, 0x21,
    0x03, 0x00, 0xCD, 0xF7, 0x01, 0x21, 0x04, 0x00, 0x39, 0x6E, 0x26, 0x00,
    0x29, 0xD1, 0x19, 0xCD, 0x6D, 0x02, 0xCD, 0xE4, 0x02, 0xD2, 0x3C, 0x43,
    0xC1, 0xC3, 0xFD, 0x42, 0x21, 0x00, 0x00, 0xCD, 0xF7, 0x01, 0x21, 0x05,
    0x00, 0xCD, 0xF7, 0x01, 0x21, 0x06, 0x00, 0x39, 0x6E, 0x26, 0x00, 0x29,
    0xD1, 0x19, 0xCD, 0x6D, 0x02, 0xD1, 0xCD, 0xF7, 0x02, 0xE1, 0xE5, 0x23,
    0x23, 0xEB, 0x2A, 0x77, 0x5C, 0xCD, 0xF7, 0x02, 0xE1, 0xE5, 0x01, 0x08,
    0x00, 0x09, 0x36, 0x00, 0x01, 0x02, 0x00, 0x09, 0xE5, 0xCD, 0x9F, 0x02,
    0x01, 0x09, 0x00, 0x09, 0x7E, 0xD1, 0x12, 0xE1, 0xE5, 0x01, 0x0B, 0x00,
    0x09, 0x36, 0x00, 0x01, 0x02, 0x00, 0x09, 0x36, 0x00, 0x6E, 0x26, 0x00,
    0xC1, 0xC3, 0xFD, 0x42, 0xCD, 0x72, 0x02, 0xCD, 0x8D, 0x02, 0x7C, 0xB5,
    0xCA, 0x9F, 0x43, 0xAF, 0x32, 0x91, 0xC7, 0xCD, 0x72, 0x02, 0xCD, 0x6B,
    0x02, 0x7C, 0xB5, 0xCA, 0x04, 0x44, 0x3A, 0x91, 0xC7, 0xA7, 0xCA, 0xD5,
    0x43, 0xCD, 0x72, 0x02, 0x01, 0x08, 0x00, 0x09, 0x7E, 0xA7, 0xC2, 0xD5,
    0x43, 0xCD, 0x72, 0x02, 0xCD, 0x8D, 0x02, 0xCD, 0xE4, 0x02, 0xD2, 0xD5,
    0x43, 0x21, 0x02, 0x00, 0xE5, 0x2E, 0x0F, 0xE5, 0xCD, 0x75, 0x42, 0xC1,
    0xC1, 0x21, 0x74, 0xC7, 0xE5, 0xCD, 0x84, 0x02, 0x01, 0x08, 0x00, 0x09,
    0x7E, 0xD1, 0x12, 0xCD, 0x72, 0x02, 0x01, 0x08, 0x00, 0x09, 0x6E, 0x26,
    0x00, 0x7D, 0xA7, 0x21, 0x00, 0x00, 0x28, 0x01, 0x23, 0x7D, 0x21, 0x91,
    0xC7, 0x77, 0xA7, 0xCA, 0x04, 0x44, 0x21, 0x00, 0x00, 0x22, 0x75, 0xC7,
    0x33, 0xC1, 0xC9, 0x2A, 0x59, 0xC7, 0x7C, 0xB5, 0xC2, 0x29, 0x44, 0x2A,
    0x67, 0xC7, 0x7C, 0xB5, 0xC2, 0x29, 0x44, 0x2A, 0x75, 0xC7, 0x7C, 0xB5,
    0xC2, 0x29, 0x44, 0x2A, 0x83, 0xC7, 0x7C, 0xB5, 0xC2, 0x29, 0x44, 0x18,
    0x03, 0x21, 0x01, 0x00, 0x26, 0x00, 0xC9, 0xCD, 0xE9, 0x40, 0x26, 0x00,
    0x3B, 0x7D, 0xE1, 0x6F, 0xE5, 0xCD, 0x07, 0x44, 0x7C, 0xB5, 0xCA, 0x56,
    0x44, 0xCD, 0xE9, 0x40, 0xEB, 0xE1, 0xE5, 0x26, 0x00, 0xEB, 0xA7, 0xED,
    0x52, 0x7D, 0xD6, 0x14, 0xD2, 0x56, 0x44, 0xC3, 0x39, 0x44, 0xCD, 0x96,
    0x42, 0x33, 0xC9, 0x21, 0x59, 0xC7, 0xE5, 0x21, 0x04, 0x00, 0x39, 0x6E,
    0x26, 0x00, 0x29, 0x44, 0x4D, 0x09, 0x09, 0x29, 0x09, 0xD1, 0x19, 0xE5,
    0x3B, 0x21, 0x00, 0x00, 0x39, 0xE5, 0xCD, 0x84, 0x02, 0x34, 0x7E, 0x23,
    0x20, 0x01, 0x34, 0x66, 0x6F, 0x2B, 0x7E, 0xD1, 0x12, 0x21, 0x00, 0x00,
    0x39, 0x7E, 0xFE, 0xFF, 0xC2, 0xA1, 0x44, 0x21, 0x01, 0x00, 0x39, 0x7E,
    0x23, 0x66, 0x6F, 0xAF, 0x77, 0x23, 0x77, 0x21, 0x00, 0x00, 0x33, 0xC1,
    0xC9, 0xE1, 0xE5, 0x7D, 0xD6, 0x60, 0xD2, 0xFF, 0x44, 0xCD, 0x72, 0x02,
    0x01, 0x06, 0x00, 0x09, 0xE5, 0x21, 0x07, 0x00, 0x39, 0x7E, 0xFE, 0x03,
    0xC2, 0xC5, 0x44, 0x21, 0x02, 0x00, 0x39, 0x6E, 0x26, 0x00, 0xC3, 0xEF,
    0x44, 0x21, 0xD2, 0x5B, 0xE5, 0x21, 0x04, 0x00, 0x39, 0x5E, 0x16, 0x00,
    0x21, 0x0C, 0x00, 0xCD, 0x58, 0x55, 0xEB, 0x29, 0xD1, 0x19, 0x5E, 0x23,
    0x56, 0xD5, 0x21, 0x04, 0x00, 0x39, 0x5E, 0x16, 0x00, 0x21, 0x0C, 0x00,
    0xCD, 0x58, 0x55, 0xD1, 0xCD, 0xD3, 0x01, 0xD1, 0xCD, 0xF7, 0x02, 0xCD,
    0x72, 0x02, 0x01, 0x09, 0x00, 0x09, 0x36, 0x00, 0xC3, 0xB4, 0x45, 0x21,
    0x00, 0x00, 0x39, 0x7E, 0xFE, 0x60, 0xC2, 0x15, 0x45, 0xCD, 0x72, 0x02,
    0x01, 0x09, 0x00, 0x09, 0x36, 0x01, 0xC3, 0xB4, 0x45, 0xE1, 0xE5, 0x7D,
    0xD6, 0x68, 0xD2, 0x53, 0x45, 0xCD, 0x72, 0x02, 0x01, 0x06, 0x00, 0x09,
    0xE5, 0x21, 0x02, 0x00, 0x39, 0x7E, 0xE6, 0x03, 0x6F, 0x65, 0x2E, 0x00,
    0xE5, 0xCD, 0x9F, 0x02, 0x34, 0x7E, 0x23, 0x20, 0x01, 0x34, 0x66, 0x6F,
    0x2B, 0x6E, 0xD1, 0x62, 0x7D, 0xB3, 0x6F, 0xD1, 0xCD, 0xF7, 0x02, 0xCD,
    0x72, 0x02, 0x01, 0x09, 0x00, 0x09, 0x36, 0x00, 0xC3, 0xB4, 0x45, 0xE1,
    0xE5, 0x7D, 0xD6, 0x80, 0xD2, 0x7C, 0x45, 0xCD, 0x72, 0x02, 0x23, 0x23,
    0xE5, 0x21, 0x77, 0x5C, 0xE5, 0x21, 0x04, 0x00, 0x39, 0x7E, 0xE6, 0x0F,
    0x6F, 0x26, 0x00, 0x29, 0xD1, 0x19, 0xCD, 0x6D, 0x02, 0xD1, 0xCD, 0xF7,
    0x02, 0xC3, 0x71, 0x44, 0xE1, 0xE5, 0x7D, 0xD6, 0x90, 0xD2, 0x9C, 0x45,
    0xCD, 0x72, 0x02, 0x01, 0x0A, 0x00, 0x09, 0xE5, 0x21, 0x02, 0x00, 0x39,
    0x7E, 0xE6, 0x0F, 0x6F, 0x26, 0x00, 0xD1, 0x7D, 0x12, 0xC3, 0x71, 0x44,
    0xCD, 0x72, 0x02, 0x01, 0x0B, 0x00, 0x09, 0xE5, 0x21, 0x02, 0x00, 0x39,
    0x7E, 0xE6, 0x01, 0x6F, 0x26, 0x00, 0xD1, 0x7D, 0x12, 0xC3, 0x71, 0x44,
    0xCD, 0x72, 0x02, 0x01, 0x08, 0x00, 0x09, 0xE5, 0xCD, 0x84, 0x02, 0x34,
    0x7E, 0x23, 0x20, 0x01, 0x34, 0x66, 0x6F, 0x2B, 0x7E, 0xD1, 0x12, 0xCD,
    0x72, 0x02, 0x01, 0x04, 0x00, 0x09, 0xE5, 0xCD, 0x84, 0x02, 0xCD, 0x6B,
    0x02, 0xD1, 0xCD, 0xF7, 0x02, 0xCD, 0x72, 0x02, 0x01, 0x0C, 0x00, 0x09,
    0x36, 0x00, 0x21, 0x05, 0x00, 0x39, 0x7E, 0xFE, 0x03, 0xC2, 0x0A, 0x46,
    0xCD, 0x72, 0x02, 0x01, 0x09, 0x00, 0x09, 0x7E, 0xA7, 0xC2, 0x0A, 0x46,
    0xCD, 0x72, 0x02, 0xCD, 0xA8, 0x02, 0x7D, 0xF6, 0xE0, 0x6F, 0x26, 0x00,
    0xD3, 0x7F, 0x21, 0x01, 0x00, 0x33, 0xC1, 0xC9, 0x21, 0x59, 0xC7, 0xE5,
    0x21, 0x04, 0x00, 0x39, 0x6E, 0x26, 0x00, 0x29, 0x44, 0x4D, 0x09, 0x09,
    0x29, 0x09, 0xD1, 0x19, 0xE5, 0xC5, 0x3B, 0xCD, 0x84, 0x02, 0xCD, 0x6D,
    0x02, 0xCD, 0xE4, 0x02, 0xD2, 0x37, 0x46, 0x33, 0xC1, 0xC1, 0xC9, 0xCD,
    0x84, 0x02, 0x01, 0x08, 0x00, 0x09, 0x7E, 0xA7, 0xC2, 0x8E, 0x46, 0x21,
    0x07, 0x00, 0x39, 0x6E, 0x26, 0x00, 0xE5, 0xCD, 0x5B, 0x44, 0xC1, 0xCD,
    0xE4, 0x02, 0xD2, 0x8E, 0x46, 0x21, 0x07, 0x00, 0x39, 0x6E, 0x26, 0x00,
    0xE5, 0x21, 0x0F, 0x00, 0xE5, 0xCD, 0x75, 0x42, 0xC1, 0xC1, 0x21, 0x07,
    0x00, 0x39, 0x7E, 0xFE, 0x01, 0xC2, 0x8A, 0x46, 0x3A, 0x91, 0xC7, 0xA7,
    0xCA, 0x8A, 0x46, 0x21, 0x02, 0x00, 0xE5, 0x2E, 0x0F, 0xE5, 0xCD, 0x75,
    0x42, 0xC1, 0xC1, 0x21, 0x00, 0x00, 0x7D, 0x32, 0x91, 0xC7, 0x33, 0xC1,
    0xC1, 0xC9, 0xCD, 0x84, 0x02, 0x01, 0x09, 0x00, 0x09, 0x7E, 0xA7, 0xCA,
    0xA3, 0x46, 0x21, 0x02, 0x00, 0x39, 0x36, 0x0F, 0xC3, 0x79, 0x47, 0x21,
    0x02, 0x00, 0x39, 0xE5, 0xCD, 0x9F, 0x02, 0xCD, 0x8D, 0x02, 0x6E, 0x26,
    0x00, 0xE5, 0xCD, 0xBA, 0x02, 0x01, 0x0A, 0x00, 0x09, 0x6E, 0x26, 0x00,
    0xD1, 0x19, 0xD1, 0x7D, 0x12, 0x21, 0x02, 0x00, 0x39, 0x3E, 0x0F, 0x96,
    0xD2, 0xD1, 0x46, 0x21, 0x02, 0x00, 0x39, 0x36, 0x0F, 0xCD, 0x84, 0x02,
    0xCD, 0x8D, 0x02, 0x23, 0x7E, 0xFE, 0xFE, 0xCA, 0xEB, 0x46, 0xCD, 0x84,
    0x02, 0x01, 0x04, 0x00, 0x09, 0x34, 0x7E, 0x23, 0x20, 0x01, 0x34, 0x21,
    0x07, 0x00, 0x39, 0x7E, 0xD6, 0x03, 0xD2, 0x79, 0x47, 0xCD, 0x84, 0x02,
    0xCD, 0xA8, 0x02, 0xC1, 0xE5, 0xCD, 0x84, 0x02, 0x01, 0x0B, 0x00, 0x09,
    0x7E, 0xA7, 0xCA, 0x3E, 0x47, 0xCD, 0x84, 0x02, 0x01, 0x0C, 0x00, 0x09,
    0x6E, 0x26, 0x00, 0x7D, 0xD6, 0x0A, 0x3F, 0xD2, 0x3E, 0x47, 0xE1, 0xE5,
    0xE5, 0x21, 0xEA, 0x5B, 0xE5, 0xCD, 0xBA, 0x02, 0x01, 0x0C, 0x00, 0x09,
    0x6E, 0x26, 0x00, 0x01, 0xF6, 0xFF, 0x09, 0x7D, 0xE6, 0x07, 0x6F, 0x26,
    0x00, 0xD1, 0x19, 0x6E, 0x26, 0x00, 0xD1, 0x19, 0xC1, 0xE5, 0x21, 0x07,
    0x00, 0x39, 0x6E, 0x26, 0x00, 0xD1, 0xD5, 0xE5, 0xEB, 0xE5, 0xCD, 0x2F,
    0x42, 0xC1, 0xC1, 0x21, 0x07, 0x00, 0x39, 0x7E, 0xFE, 0x01, 0xC2, 0x79,
    0x47, 0x3A, 0x91, 0xC7, 0xA7, 0xCA, 0x79, 0x47, 0x21, 0x02, 0x00, 0xE5,
    0xCD, 0xF7, 0x01, 0xCD, 0xBA, 0x02, 0x01, 0x0D, 0x00, 0x09, 0x6E, 0x26,
    0x00, 0xD1, 0x19, 0xE5, 0xCD, 0x2F, 0x42, 0xC1, 0xC1, 0x21, 0x07, 0x00,
    0x39, 0x6E, 0x26, 0x00, 0xE5, 0x21, 0x04, 0x00, 0x39, 0x6E, 0x26, 0x00,
    0xE5, 0xCD, 0x75, 0x42, 0xC1, 0xC1, 0x21, 0x07, 0x00, 0x39, 0x7E, 0xFE,
    0x01, 0xC2, 0xC2, 0x47, 0x3A, 0x91, 0xC7, 0xA7, 0xCA, 0xC2, 0x47, 0x21,
    0x02, 0x00, 0xE5, 0x2E, 0x04, 0x39, 0x7E, 0xD6, 0x0F, 0xD2, 0xB7, 0x47,
    0x21, 0x04, 0x00, 0x39, 0x6E, 0x26, 0x00, 0x23, 0xC3, 0xBA, 0x47, 0x21,
    0x0F, 0x00, 0x26, 0x00, 0xE5, 0xCD, 0x75, 0x42, 0xC1, 0xC1, 0xCD, 0x84,
    0x02, 0x01, 0x0C, 0x00, 0x09, 0x7E, 0xFE, 0xFF, 0xCA, 0xD7, 0x47, 0xCD,
    0x84, 0x02, 0x01, 0x0C, 0x00, 0x09, 0x34, 0xCD, 0x84, 0x02, 0x01, 0x08,
    0x00, 0x09, 0x35, 0x6E, 0x26, 0x00, 0x2C, 0x33, 0xC1, 0xC1, 0xC9, 0x21,
    0x00, 0x00, 0xE5, 0xCD, 0x10, 0x46, 0x21, 0x01, 0x00, 0xE3, 0xCD, 0x10,
    0x46, 0x21, 0x02, 0x00, 0xE3, 0xCD, 0x10, 0x46, 0x21, 0x03, 0x00, 0xE3,
    0xCD, 0x10, 0x46, 0xC1, 0xC9, 0x21, 0xE7, 0x5D, 0xE5, 0x21, 0x04, 0x00,
    0x39, 0x6E, 0x26, 0x00, 0x11, 0x0D, 0x00, 0xCD, 0xE0, 0x55, 0xEB, 0x21,
    0x06, 0x00, 0x39, 0x6E, 0x26, 0x00, 0x19, 0xD1, 0x19, 0xCD, 0x64, 0x02,
    0x3B, 0x7D, 0xE1, 0x6F, 0xE5, 0x3A, 0xD4, 0xC7, 0xA7, 0xCA, 0x68, 0x48,
    0x21, 0x00, 0x00, 0x39, 0xCD, 0x64, 0x02, 0x7D, 0xEE, 0x80, 0xD6, 0xC0,
    0x3F, 0xD2, 0x68, 0x48, 0x21, 0x00, 0x00, 0x39, 0xCD, 0x64, 0x02, 0x11,
    0x5E, 0x00, 0xEB, 0xCD, 0xCC, 0x02, 0xD2, 0x68, 0x48, 0x21, 0x00, 0x00,
    0x39, 0xE5, 0xCD, 0x64, 0x02, 0x01, 0x20, 0x00, 0x09, 0x7D, 0xCD, 0x65,
    0x02, 0x7D, 0xCD, 0x65, 0x02, 0xD1, 0x7D, 0x12, 0x21, 0x00, 0x00, 0x39,
    0xCD, 0x64, 0x02, 0x33, 0xC9, 0xC5, 0x21, 0x00, 0x00, 0x39, 0x36, 0x00,
    0xC3, 0x80, 0x48, 0x21, 0x00, 0x00, 0x39, 0x34, 0xE1, 0xE5, 0x7D, 0xD6,
    0x05, 0xD2, 0xFE, 0x48, 0x21, 0x01, 0x00, 0x39, 0x36, 0x00, 0xC3, 0x96,
    0x48, 0x21, 0x01, 0x00, 0x39, 0x34, 0xE1, 0xE5, 0x6C, 0x7D, 0xD6, 0x0D,
    0xD2, 0x7B, 0x48, 0xE1, 0xE5, 0x6C, 0x26, 0x00, 0xE5, 0x21, 0x02, 0x00,
    0x39, 0x6E, 0x26, 0x00, 0xE5, 0xCD, 0x05, 0x48, 0xC1, 0xC1, 0x7D, 0xCD,
    0x65, 0x02, 0x3B, 0x7D, 0xE1, 0x6F, 0xE5, 0x21, 0x02, 0x00, 0x39, 0x6E,
    0x26, 0x00, 0x29, 0x01, 0x04, 0x00, 0x09, 0x26, 0x00, 0xE5, 0x21, 0x03,
    0x00, 0x39, 0x6E, 0x26, 0x00, 0x29, 0x01, 0x06, 0x00, 0x09, 0x26, 0x00,
    0xE5, 0x21, 0x04, 0x00, 0x39, 0x7E, 0xA7, 0xCA, 0xEC, 0x48, 0x21, 0x04,
    0x00, 0x39, 0xCD, 0x64, 0x02, 0xC3, 0xEF, 0x48, 0x21, 0x20, 0x00, 0x7D,
    0xCD, 0x65, 0x02, 0xE5, 0xCD, 0xF9, 0x33, 0xC1, 0xC1, 0xC1, 0x33, 0xC3,
    0x91, 0x48, 0xC1, 0xC9, 0x3B, 0x21, 0x00, 0x00, 0x39, 0x36, 0x00, 0xC3,
    0x0F, 0x49, 0x21, 0x00, 0x00, 0x39, 0x34, 0xE1, 0xE5, 0x7D, 0xD6, 0x05,
    0xD2, 0x42, 0x49, 0x11, 0x33, 0x5E, 0xE1, 0xE5, 0x26, 0x00, 0x19, 0x6E,
    0x26, 0x00, 0xE5, 0x21, 0x10, 0x00, 0xE5, 0x21, 0x29, 0x5E, 0xE5, 0x21,
    0x06, 0x00, 0x39, 0x6E, 0x26, 0x00, 0x29, 0xD1, 0x19, 0xCD, 0x6D, 0x02,
    0xE5, 0xCD, 0x7C, 0x33, 0xC1, 0xC1, 0xC1, 0xC3, 0x0A, 0x49, 0x33, 0xC9,
    0x3B, 0xE1, 0x2E, 0x01, 0xE5, 0xC5, 0x3B, 0x3A, 0xD6, 0xC7, 0xFE, 0x05,
    0xC2, 0x83, 0x49, 0x21, 0x02, 0x00, 0x39, 0xE5, 0x11, 0x33, 0x5E, 0x2A,
    0xD5, 0xC7, 0x26, 0x00, 0x19, 0x7E, 0xD1, 0x12, 0x21, 0x01, 0x00, 0x39,
    0x36, 0x10, 0x23, 0x23, 0xE5, 0x11, 0x29, 0x5E, 0x2A, 0xD5, 0xC7, 0x26,
    0x00, 0x29, 0x19, 0xCD, 0x6D, 0x02, 0xCD, 0xA1, 0x56, 0xD1, 0x7D, 0x12,
    0xC3, 0xA7, 0x49, 0x21, 0x02, 0x00, 0x39, 0xE5, 0x2A, 0xD5, 0xC7, 0x26,
    0x00, 0x29, 0x01, 0x04, 0x00, 0x09, 0xD1, 0x7D, 0x12, 0x21, 0x01, 0x00,
    0x39, 0xE5, 0x2A, 0xD6, 0xC7, 0x26, 0x00, 0x29, 0x01, 0x06, 0x00, 0x09,
    0xD1, 0x7D, 0x12, 0x21, 0x00, 0x00, 0x39, 0x36, 0x00, 0xC3, 0xB5, 0x49,
    0x21, 0x00, 0x00, 0x39, 0x34, 0xE1, 0xE5, 0x7D, 0xD6, 0x04, 0xD2, 0x17,
    0x4A, 0xE1, 0xE5, 0x26, 0x00, 0xEB, 0x21, 0x03, 0x00, 0x39, 0x6E, 0x26,
    0x00, 0xEB, 0xA7, 0xED, 0x52, 0xD2, 0xFD, 0x49, 0xE1, 0xE5, 0x26, 0x00,
    0xE5, 0x21, 0x04, 0x00, 0x39, 0x5E, 0x16, 0x00, 0x21, 0x02, 0x00, 0x39,
    0x6E, 0x26, 0x00, 0x19, 0x26, 0x00, 0xE5, 0x21, 0x05, 0x00, 0x39, 0x6E,
    0x26, 0x00, 0xE5, 0x21, 0x06, 0x00, 0xE5, 0xCD, 0x9A, 0x3C, 0xC1, 0xC1,
    0xC1, 0xC1, 0xC3, 0xB0, 0x49, 0xE1, 0xE5, 0x26, 0x00, 0xE5, 0x21, 0x00,
    0x00, 0xE5, 0x2E, 0x18, 0xE5, 0x21, 0x06, 0x00, 0xE5, 0xCD, 0x9A, 0x3C,
    0xC1, 0xC1, 0xC1, 0xC1, 0xC3, 0xB0, 0x49, 0xC1, 0xC1, 0xC9, 0x3B, 0xE1,
    0x2E, 0x00, 0xE5, 0x3B, 0x2A, 0xD2, 0xC7, 0x3E, 0x1D, 0x95, 0xD2, 0x3A,
    0x4A, 0x21, 0x01, 0x00, 0x39, 0xE5, 0x2A, 0xD2, 0xC7, 0x26, 0x00, 0x01,
    0xE3, 0xFF, 0x09, 0xD1, 0x7D, 0x12, 0x21, 0x02, 0x00, 0xE5, 0xCD, 0x8A,
    0x35, 0xC1, 0x21, 0x00, 0x00, 0x39, 0x36, 0x00, 0xC3, 0x50, 0x4A, 0x21,
    0x00, 0x00, 0x39, 0x34, 0xE1, 0xE5, 0x5C, 0x16, 0x00, 0xE1, 0xE5, 0x26,
    0x00, 0x19, 0xEB, 0x2A, 0xD2, 0xC7, 0x26, 0x00, 0xEB, 0xA7, 0xED, 0x52,
    0xD2, 0x93, 0x4A, 0xE1, 0xE5, 0x2C, 0x26, 0x00, 0xE5, 0x21, 0x02, 0x00,
    0xE5, 0x21, 0x92, 0xC7, 0xE5, 0x21, 0x07, 0x00, 0x39, 0x5E, 0x16, 0x00,
    0x21, 0x06, 0x00, 0x39, 0x6E, 0x26, 0x00, 0x19, 0xD1, 0x19, 0xCD, 0x64,
    0x02, 0xE5, 0xCD, 0xF9, 0x33, 0xC1, 0xC1, 0xC1, 0xC3, 0x4B, 0x4A, 0x21,
    0x04, 0x00, 0xE5, 0x2A, 0xD2, 0xC7, 0x26, 0x00, 0x23, 0xEB, 0x21, 0x03,
    0x00, 0x39, 0x6E, 0x26, 0x00, 0xEB, 0xA7, 0xED, 0x52, 0x26, 0x00, 0xE5,
    0x21, 0x02, 0x00, 0xE5, 0x2E, 0x07, 0xE5, 0xCD, 0x9A, 0x3C, 0xC1, 0xC1,
    0xC1, 0xC1, 0xC1, 0xC9, 0x21, 0x04, 0x00, 0x39, 0x7E, 0x32, 0xD5, 0xC7,
    0x21, 0x02, 0x00, 0x39, 0x6E, 0x26, 0x00, 0x7D, 0x32, 0xD6, 0xC7, 0xCD,
    0x44, 0x49, 0x21, 0x00, 0x00, 0xE5, 0xCD, 0xDF, 0x42, 0xC1, 0xC9, 0x2A,
    0xD2, 0xC7, 0x26, 0x00, 0xEB, 0x2A, 0xD3, 0xC7, 0x26, 0x00, 0xCD, 0x09,
    0x03, 0xD2, 0xED, 0x4A, 0xC9, 0x21, 0x92, 0xC7, 0xE5, 0x21, 0xD2, 0xC7,
    0x7E, 0x34, 0x6F, 0x26, 0x00, 0xD1, 0x19, 0xE5, 0x21, 0x04, 0x00, 0x39,
    0xD1, 0x7E, 0x12, 0x11, 0x92, 0xC7, 0x2A, 0xD2, 0xC7, 0x26, 0x00, 0x19,
    0x36, 0x00, 0x6E, 0x26, 0x00, 0xCD, 0x1A, 0x4A, 0x21, 0x03, 0x00, 0xE5,
    0xCD, 0xDF, 0x42, 0xC1, 0xC9, 0x2A, 0xD2, 0xC7, 0x26, 0x00, 0x7D, 0xA7,
    0xC2, 0x28, 0x4B, 0xC9, 0x21, 0x92, 0xC7, 0xE5, 0x2A, 0xD2, 0xC7, 0x26,
    0x00, 0x2B, 0x7D, 0x32, 0xD2, 0xC7, 0xD1, 0x19, 0x36, 0x00, 0x6E, 0x26,
    0x00, 0xCD, 0x1A, 0x4A, 0x21, 0x02, 0x00, 0xE5, 0xCD, 0xDF, 0x42, 0xC1,
    0xC9, 0x2A, 0xD5, 0xC7, 0x26, 0x00, 0x44, 0x4D, 0x29, 0x29, 0x09, 0x11,
    0x0D, 0x00, 0xEB, 0xCD, 0x58, 0x55, 0x26, 0x00, 0x3B, 0x7D, 0xE1, 0x6F,
    0xE5, 0x26, 0x00, 0xE5, 0x21, 0x05, 0x00, 0xE5, 0xCD, 0xBC, 0x4A, 0xC1,
    0xC1, 0x33, 0xC9, 0x21, 0x00, 0x00, 0xE5, 0xCD, 0xEB, 0x3C, 0xC1, 0x21,
    0x02, 0x00, 0x39, 0x7E, 0xA7, 0xCA, 0x86, 0x4B, 0x21, 0x01, 0x00, 0xC3,
    0x89, 0x4B, 0x21, 0x02, 0x00, 0x26, 0x00, 0xE5, 0xCD, 0xDF, 0x42, 0xC1,
    0x21, 0x02, 0x00, 0x39, 0x6E, 0x26, 0x00, 0xC9, 0x21, 0x02, 0x00, 0x39,
    0x3E, 0x3F, 0x96, 0xD2, 0xA8, 0x4B, 0x21, 0x02, 0x00, 0x39, 0x36, 0x3F,
    0x21, 0x02, 0x00, 0x39, 0x7E, 0x32, 0xD3, 0xC7, 0x11, 0x92, 0xC7, 0x21,
    0x02, 0x00, 0x39, 0x6E, 0x26, 0x00, 0x19, 0x54, 0x5D, 0xAF, 0x12, 0x21,
    0x92, 0xC7, 0xCD, 0xA1, 0x56, 0x7D, 0x32, 0xD2, 0xC7, 0xAF, 0x32, 0xD4,
    0xC7, 0x32, 0xD5, 0xC7, 0x21, 0x00, 0x00, 0x7D, 0x32, 0xD6, 0xC7, 0xCD,
    0x93, 0x38, 0xCD, 0xAF, 0x39, 0xCD, 0xB1, 0x02, 0xE5, 0xCD, 0xDD, 0x38,
    0x21, 0x14, 0x00, 0xE3, 0xCD, 0x8A, 0x35, 0xC1, 0x21, 0x16, 0x00, 0xE5,
    0x21, 0x4D, 0x5E, 0xE5, 0xCD, 0xD7, 0x39, 0xC1, 0xC1, 0xCD, 0x71, 0x48,
    0xCD, 0x00, 0x49, 0x21, 0x05, 0x00, 0xE5, 0xCD, 0xEB, 0x3C, 0xC1, 0xCD,
    0x1A, 0x4A, 0xCD, 0x44, 0x49, 0x21, 0x14, 0x00, 0xE5, 0x2E, 0x06, 0x39,
    0xCD, 0x6D, 0x02, 0xE5, 0xCD, 0xF9, 0x39, 0xC1, 0xC1, 0xCD, 0x63, 0x41,
    0x26, 0x00, 0x3B, 0x7D, 0xE1, 0x6F, 0xE5, 0x26, 0x00, 0x7D, 0xFE, 0x01,
    0xCA, 0x50, 0x4C, 0xFE, 0x02, 0xCA, 0xC5, 0x4C, 0xFE, 0x03, 0xCA, 0x0E,
    0x4D, 0xFE, 0x04, 0xCA, 0x2D, 0x4D, 0xFE, 0x05, 0xCA, 0x95, 0x4D, 0xFE,
    0x1A, 0xCA, 0x14, 0x4E, 0xFE, 0x1C, 0xCA, 0x1A, 0x4E, 0xC3, 0x26, 0x4E,
    0x3A, 0xD6, 0xC7, 0xFE, 0x05, 0xC2, 0xA6, 0x4C, 0x2A, 0xD5, 0xC7, 0x26,
    0x00, 0x11, 0x0D, 0x00, 0xCD, 0xE0, 0x55, 0x11, 0x05, 0x00, 0xEB, 0xCD,
    0x58, 0x55, 0x23, 0x26, 0x00, 0x3B, 0x7D, 0xE1, 0x6F, 0xE5, 0x21, 0xE7,
    0x5D, 0xE5, 0x21, 0x02, 0x00, 0x39, 0x6E, 0x26, 0x00, 0x01, 0x34, 0x00,
    0x09, 0xD1, 0x19, 0xCD, 0x64, 0x02, 0xCD, 0xE4, 0x02, 0xD2, 0x94, 0x4C,
    0x21, 0x00, 0x00, 0x39, 0x35, 0xC3, 0x72, 0x4C, 0xE1, 0xE5, 0x26, 0x00,
    0xE5, 0x21, 0x04, 0x00, 0xE5, 0xCD, 0xBC, 0x4A, 0xC1, 0xC1, 0x33, 0xC3,
    0x26, 0x4E, 0x2A, 0xD6, 0xC7, 0x26, 0x00, 0xAF, 0x95, 0xD2, 0x26, 0x4E,
    0x2A, 0xD5, 0xC7, 0x26, 0x00, 0xE5, 0x2A, 0xD6, 0xC7, 0x2D, 0x26, 0x00,
    0xE5, 0xCD, 0xBC, 0x4A, 0xC1, 0xC1, 0xC3, 0x26, 0x4E, 0x3A, 0xD6, 0xC7,
    0xD6, 0x04, 0xD2, 0x00, 0x4D, 0x21, 0xE7, 0x5D, 0xE5, 0x2A, 0xD6, 0xC7,
    0x26, 0x00, 0x23, 0x11, 0x0D, 0x00, 0xCD, 0xE0, 0x55, 0xEB, 0x2A, 0xD5,
    0xC7, 0x26, 0x00, 0x19, 0xD1, 0x19, 0x7E, 0xA7, 0xCA, 0x00, 0x4D, 0x2A,
    0xD5, 0xC7, 0x26, 0x00, 0xE5, 0x2A, 0xD6, 0xC7, 0x2C, 0x26, 0x00, 0xE5,
    0xCD, 0xBC, 0x4A, 0xC1, 0xC1, 0xC3, 0x26, 0x4E, 0x2A, 0xD6, 0xC7, 0x26,
    0x00, 0x7D, 0xD6, 0x05, 0xDC, 0x49, 0x4B, 0xC3, 0x26, 0x4E, 0x2A, 0xD5,
    0xC7, 0x26, 0x00, 0xAF, 0x95, 0xD2, 0x26, 0x4E, 0x2A, 0xD5, 0xC7, 0x2D,
    0x26, 0x00, 0xE5, 0x2A, 0xD6, 0xC7, 0x26, 0x00, 0xE5, 0xCD, 0xBC, 0x4A,
    0xC1, 0xC1, 0xC3, 0x26, 0x4E, 0x3A, 0xD6, 0xC7, 0xFE, 0x05, 0xC2, 0x56,
    0x4D, 0x2A, 0xD5, 0xC7, 0x26, 0x00, 0x23, 0x7D, 0xD6, 0x05, 0xD2, 0x26,
    0x4E, 0x2A, 0xD5, 0xC7, 0x2C, 0x26, 0x00, 0xE5, 0x2A, 0xD6, 0xC7, 0x26,
    0x00, 0xE5, 0xCD, 0xBC, 0x4A, 0xC1, 0xC1, 0xC3, 0x26, 0x4E, 0x2A, 0xD5,
    0xC7, 0x26, 0x00, 0x23, 0x7D, 0xD6, 0x0D, 0xD2, 0x26, 0x4E, 0x21, 0xE7,
    0x5D, 0xE5, 0x2A, 0xD6, 0xC7, 0x26, 0x00, 0x11, 0x0D, 0x00, 0xCD, 0xE0,
    0x55, 0xEB, 0x2A, 0xD5, 0xC7, 0x26, 0x00, 0x19, 0x23, 0xD1, 0x19, 0x7E,
    0xA7, 0xCA, 0x26, 0x4E, 0x2A, 0xD5, 0xC7, 0x2C, 0x26, 0x00, 0xE5, 0x2A,
    0xD6, 0xC7, 0x26, 0x00, 0xE5, 0xCD, 0xBC, 0x4A, 0xC1, 0xC1, 0xC3, 0x26,
    0x4E, 0x3A, 0xD6, 0xC7, 0xD6, 0x05, 0xD2, 0xB6, 0x4D, 0x2A, 0xD5, 0xC7,
    0x26, 0x00, 0xE5, 0x2A, 0xD6, 0xC7, 0x26, 0x00, 0xE5, 0xCD, 0x05, 0x48,
    0xC1, 0xC1, 0xE5, 0xCD, 0xDB, 0x4A, 0xC1, 0xC3, 0x26, 0x4E, 0x2A, 0xD5,
    0xC7, 0x26, 0x00, 0x7D, 0xA7, 0xCA, 0xD2, 0x4D, 0xFE, 0x01, 0xCA, 0xEB,
    0x4D, 0xFE, 0x02, 0xCA, 0xF6, 0x4D, 0xFE, 0x03, 0xCA, 0xFC, 0x4D, 0xC3,
    0x08, 0x4E, 0x3A, 0xD4, 0xC7, 0xEE, 0x01, 0x6F, 0x26, 0x00, 0x32, 0xD4,
    0xC7, 0xCD, 0x71, 0x48, 0x21, 0x01, 0x00, 0xE5, 0xCD, 0xDF, 0x42, 0xC1,
    0xC3, 0x26, 0x4E, 0x21, 0x20, 0x00, 0xE5, 0xCD, 0xDB, 0x4A, 0xC1, 0xC3,
    0x26, 0x4E, 0xCD, 0x1D, 0x4B, 0xC3, 0x26, 0x4E, 0x21, 0x01, 0x00, 0xE5,
    0xCD, 0x6F, 0x4B, 0xC1, 0x26, 0x00, 0x33, 0xC9, 0x21, 0x00, 0x00, 0xE5,
    0xCD, 0x6F, 0x4B, 0xC1, 0x26, 0x00, 0x33, 0xC9, 0xCD, 0x1D, 0x4B, 0xC3,
    0x26, 0x4E, 0x21, 0x01, 0x00, 0xE5, 0xCD, 0x6F, 0x4B, 0xC1, 0x26, 0x00,
    0x33, 0xC9, 0x33, 0xC3, 0x1D, 0x4C, 0xC9, 0x3B, 0xE1, 0x2E, 0x00, 0xE5,
    0x21, 0x03, 0x00, 0x39, 0x5E, 0x23, 0x56, 0xE1, 0xE5, 0x26, 0x00, 0x19,
    0x7E, 0xA7, 0xCA, 0x49, 0x4E, 0x21, 0x00, 0x00, 0x39, 0x34, 0xC3, 0x30,
    0x4E, 0xE1, 0xE5, 0x26, 0x00, 0x7D, 0xD6, 0x20, 0x3F, 0xD2, 0x5A, 0x4E,
    0x21, 0x00, 0x00, 0xC3, 0x6A, 0x4E, 0xE1, 0xE5, 0x26, 0x00, 0x11, 0x20,
    0x00, 0xEB, 0xA7, 0xED, 0x52, 0x7D, 0x0F, 0xE6, 0x7F, 0x6F, 0x26, 0x00,
    0xE5, 0x21, 0x07, 0x00, 0x39, 0x6E, 0x26, 0x00, 0xE5, 0xCD, 0xBA, 0x02,
    0xE5, 0xCD, 0x7C, 0x33, 0xC1, 0xC1, 0xC1, 0x33, 0xC9, 0xC5, 0xC5, 0x3B,
    0x21, 0x00, 0x00, 0xE5, 0x3B, 0xE1, 0x2E, 0x00, 0xE5, 0xCD, 0x8A, 0x3F,
    0x21, 0x01, 0x00, 0xE5, 0x2E, 0x80, 0xE5, 0xCD, 0x98, 0x32, 0xC1, 0x21,
    0x00, 0x00, 0xE3, 0xCD, 0x38, 0x3E, 0xC1, 0x21, 0x04, 0x00, 0x39, 0x36,
    0x00, 0xC3, 0xB1, 0x4E, 0x21, 0x04, 0x00, 0x39, 0x34, 0x21, 0x04, 0x00,
    0x39, 0x7E, 0xD6, 0x0C, 0xD2, 0xDE, 0x4E, 0x21, 0x04, 0x00, 0x39, 0x6E,
    0x01, 0x04, 0x00, 0x09, 0x26, 0x00, 0xE5, 0x11, 0x66, 0x5E, 0x21, 0x06,
    0x00, 0x39, 0x6E, 0x26, 0x00, 0x19, 0x6E, 0x26, 0x00, 0xE5, 0xCD, 0xFF,
    0x3D, 0xC1, 0xC1, 0xC3, 0xAC, 0x4E, 0x21, 0x00, 0x10, 0xE5, 0xCD, 0x82,
    0x32, 0xC1, 0x21, 0x06, 0x00, 0x39, 0xAF, 0x77, 0x23, 0x77, 0xC3, 0xFB,
    0x4E, 0x21, 0x06, 0x00, 0x39, 0x34, 0x7E, 0x23, 0x20, 0x01, 0x34, 0xCD,
    0xB1, 0x02, 0x11, 0x00, 0x03, 0xA7, 0xED, 0x52, 0xD2, 0x8C, 0x4F, 0xCD,
    0xB1, 0x02, 0x11, 0x06, 0x00, 0xCD, 0xD4, 0x01, 0x01, 0x04, 0x00, 0x09,
    0x26, 0x00, 0x3B, 0x7D, 0xE1, 0x6F, 0xE5, 0x11, 0x9C, 0x5E, 0xCD, 0xBA,
    0x02, 0x19, 0x6E, 0x26, 0x00, 0x3B, 0x7D, 0xE1, 0x6F, 0xE5, 0x6C, 0x26,
    0x00, 0x7D, 0xE6, 0x01, 0xCA, 0x3A, 0x4F, 0xE1, 0xE5, 0x26, 0x00, 0xC3,
    0x3D, 0x4F, 0x21, 0x00, 0x00, 0x7D, 0xD3, 0xBE, 0xE1, 0xE5, 0x6C, 0x26,
    0x00, 0x7D, 0xE6, 0x02, 0xCA, 0x52, 0x4F, 0xE1, 0xE5, 0x26, 0x00, 0xC3,
    0x55, 0x4F, 0x21, 0x00, 0x00, 0x7D, 0xD3, 0xBE, 0xE1, 0xE5, 0x6C, 0x26,
    0x00, 0x7D, 0xE6, 0x04, 0xCA, 0x6A, 0x4F, 0xE1, 0xE5, 0x26, 0x00, 0xC3,
    0x6D, 0x4F, 0x21, 0x00, 0x00, 0x7D, 0xD3, 0xBE, 0xE1, 0xE5, 0x6C, 0x26,
    0x00, 0x7D, 0xE6, 0x08, 0xCA, 0x82, 0x4F, 0xE1, 0xE5, 0x26, 0x00, 0xC3,
    0x85, 0x4F, 0x21, 0x00, 0x00, 0x7D, 0xD3, 0xBE, 0xC1, 0xC3, 0xF1, 0x4E,
    0x21, 0x05, 0x00, 0x39, 0x36, 0x00, 0xC3, 0x9A, 0x4F, 0x21, 0x05, 0x00,
    0x39, 0x34, 0x21, 0x05, 0x00, 0x39, 0x7E, 0xD6, 0x0A, 0xD2, 0x19, 0x50,
    0x21, 0x05, 0x00, 0x39, 0x6E, 0x26, 0x00, 0x01, 0x06, 0x00, 0x09, 0x29,
    0x29, 0x29, 0x29, 0x29, 0x29, 0x3E, 0x38, 0x84, 0x67, 0xE5, 0xCD, 0x82,
    0x32, 0xC1, 0x21, 0x04, 0x00, 0x39, 0x36, 0x00, 0xC3, 0xCC, 0x4F, 0x21,
    0x04, 0x00, 0x39, 0x34, 0x21, 0x04, 0x00, 0x39, 0x7E, 0xD6, 0x20, 0xD2,
    0x95, 0x4F, 0x21, 0x9C, 0x61, 0xE5, 0x21, 0x07, 0x00, 0x39, 0x6E, 0x26,
    0x00, 0x29, 0x29, 0x29, 0x29, 0x29, 0xEB, 0x21, 0x06, 0x00, 0x39, 0x6E,
    0x26, 0x00, 0x19, 0xD1, 0x19, 0x6E, 0x26, 0x00, 0x3B, 0x7D, 0xE1, 0x6F,
    0xE5, 0x21, 0x00, 0x00, 0x39, 0x7E, 0xA7, 0xCA, 0x09, 0x50, 0xE1, 0xE5,
    0x26, 0x00, 0xC3, 0x0C, 0x50, 0x21, 0x20, 0x00, 0x7D, 0xD3, 0xBE, 0x21,
    0x00, 0x00, 0x7D, 0xD3, 0xBE, 0x33, 0xC3, 0xC7, 0x4F, 0x21, 0x12, 0x00,
    0xE5, 0x21, 0x72, 0x5E, 0xE5, 0xCD, 0x2B, 0x4E, 0xC1, 0xC1, 0x21, 0x15,
    0x00, 0xE5, 0x21, 0x8D, 0x5E, 0xE5, 0xCD, 0x2B, 0x4E, 0xC1, 0xC1, 0x21,
    0x01, 0x00, 0xE5, 0x2E, 0xC0, 0xE5, 0xCD, 0x98, 0x32, 0xC1, 0x21, 0x07,
    0x00, 0xE3, 0xCD, 0xDF, 0x42, 0xC1, 0x21, 0x07, 0x00, 0xE5, 0x2E, 0x15,
    0xE5, 0x21, 0x05, 0x00, 0xE5, 0x2E, 0x20, 0xE5, 0xCD, 0xC7, 0x3B, 0xC1,
    0xC1, 0xC1, 0xC1, 0x21, 0x03, 0x00, 0x39, 0xE5, 0xCD, 0xE9, 0x40, 0xD1,
    0x7D, 0x12, 0xCD, 0x63, 0x41, 0x7D, 0xFE, 0x05, 0xCA, 0xC9, 0x50, 0xCD,
    0xE9, 0x40, 0xEB, 0x21, 0x03, 0x00, 0x39, 0x6E, 0x26, 0x00, 0xCD, 0xDD,
    0x01, 0xDA, 0x66, 0x50, 0x21, 0x03, 0x00, 0x39, 0xE5, 0xCD, 0xE9, 0x40,
    0xD1, 0x7D, 0x12, 0x21, 0x00, 0x00, 0x39, 0x34, 0x21, 0x02, 0x00, 0x39,
    0x7E, 0xD6, 0x09, 0xD2, 0xB5, 0x50, 0xE1, 0xE5, 0x26, 0x00, 0x3E, 0x03,
    0xA5, 0x6F, 0x20, 0x01, 0x37, 0xD2, 0xB5, 0x50, 0x21, 0x02, 0x00, 0x39,
    0x34, 0x6E, 0x26, 0x00, 0xE5, 0xCD, 0x38, 0x3E, 0xC1, 0xCD, 0x07, 0x44,
    0xCD, 0xE4, 0x02, 0xD2, 0x66, 0x50, 0x21, 0x01, 0x00, 0x39, 0x34, 0x3E,
    0x1E, 0x96, 0xD2, 0x66, 0x50, 0xCD, 0x34, 0x3C, 0xCD, 0x84, 0x3E, 0xCD,
    0x96, 0x42, 0xC1, 0xC1, 0xC1, 0xC1, 0xC9, 0x21, 0x70, 0x00, 0xE5, 0x2E,
    0xF5, 0xE5, 0x21, 0x00, 0x00, 0xE5, 0x11, 0x00, 0x00, 0xD5, 0xE5, 0x21,
    0x00, 0x00, 0xE5, 0x11, 0x00, 0x00, 0xD5, 0xE5, 0x21, 0x00, 0x00, 0xE5,
    0xCD, 0xFC, 0x51, 0xD9, 0x21, 0x12, 0x00, 0x39, 0xF9, 0xD9, 0x26, 0x00,
    0xC9, 0x21, 0x70, 0x00, 0xE5, 0x2E, 0xEA, 0xE5, 0x21, 0x10, 0x00, 0xE5,
    0x2E, 0x00, 0xE5, 0x11, 0x00, 0x00, 0xD5, 0xE5, 0x21, 0x00, 0x00, 0xE5,
    0x21, 0xD7, 0xC7, 0xE5, 0x21, 0x01, 0x00, 0xE5, 0xCD, 0xFC, 0x51, 0x21,
    0x12, 0x00, 0x39, 0xF9, 0x2A, 0xD7, 0xC7, 0x26, 0x00, 0xC9, 0x21, 0x70,
    0x00, 0xE5, 0x2E, 0xE4, 0xE5, 0x21, 0x05, 0x00, 0xE5, 0x2E, 0x08, 0x39,
    0xCD, 0x6D, 0x02, 0x26, 0x00, 0xE5, 0x21, 0x0A, 0x00, 0x39, 0xCD, 0x6D,
    0x02, 0x6C, 0x26, 0x00, 0xE5, 0x21, 0x00, 0x00, 0xE5, 0x11, 0x00, 0x00,
    0xD5, 0xE5, 0x21, 0x00, 0x00, 0xE5, 0xCD, 0xFC, 0x51, 0xD9, 0x21, 0x12,
    0x00, 0x39, 0xF9, 0xD9, 0x26, 0x00, 0xC9, 0x21, 0x04, 0x00, 0x39, 0x6E,
    0x26, 0x00, 0x3E, 0xB5, 0x84, 0x67, 0xEB, 0x21, 0x02, 0x00, 0x39, 0x7E,
    0x12, 0x6F, 0x26, 0x00, 0xC9, 0x21, 0x00, 0xB4, 0x6E, 0x2C, 0x26, 0x00,
    0x3B, 0x7D, 0xE1, 0x6F, 0xE5, 0xC5, 0xC5, 0x21, 0x04, 0x00, 0x39, 0x7E,
    0xA7, 0xC2, 0x9A, 0x51, 0x21, 0x04, 0x00, 0x39, 0x36, 0x01, 0x21, 0x10,
    0x00, 0xE5, 0x2E, 0x06, 0x39, 0x6E, 0x26, 0x00, 0xE5, 0xCD, 0x67, 0x51,
    0xC1, 0xC1, 0x21, 0x00, 0x00, 0xD1, 0xC1, 0xE5, 0xD5, 0xC3, 0xB9, 0x51,
    0xD1, 0xE1, 0x23, 0xE5, 0xD5, 0xC1, 0xE1, 0xE5, 0xC5, 0x11, 0xA0, 0x0F,
    0xA7, 0xED, 0x52, 0xD2, 0xF5, 0x51, 0x21, 0x00, 0x00, 0xC1, 0xE5, 0xC3,
    0xD1, 0x51, 0xE1, 0x23, 0xE5, 0xE1, 0xE5, 0x11, 0xFA, 0x00, 0xA7, 0xED,
    0x52, 0xD2, 0xB4, 0x51, 0x21, 0x00, 0xB4, 0x7E, 0x21, 0x04, 0x00, 0x39,
    0xBE, 0xC2, 0xCE, 0x51, 0x21, 0x02, 0xB4, 0x6E, 0x26, 0x00, 0x33, 0xC1,
    0xC1, 0xC9, 0xC3, 0xB4, 0x51, 0x21, 0xFF, 0x00, 0x33, 0xC1, 0xC1, 0xC9,
    0x21, 0xF4, 0xFF, 0x39, 0xF9, 0x21, 0x00, 0x00, 0x22, 0xD8, 0xC7, 0x21,
    0x08, 0x00, 0x39, 0xEB, 0x21, 0x18, 0x00, 0x39, 0x7E, 0x12, 0x21, 0x09,
    0x00, 0x39, 0xEB, 0x21, 0x16, 0x00, 0x39, 0x7E, 0x12, 0x21, 0x0A, 0x00,
    0x39, 0xEB, 0x21, 0x14, 0x00, 0x39, 0x7E, 0x12, 0x21, 0x0B, 0x00, 0x39,
    0xEB, 0x21, 0x12, 0x00, 0x39, 0x7E, 0x12, 0x21, 0x07, 0x00, 0x39, 0xE5,
    0x21, 0x5C, 0x67, 0xE5, 0x21, 0x1E, 0x00, 0x39, 0x7E, 0xE6, 0x07, 0x6F,
    0x26, 0x00, 0xD1, 0x19, 0x7E, 0xD1, 0x12, 0x21, 0x06, 0x00, 0x39, 0xE5,
    0x21, 0x64, 0x67, 0xE5, 0x21, 0x1E, 0x00, 0x39, 0x7E, 0xE6, 0x07, 0x6F,
    0x26, 0x00, 0xD1, 0x19, 0x7E, 0xD1, 0x12, 0x21, 0x05, 0x00, 0x39, 0xE5,
    0x21, 0x08, 0x00, 0x39, 0x7E, 0xA7, 0xCA, 0x87, 0x52, 0x21, 0x09, 0x00,
    0x39, 0x5E, 0x16, 0x00, 0x21, 0x08, 0x00, 0x39, 0x6E, 0x26, 0x00, 0xCD,
    0x58, 0x55, 0x26, 0x00, 0xC3, 0x8A, 0x52, 0x21, 0x00, 0x00, 0xD1, 0x7D,
    0x12, 0x21, 0x1A, 0x00, 0x39, 0x3E, 0x08, 0xA6, 0xCA, 0xC1, 0x52, 0x21,
    0x06, 0x00, 0x39, 0x4E, 0x06, 0x00, 0xC5, 0x23, 0x6E, 0x26, 0x00, 0xD1,
    0x19, 0xEB, 0x21, 0x0E, 0x00, 0x39, 0xCD, 0x6D, 0x02, 0x19, 0x11, 0x40,
    0x01, 0xEB, 0xA7, 0xED, 0x52, 0xD2, 0xC1, 0x52, 0x21, 0x0C, 0x00, 0x39,
    0xF9, 0x21, 0x00, 0x00, 0xC9, 0x21, 0x05, 0x00, 0xE5, 0x2E, 0x00, 0xE5,
    0xCD, 0x67, 0x51, 0xC1, 0xC1, 0x21, 0x00, 0x00, 0xE5, 0x2E, 0x20, 0x39,
    0x6E, 0x26, 0x00, 0xE5, 0xCD, 0x67, 0x51, 0xC1, 0xC1, 0x21, 0x01, 0x00,
    0xE5, 0x2E, 0x1E, 0x39, 0x6E, 0x26, 0x00, 0xE5, 0xCD, 0x67, 0x51, 0xC1,
    0xC1, 0x21, 0x02, 0x00, 0xE5, 0x2E, 0x00, 0xE5, 0xCD, 0x67, 0x51, 0xC1,
    0xC1, 0x21, 0x04, 0x00, 0x39, 0x36, 0x00, 0x21, 0x03, 0x00, 0x39, 0x36,
    0x00, 0xC3, 0x0D, 0x53, 0x21, 0x03, 0x00, 0x39, 0x34, 0x21, 0x03, 0x00,
    0x39, 0x5E, 0x16, 0x00, 0x21, 0x06, 0x00, 0x39, 0x6E, 0x26, 0x00, 0xEB,
    0xA7, 0xED, 0x52, 0xD2, 0x68, 0x53, 0x11, 0x00, 0xB7, 0x21, 0x05, 0x00,
    0x39, 0x7E, 0x12, 0x21, 0x02, 0x00, 0x39, 0x36, 0x00, 0xC3, 0x39, 0x53,
    0x21, 0x02, 0x00, 0x39, 0x34, 0x21, 0x02, 0x00, 0x39, 0x5E, 0x16, 0x00,
    0x21, 0x05, 0x00, 0x39, 0x6E, 0x26, 0x00, 0xEB, 0xA7, 0xED, 0x52, 0xD2,
    0x08, 0x53, 0x21, 0x00, 0xB7, 0xE5, 0x21, 0x0A, 0x00, 0x39, 0xE5, 0x21,
    0x08, 0x00, 0x39, 0x34, 0x6E, 0x26, 0x00, 0x2D, 0xD1, 0x19, 0x7E, 0xD1,
    0x12, 0xC3, 0x34, 0x53, 0x21, 0x06, 0x00, 0x39, 0x7E, 0xA7, 0xCA, 0x81,
    0x53, 0x21, 0x02, 0x00, 0xE5, 0x2E, 0x08, 0x39, 0x6E, 0x26, 0x00, 0xE5,
    0xCD, 0x67, 0x51, 0xC1, 0xC1, 0x21, 0x1A, 0x00, 0x39, 0x3E, 0x08, 0xA6,
    0xCA, 0xBB, 0x53, 0x21, 0x10, 0x00, 0xCD, 0xF7, 0x01, 0x21, 0x10, 0x00,
    0x39, 0xCD, 0x6D, 0x02, 0xE5, 0xE1, 0x2B, 0xE5, 0x23, 0x7C, 0xB5, 0xCA,
    0xB9, 0x53, 0x21, 0x00, 0xB7, 0xE5, 0x21, 0x04, 0x00, 0x39, 0x34, 0x7E,
    0x23, 0x20, 0x01, 0x34, 0x66, 0x6F, 0x2B, 0x7E, 0xD1, 0x12, 0xC3, 0x99,
    0x53, 0xC1, 0xC1, 0xCD, 0x7D, 0x51, 0x7D, 0xA7, 0xCA, 0xCC, 0x53, 0x21,
    0x0C, 0x00, 0x39, 0xF9, 0x21, 0x00, 0x00, 0xC9, 0x21, 0x03, 0xB4, 0x6E,
    0x26, 0x00, 0x11, 0x06, 0x00, 0xA7, 0xED, 0x52, 0xCA, 0xE4, 0x53, 0x21,
    0x0C, 0x00, 0x39, 0xF9, 0x21, 0x00, 0x00, 0xC9, 0x21, 0x04, 0xB4, 0x5E,
    0x16, 0x00, 0x21, 0x05, 0xB4, 0x7A, 0xB6, 0x57, 0xEB, 0xC1, 0xE5, 0x11,
    0x00, 0x04, 0xEB, 0xA7, 0xED, 0x52, 0xD2, 0x02, 0x54, 0x21, 0x00, 0x04,
    0xC1, 0xE5, 0x21, 0x1A, 0x00, 0x39, 0x3E, 0x10, 0xA6, 0xCA, 0x70, 0x54,
    0x21, 0x10, 0x00, 0xCD, 0xF7, 0x01, 0x21, 0x00, 0xB0, 0xE5, 0xC5, 0x21,
    0x06, 0x00, 0x39, 0x5E, 0x23, 0x56, 0x21, 0x14, 0x00, 0x39, 0xCD, 0x6D,
    0x02, 0xA7, 0xED, 0x52, 0xD2, 0x3A, 0x54, 0x21, 0x06, 0x00, 0x39, 0xEB,
    0x21, 0x14, 0x00, 0x39, 0xCD, 0x6D, 0x02, 0xCD, 0xF7, 0x02, 0xCD, 0xB1,
    0x02, 0xC1, 0xE5, 0xC3, 0x45, 0x54, 0xE1, 0x2B, 0xE5, 0xE1, 0xE5, 0x7C,
    0xB5, 0xCA, 0x6D, 0x54, 0x21, 0x04, 0x00, 0x39, 0x34, 0x7E, 0x23, 0x20,
    0x01, 0x34, 0x66, 0x6F, 0x2B, 0xE5, 0x21, 0x04, 0x00, 0x39, 0x34, 0x7E,
    0x23, 0x20, 0x01, 0x34, 0x66, 0x6F, 0x2B, 0x7E, 0xD1, 0x12, 0xC3, 0x42,
    0x54, 0xC1, 0xC1, 0xC1, 0xE1, 0xE5, 0x22, 0xD8, 0xC7, 0x21, 0x0C, 0x00,
    0x39, 0xF9, 0x21, 0x01, 0x00, 0xC9, 0x21, 0x09, 0xB4, 0x7E, 0xFE, 0x46,
    0xC2, 0x9D, 0x54, 0x21, 0x0A, 0xB4, 0x7E, 0xFE, 0x4E, 0xC2, 0x9D, 0x54,
    0x21, 0x0B, 0xB4, 0x7E, 0xFE, 0x01, 0xC2, 0x9D, 0x54, 0x21, 0x01, 0x00,
    0xC9, 0x21, 0x00, 0x00, 0xC9, 0x21, 0x06, 0xB4, 0x6E, 0x26, 0x00, 0xC9,
    0x21, 0x07, 0xB4, 0x6E, 0x26, 0x00, 0xC9, 0x21, 0x08, 0xB4, 0x6E, 0x26,
    0x00, 0xC9, 0x21, 0x12, 0xB4, 0x6E, 0x26, 0x00, 0xC9, 0x21, 0x11, 0x00,
    0xE5, 0x2E, 0xB5, 0xE5, 0xCD, 0x67, 0x51, 0xC1, 0xC1, 0xF3, 0xC3, 0x00,
    0xB8, 0xC9, 0xF3, 0xC3, 0x03, 0xB8, 0xC9, 0xCD, 0x21, 0x03, 0xAF, 0xD3,
    0xBF, 0xF6, 0x40, 0xD3, 0xBF, 0x21, 0x00, 0x40, 0x3E, 0x00, 0xD3, 0xBE,
    0x00, 0x00, 0x00, 0x00, 0x25, 0xC2, 0xE2, 0x54, 0x2D, 0xC2, 0xE2, 0x54,
    0xC3, 0x1A, 0x03, 0xCD, 0x21, 0x03, 0x3A, 0xDF, 0xC7, 0x6F, 0x3A, 0xE0,
    0xC7, 0x67, 0x11, 0x00, 0x38, 0x19, 0x7D, 0xD3, 0xBF, 0x7C, 0xF6, 0x40,
    0xD3, 0xBF, 0x21, 0x04, 0x00, 0x39, 0x7E, 0xFE, 0x0D, 0x20, 0x1B, 0x3A,
    0xDF, 0xC7, 0x6F, 0x3A, 0xE0, 0xC7, 0x67, 0x7D, 0xE6, 0xC0, 0x6F, 0x11,
    0x40, 0x00, 0x19, 0x7D, 0x32, 0xDF, 0xC7, 0x7C, 0x32, 0xE0, 0xC7, 0xC3,
    0x1A, 0x03, 0xFE, 0x0C, 0x20, 0x09, 0x21, 0x00, 0x00, 0x22, 0xDF, 0xC7,
    0xC3, 0x1A, 0x03, 0xD3, 0xBE, 0x3A, 0xDF, 0xC7, 0x6F, 0x3A, 0xE0, 0xC7,
    0x67, 0x23, 0x23, 0x7C, 0x32, 0xE0, 0xC7, 0x7D, 0x32, 0xDF, 0xC7, 0xE6,
    0x3F, 0xFE, 0x40, 0x28, 0xBE, 0xC3, 0x1A, 0x03, 0xEB, 0x7A, 0xB3, 0x28,
    0x32, 0x14, 0x15, 0x28, 0x1C, 0x7D, 0x6C, 0x26, 0x00, 0x06, 0x08, 0x17,
    0xED, 0x6A, 0xED, 0x52, 0x30, 0x01, 0x19, 0x3F, 0x10, 0xF5, 0x17, 0x50,
    0x5F, 0xEB, 0xB7, 0xC9, 0xEB, 0x1C, 0x1D, 0x28, 0x12, 0xAF, 0x57, 0x06,
    0x10, 0x29, 0x17, 0x38, 0x03, 0xBB, 0x38, 0x02, 0x93, 0x2C, 0x10, 0xF5,
    0x5F, 0xB7, 0xC9, 0xEB, 0xC3, 0x8F, 0x56, 0xD9, 0x7A, 0xB3, 0xB4, 0xB5,
    0x28, 0x42, 0xAF, 0xE5, 0xD9, 0x44, 0x4D, 0xE1, 0xD5, 0xEB, 0x6F, 0x67,
    0xD9, 0xC1, 0x6F, 0x67, 0x78, 0x06, 0x20, 0xD9, 0xCB, 0x11, 0xCB, 0x10,
    0xD9, 0xCB, 0x11, 0x17, 0xD9, 0xED, 0x6A, 0xD9, 0xED, 0x6A, 0xD9, 0xED,
    0x52, 0xD9, 0xED, 0x52, 0x30, 0x05, 0xD9, 0x19, 0xD9, 0xED, 0x5A, 0x3F,
    0x10, 0xE1, 0xD9, 0xCB, 0x11, 0xCB, 0x10, 0xD9, 0xCB, 0x11, 0x17, 0xE5,
    0xD9, 0xD1, 0xC5, 0xD9, 0xE1, 0x59, 0x57, 0xC9, 0x1B, 0xC3, 0x8F, 0x56,
    0x7A, 0xAC, 0xF5, 0xCB, 0x7A, 0xC4, 0x7B, 0x01, 0xCB, 0x7C, 0xC4, 0x67,
    0x01, 0xCD, 0xF5, 0x55, 0xF1, 0xF0, 0xC3, 0x67, 0x01, 0x24, 0x25, 0x28,
    0x0B, 0x14, 0x15, 0x28, 0x06, 0x4D, 0x7C, 0x06, 0x10, 0x18, 0x04, 0xEB,
    0x7D, 0x06, 0x08, 0x21, 0x00, 0x00, 0x29, 0xCB, 0x11, 0x17, 0x30, 0x01,
    0x19, 0x10, 0xF7, 0xB7, 0xC9, 0x7A, 0xD9, 0xAA, 0xF5, 0xCB, 0x7A, 0xC4,
    0x83, 0x01, 0xD9, 0xCB, 0x7A, 0xC4, 0x83, 0x01, 0xCD, 0x32, 0x56, 0xF1,
    0xF0, 0xC3, 0x83, 0x01, 0xE5, 0xD9, 0xD1, 0xC3, 0x69, 0x56, 0x7B, 0xB2,
    0xD9, 0xB3, 0xB2, 0x28, 0xF3, 0xAF, 0xE5, 0xD9, 0x44, 0x4D, 0xE1, 0xD5,
    0xEB, 0x6F, 0x67, 0xD9, 0xC1, 0x6F, 0x67, 0x78, 0x06, 0x20, 0x1F, 0xCB,
    0x19, 0xD9, 0xCB, 0x18, 0xCB, 0x19, 0x30, 0x05, 0x19, 0xD9, 0xED, 0x5A,
    0xD9, 0xCB, 0x23, 0xCB, 0x12, 0xD9, 0xCB, 0x13, 0xCB, 0x12, 0x10, 0xE6,
    0xE5, 0xD9, 0xD1, 0xB7, 0xC9, 0x44, 0x4D, 0x3E, 0x10, 0x21, 0x00, 0x00,
    0x29, 0xCB, 0x13, 0xCB, 0x12, 0xD2, 0x7D, 0x56, 0x09, 0xD2, 0x7D, 0x56,
    0x13, 0x3D, 0xC2, 0x70, 0x56, 0xB7, 0xC9, 0xE1, 0xE1, 0xE1, 0x21, 0x00,
    0x00, 0x37, 0x3F, 0xC9, 0xE1, 0xE1, 0xE1, 0x2E, 0xFF, 0x26, 0x00, 0x22,
    0x01, 0xC0, 0xC3, 0x9C, 0x56, 0xE1, 0xE1, 0xE1, 0x21, 0xFF, 0xFF, 0x37,
    0xC9, 0xAF, 0x4F, 0x47, 0xED, 0xB1, 0x21, 0xFF, 0xFF, 0xED, 0x42, 0xC9,
    0x00, 0x46, 0x55, 0x4A, 0x49, 0x4E, 0x45, 0x54, 0x00, 0x4E, 0x4F, 0x20,
    0x46, 0x55, 0x4A, 0x49, 0x4E, 0x45, 0x54, 0x20, 0x43, 0x41, 0x52, 0x54,
    0x00, 0x4A, 0x4F, 0x49, 0x4E, 0x49, 0x4E, 0x47, 0x00, 0x32, 0x20, 0x47,
    0x49, 0x56, 0x45, 0x53, 0x20, 0x55, 0x50, 0x00, 0x50, 0x4C, 0x45, 0x41,
    0x53, 0x45, 0x20, 0x57, 0x41, 0x49, 0x54, 0x2E, 0x2E, 0x2E, 0x00, 0x43,
    0x4F, 0x4E, 0x4E, 0x45, 0x43, 0x54, 0x45, 0x44, 0x21, 0x00, 0x4E, 0x4F,
    0x20, 0x53, 0x53, 0x49, 0x44, 0x20, 0x41, 0x56, 0x41, 0x49, 0x4C, 0x41,
    0x42, 0x4C, 0x45, 0x2E, 0x00, 0x43, 0x4F, 0x4E, 0x4E, 0x45, 0x43, 0x54,
    0x20, 0x46, 0x41, 0x49, 0x4C, 0x45, 0x44, 0x2E, 0x00, 0x43, 0x4F, 0x4E,
    0x4E, 0x45, 0x43, 0x54, 0x49, 0x4F, 0x4E, 0x20, 0x4C, 0x4F, 0x53, 0x54,
    0x2E, 0x00, 0x55, 0x4E, 0x41, 0x42, 0x4C, 0x45, 0x20, 0x54, 0x4F, 0x20,
    0x43, 0x4F, 0x4E, 0x4E, 0x45, 0x43, 0x54, 0x2E, 0x00, 0x2D, 0x00, 0x20,
    0x00, 0x4F, 0x54, 0x48, 0x45, 0x52, 0x20, 0x28, 0x54, 0x59, 0x50, 0x45,
    0x20, 0x41, 0x4E, 0x20, 0x53, 0x53, 0x49, 0x44, 0x29, 0x00, 0x4E, 0x45,
    0x54, 0x57, 0x4F, 0x52, 0x4B, 0x53, 0x00, 0x53, 0x43, 0x41, 0x4E, 0x4E,
    0x49, 0x4E, 0x47, 0x2E, 0x2E, 0x2E, 0x00, 0x31, 0x20, 0x50, 0x49, 0x43,
    0x4B, 0x20, 0x20, 0x32, 0x20, 0x48, 0x4F, 0x53, 0x54, 0x53, 0x20, 0x20,
    0x50, 0x41, 0x55, 0x53, 0x45, 0x20, 0x52, 0x45, 0x53, 0x43, 0x41, 0x4E,
    0x00, 0x53, 0x45, 0x4C, 0x45, 0x43, 0x54, 0x20, 0x41, 0x20, 0x4E, 0x45,
    0x54, 0x57, 0x4F, 0x52, 0x4B, 0x2E, 0x00, 0x4E, 0x45, 0x54, 0x57, 0x4F,
    0x52, 0x4B, 0x00, 0x49, 0x4E, 0x50, 0x55, 0x54, 0x20, 0x54, 0x48, 0x45,
    0x20, 0x4E, 0x45, 0x54, 0x57, 0x4F, 0x52, 0x4B, 0x20, 0x4E, 0x41, 0x4D,
    0x45, 0x2E, 0x00, 0x50, 0x41, 0x53, 0x53, 0x57, 0x4F, 0x52, 0x44, 0x00,
    0x49, 0x4E, 0x50, 0x55, 0x54, 0x20, 0x54, 0x48, 0x45, 0x20, 0x50, 0x41,
    0x53, 0x53, 0x57, 0x4F, 0x52, 0x44, 0x2E, 0x00, 0x53, 0x45, 0x54, 0x54,
    0x49, 0x4E, 0x47, 0x20, 0x53, 0x53, 0x49, 0x44, 0x2E, 0x2E, 0x2E, 0x00,
    0x45, 0x53, 0x53, 0x49, 0x44, 0x00, 0xE0, 0x58, 0xED, 0x58, 0xF8, 0x58,
    0x04, 0x59, 0x1B, 0x10, 0x19, 0x1A, 0x43, 0x4F, 0x50, 0x59, 0x00, 0x48,
    0x4F, 0x53, 0x54, 0x53, 0x00, 0x31, 0x20, 0x50, 0x49, 0x43, 0x4B, 0x20,
    0x20, 0x32, 0x20, 0x43, 0x41, 0x4E, 0x43, 0x45, 0x4C, 0x20, 0x43, 0x4F,
    0x50, 0x59, 0x00, 0x31, 0x20, 0x4F, 0x50, 0x45, 0x4E, 0x20, 0x20, 0x32,
    0x20, 0x57, 0x49, 0x46, 0x49, 0x20, 0x20, 0x50, 0x41, 0x55, 0x53, 0x45,
    0x20, 0x4D, 0x45, 0x4E, 0x55, 0x00, 0x45, 0x48, 0x4F, 0x53, 0x54, 0x53,
    0x00, 0x28, 0x45, 0x4D, 0x50, 0x54, 0x59, 0x29, 0x00, 0x43, 0x4F, 0x50,
    0x59, 0x20, 0x54, 0x4F, 0x20, 0x57, 0x48, 0x49, 0x43, 0x48, 0x20, 0x48,
    0x4F, 0x53, 0x54, 0x3F, 0x00, 0x53, 0x45, 0x4C, 0x45, 0x43, 0x54, 0x20,
    0x41, 0x20, 0x48, 0x4F, 0x53, 0x54, 0x2E, 0x00, 0x54, 0x48, 0x41, 0x54,
    0x20, 0x53, 0x4C, 0x4F, 0x54, 0x20, 0x49, 0x53, 0x20, 0x45, 0x4D, 0x50,
    0x54, 0x59, 0x2E, 0x00, 0x45, 0x4D, 0x50, 0x54, 0x59, 0x2E, 0x20, 0x50,
    0x41, 0x55, 0x53, 0x45, 0x2C, 0x20, 0x52, 0x45, 0x4E, 0x41, 0x4D, 0x45,
    0x20, 0x53, 0x4C, 0x4F, 0x54, 0x2E, 0x00, 0x4D, 0x4F, 0x55, 0x4E, 0x54,
    0x49, 0x4E, 0x47, 0x20, 0x48, 0x4F, 0x53, 0x54, 0x2E, 0x2E, 0x2E, 0x00,
    0x45, 0x48, 0x4F, 0x53, 0x54, 0x00, 0x45, 0x4F, 0x50, 0x45, 0x4E, 0x00,
    0x48, 0x4F, 0x53, 0x54, 0x20, 0x4E, 0x41, 0x4D, 0x45, 0x00, 0x49, 0x4E,
    0x50, 0x55, 0x54, 0x20, 0x54, 0x48, 0x45, 0x20, 0x48, 0x4F, 0x53, 0x54,
    0x20, 0x4E, 0x41, 0x4D, 0x45, 0x2E, 0x00, 0x53, 0x41, 0x56, 0x49, 0x4E,
    0x47, 0x2E, 0x2E, 0x2E, 0x00, 0x45, 0x57, 0x52, 0x49, 0x54, 0x45, 0x00,
    0x41, 0x44, 0x41, 0x50, 0x54, 0x45, 0x52, 0x20, 0x49, 0x4E, 0x46, 0x4F,
    0x00, 0x47, 0x41, 0x4D, 0x45, 0x20, 0x4C, 0x4F, 0x42, 0x42, 0x59, 0x00,
    0x52, 0x45, 0x4E, 0x41, 0x4D, 0x45, 0x20, 0x53, 0x4C, 0x4F, 0x54, 0x00,
    0x57, 0x49, 0x46, 0x49, 0x20, 0x53, 0x45, 0x54, 0x55, 0x50, 0x00, 0xF2,
    0x59, 0x11, 0x5A, 0x1B, 0x5A, 0x21, 0x5A, 0x2B, 0x5A, 0x14, 0x15, 0x1B,
    0x15, 0x1B, 0x43, 0x4F, 0x50, 0x59, 0x3A, 0x20, 0x50, 0x49, 0x43, 0x4B,
    0x20, 0x41, 0x20, 0x46, 0x4F, 0x4C, 0x44, 0x45, 0x52, 0x2E, 0x00, 0x31,
    0x20, 0x4F, 0x50, 0x45, 0x4E, 0x20, 0x32, 0x20, 0x55, 0x50, 0x20, 0x3C,
    0x3E, 0x20, 0x50, 0x41, 0x47, 0x45, 0x20, 0x50, 0x41, 0x55, 0x53, 0x45,
    0x20, 0x4D, 0x45, 0x4E, 0x55, 0x00, 0x53, 0x45, 0x4C, 0x45, 0x43, 0x54,
    0x20, 0x41, 0x20, 0x46, 0x49, 0x4C, 0x45, 0x2E, 0x20, 0x28, 0x46, 0x49,
    0x4C, 0x54, 0x45, 0x52, 0x45, 0x44, 0x29, 0x00, 0x53, 0x45, 0x4C, 0x45,
    0x43, 0x54, 0x20, 0x41, 0x20, 0x46, 0x49, 0x4C, 0x45, 0x2E, 0x00, 0x45,
    0x53, 0x45, 0x45, 0x4B, 0x00, 0x28, 0x4E, 0x4F, 0x20, 0x4D, 0x41, 0x54,
    0x43, 0x48, 0x45, 0x53, 0x29, 0x00, 0x28, 0x45, 0x4D, 0x50, 0x54, 0x59,
    0x29, 0x00, 0x32, 0x20, 0x55, 0x50, 0x20, 0x20, 0x50, 0x41, 0x55, 0x53,
    0x45, 0x20, 0x4D, 0x45, 0x4E, 0x55, 0x00, 0x52, 0x45, 0x41, 0x44, 0x49,
    0x4E, 0x47, 0x2E, 0x2E, 0x2E, 0x00, 0x45, 0x4F, 0x50, 0x45, 0x4E, 0x00,
    0x45, 0x52, 0x45, 0x41, 0x44, 0x00, 0x45, 0x45, 0x4D, 0x50, 0x54, 0x59,
    0x00, 0x54, 0x48, 0x45, 0x20, 0x50, 0x41, 0x54, 0x48, 0x20, 0x49, 0x53,
    0x20, 0x54, 0x4F, 0x4F, 0x20, 0x4C, 0x4F, 0x4E, 0x47, 0x2E, 0x00, 0x50,
    0x41, 0x55, 0x53, 0x45, 0x2C, 0x20, 0x54, 0x48, 0x45, 0x4E, 0x20, 0x43,
    0x4F, 0x50, 0x59, 0x20, 0x48, 0x45, 0x52, 0x45, 0x2E, 0x00, 0x46, 0x49,
    0x4C, 0x54, 0x45, 0x52, 0x00, 0x45, 0x4D, 0x50, 0x54, 0x59, 0x20, 0x53,
    0x48, 0x4F, 0x57, 0x53, 0x20, 0x45, 0x56, 0x45, 0x52, 0x59, 0x54, 0x48,
    0x49, 0x4E, 0x47, 0x2E, 0x00, 0x43, 0x4F, 0x50, 0x59, 0x20, 0x46, 0x49,
    0x4C, 0x45, 0x00, 0x48, 0x4F, 0x53, 0x54, 0x53, 0x00, 0x43, 0x4F, 0x50,
    0x59, 0x20, 0x48, 0x45, 0x52, 0x45, 0x00, 0x43, 0x41, 0x4E, 0x43, 0x45,
    0x4C, 0x20, 0x43, 0x4F, 0x50, 0x59, 0x00, 0x52, 0x45, 0x41, 0x44, 0x49,
    0x4E, 0x47, 0x2E, 0x2E, 0x2E, 0x00, 0x45, 0x52, 0x45, 0x41, 0x44, 0x00,
    0x45, 0x45, 0x4D, 0x50, 0x54, 0x59, 0x00, 0x41, 0x20, 0x46, 0x4F, 0x4C,
    0x44, 0x45, 0x52, 0x20, 0x43, 0x41, 0x4E, 0x4E, 0x4F, 0x54, 0x20, 0x42,
    0x45, 0x20, 0x43, 0x4F, 0x50, 0x49, 0x45, 0x44, 0x2E, 0x00, 0x54, 0x48,
    0x45, 0x20, 0x50, 0x41, 0x54, 0x48, 0x20, 0x49, 0x53, 0x20, 0x54, 0x4F,
    0x4F, 0x20, 0x4C, 0x4F, 0x4E, 0x47, 0x2E, 0x00, 0x45, 0x48, 0x4F, 0x53,
    0x54, 0x00, 0x45, 0x4F, 0x50, 0x45, 0x4E, 0x00, 0x43, 0x4F, 0x50, 0x59,
    0x49, 0x4E, 0x47, 0x2E, 0x2E, 0x2E, 0x00, 0x45, 0x43, 0x4F, 0x50, 0x59,
    0x00, 0x41, 0x44, 0x41, 0x50, 0x54, 0x45, 0x52, 0x20, 0x49, 0x4E, 0x46,
    0x4F, 0x00, 0x52, 0x45, 0x41, 0x44, 0x49, 0x4E, 0x47, 0x2E, 0x2E, 0x2E,
    0x00, 0x53, 0x53, 0x49, 0x44, 0x00, 0x48, 0x4F, 0x53, 0x54, 0x00, 0x49,
    0x50, 0x00, 0x47, 0x41, 0x54, 0x45, 0x57, 0x41, 0x59, 0x00, 0x4E, 0x45,
    0x54, 0x4D, 0x41, 0x53, 0x4B, 0x00, 0x44, 0x4E, 0x53, 0x00, 0x4D, 0x41,
    0x43, 0x00, 0x42, 0x53, 0x53, 0x49, 0x44, 0x00, 0x56, 0x45, 0x52, 0x53,
    0x49, 0x4F, 0x4E, 0x00, 0x31, 0x20, 0x4F, 0x52, 0x20, 0x32, 0x20, 0x47,
    0x4F, 0x45, 0x53, 0x20, 0x42, 0x41, 0x43, 0x4B, 0x00, 0x45, 0x49, 0x4E,
    0x46, 0x4F, 0x00, 0x4B, 0x20, 0x4F, 0x46, 0x20, 0x00, 0x50, 0x4C, 0x45,
    0x41, 0x53, 0x45, 0x20, 0x57, 0x41, 0x49, 0x54, 0x2E, 0x00, 0x4D, 0x4F,
    0x55, 0x4E, 0x54, 0x49, 0x4E, 0x47, 0x00, 0x45, 0x4D, 0x4F, 0x55, 0x4E,
    0x54, 0x00, 0x45, 0x4C, 0x4F, 0x41, 0x44, 0x00, 0x4E, 0x4F, 0x54, 0x20,
    0x41, 0x20, 0x43, 0x41, 0x52, 0x54, 0x52, 0x49, 0x44, 0x47, 0x45, 0x20,
    0x49, 0x4D, 0x41, 0x47, 0x45, 0x2E, 0x00, 0x4C, 0x4F, 0x41, 0x44, 0x49,
    0x4E, 0x47, 0x20, 0x00, 0x45, 0x54, 0x49, 0x4D, 0x45, 0x4F, 0x55, 0x54,
    0x00, 0x52, 0x45, 0x41, 0x44, 0x59, 0x20, 0x20, 0x20, 0x00, 0x45, 0x50,
    0x41, 0x54, 0x48, 0x00, 0x65, 0x63, 0x2E, 0x74, 0x6E, 0x66, 0x73, 0x2E,
    0x69, 0x6F, 0x00, 0x46, 0x49, 0x4E, 0x44, 0x49, 0x4E, 0x47, 0x20, 0x4C,
    0x4F, 0x42, 0x42, 0x59, 0x20, 0x48, 0x4F, 0x53, 0x54, 0x2E, 0x2E, 0x2E,
    0x00, 0x45, 0x48, 0x4F, 0x53, 0x54, 0x53, 0x00, 0x45, 0x57, 0x52, 0x49,
    0x54, 0x45, 0x00, 0x4D, 0x4F, 0x55, 0x4E, 0x54, 0x49, 0x4E, 0x47, 0x20,
    0x4C, 0x4F, 0x42, 0x42, 0x59, 0x20, 0x48, 0x4F, 0x53, 0x54, 0x2E, 0x2E,
    0x2E, 0x00, 0x45, 0x48, 0x4F, 0x53, 0x54, 0x00, 0x2F, 0x73, 0x6D, 0x73,
    0x2F, 0x6C, 0x6F, 0x62, 0x62, 0x79, 0x2E, 0x73, 0x6D, 0x73, 0x00, 0x45,
    0x50, 0x41, 0x54, 0x48, 0x00, 0x30, 0x31, 0x32, 0x33, 0x34, 0x35, 0x36,
    0x37, 0x38, 0x39, 0x41, 0x42, 0x43, 0x44, 0x45, 0x46, 0x00, 0xF9, 0x03,
    0xC0, 0x03, 0x8A, 0x03, 0x57, 0x03, 0x27, 0x03, 0xFA, 0x02, 0xCF, 0x02,
    0xA7, 0x02, 0x81, 0x02, 0x5D, 0x02, 0x3B, 0x02, 0x1B, 0x02, 0x00, 0x01,
    0x03, 0x05, 0x05, 0x03, 0x01, 0x00, 0x00, 0xFE, 0x00, 0x00, 0x01, 0x02,
    0x02, 0x03, 0x0F, 0xFE, 0x01, 0x01, 0x02, 0x02, 0x02, 0x02, 0x03, 0x03,
    0x03, 0x03, 0x04, 0x04, 0x04, 0x04, 0x05, 0x05, 0x05, 0x05, 0x06, 0x06,
    0x06, 0x06, 0x07, 0x07, 0x07, 0x07, 0x08, 0x08, 0x08, 0x08, 0x09, 0x09,
    0x09, 0x09, 0x0A, 0x0A, 0x0A, 0x0A, 0x0B, 0xFE, 0x06, 0x05, 0x04, 0x05,
    0x06, 0x06, 0x07, 0x07, 0x08, 0xFE, 0x00, 0x02, 0x04, 0x06, 0x08, 0x0A,
    0xFE, 0x04, 0x06, 0x0F, 0xFE, 0x02, 0x02, 0x03, 0x04, 0x04, 0x05, 0x06,
    0x06, 0x08, 0x0A, 0x0C, 0x0F, 0xFE, 0x00, 0x01, 0x01, 0x02, 0x02, 0x03,
    0x03, 0x04, 0x05, 0x06, 0x07, 0x09, 0x0B, 0x0F, 0xFE, 0x01, 0x01, 0x01,
    0x02, 0x02, 0x03, 0x03, 0x04, 0x04, 0x05, 0x06, 0x07, 0x08, 0x0A, 0x0C,
    0x0F, 0xFE, 0x01, 0x02, 0x03, 0x04, 0x05, 0x06, 0x07, 0x08, 0x09, 0x0A,
    0x0C, 0x0F, 0xFE, 0x00, 0x03, 0x0F, 0xFE, 0xF2, 0x5B, 0xF4, 0x5B, 0xFC,
    0x5B, 0x24, 0x5C, 0x2E, 0x5C, 0x35, 0x5C, 0x39, 0x5C, 0x46, 0x5C, 0x55,
    0x5C, 0x66, 0x5C, 0x73, 0x5C, 0x71, 0x65, 0x03, 0x07, 0xFF, 0x71, 0x18,
    0x03, 0x1F, 0x07, 0xFF, 0x71, 0x18, 0x03, 0x13, 0x07, 0xFF, 0x7A, 0x04,
    0x03, 0xFF, 0x78, 0x09, 0x06, 0x03, 0x10, 0xFF, 0x79, 0x1B, 0x03, 0x1F,
    0x03, 0x22, 0x03, 0x27, 0x03, 0x2B, 0x03, 0x2E, 0x03, 0x33, 0x08, 0xFF,
    0x79, 0x83, 0x60, 0x01, 0x1F, 0x03, 0x22, 0x03, 0x27, 0x03, 0x2B, 0x03,
    0x2E, 0x03, 0x33, 0x03, 0x37, 0x06, 0xFF, 0x77, 0x16, 0x02, 0x60, 0x01,
    0x1A, 0x02, 0x60, 0x01, 0x1D, 0x02, 0x22, 0x02, 0x26, 0x0C, 0xFF, 0x72,
    0x91, 0x1D, 0x18, 0x18, 0x0C, 0x1D, 0x0C, 0x20, 0x18, 0x22, 0x0C, 0x20,
    0x0C, 0x1F, 0x0C, 0x1B, 0x0C, 0x1F, 0x0C, 0x22, 0x0C, 0x24, 0x30, 0xFF,
    0x73, 0x05, 0x12, 0x05, 0x06, 0x05, 0x18, 0x01, 0x12, 0x01, 0x06, 0x01,
    0x18, 0x03, 0x12, 0x03, 0x06, 0x03, 0x18, 0x00, 0x12, 0x00, 0x06, 0x00,
    0x18, 0xFF, 0x74, 0x84, 0x11, 0x06, 0x14, 0x06, 0x18, 0x06, 0x1D, 0x06,
    0x14, 0x06, 0x18, 0x06, 0x1D, 0x06, 0x18, 0x06, 0x0D, 0x06, 0x11, 0x06,
    0x14, 0x06, 0x19, 0x06, 0x11, 0x06, 0x14, 0x06, 0x19, 0x06, 0x14, 0x06,
    0x0F, 0x06, 0x13, 0x06, 0x16, 0x06, 0x1B, 0x06, 0x13, 0x06, 0x16, 0x06,
    0x1B, 0x06, 0x16, 0x06, 0x0C, 0x06, 0x10, 0x06, 0x13, 0x06, 0x18, 0x06,
    0x10, 0x06, 0x13, 0x06, 0x18, 0x06, 0x13, 0x06, 0xFF, 0x81, 0x75, 0x04,
    0x06, 0x04, 0x06, 0x04, 0x06, 0x04, 0x06, 0x76, 0x05, 0x0C, 0x75, 0x04,
    0x06, 0x04, 0x06, 0x75, 0x04, 0x06, 0x04, 0x06, 0x04, 0x06, 0x04, 0x06,
    0x76, 0x05, 0x0C, 0x75, 0x04, 0x06, 0x04, 0x06, 0x75, 0x04, 0x06, 0x04,
    0x06, 0x04, 0x06, 0x04, 0x06, 0x76, 0x05, 0x0C, 0x75, 0x04, 0x06, 0x04,
    0x06, 0x75, 0x04, 0x06, 0x04, 0x06, 0x04, 0x06, 0x04, 0x06, 0x76, 0x05,
    0x0C, 0x75, 0x04, 0x06, 0x04, 0x06, 0xFF, 0x00, 0x00, 0x8D, 0x5C, 0x00,
    0x00, 0x00, 0x00, 0x09, 0x05, 0x00, 0x00, 0x92, 0x5C, 0x00, 0x00, 0x00,
    0x00, 0x09, 0x04, 0x00, 0x00, 0x98, 0x5C, 0x00, 0x00, 0x00, 0x00, 0x09,
    0x04, 0x00, 0x00, 0x00, 0x00, 0x00, 0x00, 0x9E, 0x5C, 0x00, 0x03, 0x00,
    0x00, 0xA2, 0x5C, 0x00, 0x00, 0x00, 0x00, 0x14, 0x02, 0x00, 0x00, 0xA8,
    0x5C, 0xB8, 0x5C, 0x00, 0x00, 0x00, 0x01, 0x00, 0x00, 0xCB, 0x5C, 0x00,
    0x00, 0x00, 0x00, 0x08, 0x01, 0xDB, 0x5C, 0xF4, 0x5C, 0x0E, 0x5D, 0x51,
    0x5D, 0x00, 0x00, 0x41, 0x42, 0x43, 0x44, 0x45, 0x46, 0x47, 0x48, 0x49,
    0x4A, 0x4B, 0x4C, 0x4D, 0x4E, 0x4F, 0x50, 0x51, 0x52, 0x53, 0x54, 0x55,
    0x56, 0x57, 0x58, 0x59, 0x5A, 0x30, 0x31, 0x32, 0x33, 0x34, 0x35, 0x36,
    0x37, 0x38, 0x39, 0x2E, 0x2D, 0x5F, 0x21, 0x22, 0x23, 0x24, 0x25, 0x26,
    0x27, 0x28, 0x29, 0x2A, 0x2B, 0x2C, 0x2F, 0x3A, 0x3B, 0x3C, 0x3D, 0x3E,
    0x3F, 0x40, 0x5B, 0x5C, 0x5D, 0x5E, 0x00, 0x00, 0x00, 0x38, 0x5E, 0x3D,
    0x5E, 0x41, 0x5E, 0x45, 0x5E, 0x49, 0x5E, 0x04, 0x0A, 0x0F, 0x14, 0x19,
    0x43, 0x41, 0x53, 0x45, 0x00, 0x53, 0x50, 0x43, 0x00, 0x52, 0x55, 0x42,
    0x00, 0x45, 0x4E, 0x44, 0x00, 0x45, 0x53, 0x43, 0x00, 0x31, 0x20, 0x54,
    0x59, 0x50, 0x45, 0x20, 0x20, 0x32, 0x20, 0x52, 0x55, 0x42, 0x20, 0x20,
    0x50, 0x41, 0x55, 0x53, 0x45, 0x20, 0x45, 0x4E, 0x44, 0x00, 0x3F, 0x3F,
    0x3E, 0x3D, 0x3C, 0x38, 0x39, 0x34, 0x34, 0x30, 0x30, 0x20, 0x46, 0x4F,
    0x52, 0x20, 0x54, 0x48, 0x45, 0x20, 0x53, 0x45, 0x47, 0x41, 0x20, 0x4D,
    0x41, 0x53, 0x54, 0x45, 0x52, 0x20, 0x53, 0x59, 0x53, 0x54, 0x45, 0x4D,
    0x00, 0x50, 0x52, 0x45, 0x53, 0x53, 0x20, 0x42, 0x55, 0x54, 0x54, 0x4F,
    0x4E, 0x20, 0x31, 0x00, 0x00, 0x00, 0x00, 0x00, 0x00, 0x00, 0x00, 0x07,
    0x80, 0x80, 0x80, 0x80, 0x80, 0x80, 0x80, 0xF0, 0x00, 0x00, 0x00, 0x00,
    0x00, 0x00, 0x00, 0x3F, 0x00, 0x00, 0x80, 0x80, 0x80, 0x80, 0x80, 0xFF,
    0x0F, 0x1F, 0x3F, 0x7F, 0x7F, 0x7F, 0x7F, 0xFF, 0xFC, 0xFE, 0xFF, 0xFF,
    0xFF, 0xFF, 0xFF, 0xFF, 0x00, 0x00, 0x00, 0x00, 0x80, 0x80, 0x80, 0xFF,
    0x00, 0x00, 0x00, 0x40, 0x40, 0x40, 0x40, 0xF8, 0x00, 0x00, 0x00, 0x00,
    0x01, 0x01, 0x01, 0x01, 0x00, 0x00, 0x00, 0x00, 0xFF, 0xFF, 0xFF, 0xE0,
    0x00, 0x00, 0x00, 0x00, 0xFF, 0xFF, 0xFF, 0x00, 0x00, 0x00, 0x00, 0x00,
    0x03, 0x03, 0x03, 0x03, 0x00, 0x00, 0x00, 0x00, 0xC0, 0xC0, 0xC0, 0xC0,
    0x00, 0x00, 0x00, 0x00, 0x1E, 0x1E, 0x1E, 0x1E, 0x00, 0x00, 0x00, 0x00,
    0x07, 0x07, 0x07, 0x07, 0x00, 0x00, 0x00, 0x00, 0x80, 0x80, 0x80, 0x80,
    0x00, 0x00, 0x00, 0x00, 0x70, 0x70, 0x70, 0x70, 0x00, 0x00, 0x00, 0x00,
    0x00, 0x00, 0x00, 0x01, 0x80, 0x80, 0x80, 0x80, 0x80, 0x80, 0x80, 0xC0,
    0x7F, 0x7F, 0x3F, 0x3F, 0x1F, 0x0F, 0x07, 0x01, 0xFF, 0xFF, 0xFF, 0xFF,
    0xFE, 0xFC, 0xF0, 0xC0, 0x80, 0x80, 0x00, 0x00, 0x00, 0x00, 0x00, 0x01,
    0x40, 0x40, 0x40, 0x40, 0x40, 0x40, 0x40, 0xE0, 0x00, 0x00, 0x00, 0x10,
    0x18, 0x1C, 0x1C, 0x1E, 0x00, 0x00, 0x00, 0x00, 0x1C, 0x1C, 0x1C, 0x1C,
    0x00, 0x00, 0x00, 0x00, 0xFF, 0xFF, 0xFF, 0xC0, 0x00, 0x00, 0x00, 0x00,
    0xFE, 0xFE, 0xFE, 0x00, 0x00, 0x00, 0x00, 0x00, 0x3F, 0x3F, 0x3F, 0x00,
    0x00, 0x00, 0x00, 0x00, 0xFF, 0xFF, 0xFF, 0x0E, 0x00, 0x00, 0x00, 0x00,
    0x80, 0x80, 0x80, 0x00, 0x01, 0x01, 0x01, 0x01, 0x01, 0x01, 0x01, 0x01,
    0xE0, 0xE0, 0xE0, 0xE0, 0xE0, 0xE0, 0xE0, 0xE0, 0x03, 0x03, 0x03, 0x03,
    0x03, 0x03, 0x03, 0x03, 0xC0, 0xC0, 0xC0, 0xC0, 0xC0, 0xC0, 0xC0, 0xC0,
    0x1E, 0x1E, 0x1E, 0x1E, 0x1E, 0x1E, 0x1E, 0x1E, 0x07, 0x07, 0x07, 0x07,
    0x07, 0x07, 0x07, 0x07, 0x80, 0x80, 0x80, 0x80, 0x80, 0x80, 0x80, 0x80,
    0x70, 0x70, 0x70, 0x70, 0x70, 0x70, 0x70, 0x71, 0x00, 0x00, 0x00, 0x00,
    0x00, 0x00, 0x00, 0xFF, 0x0F, 0x1F, 0x3F, 0x7F, 0x7F, 0xFF, 0xFF, 0xFF,
    0xF8, 0xFC, 0xFE, 0xFF, 0xFF, 0xFF, 0xFF, 0xFF, 0x0C, 0x10, 0x20, 0x40,
    0x40, 0x80, 0x80, 0x80, 0x18, 0x04, 0x02, 0x01, 0x01, 0x01, 0x00, 0x00,
    0x0F, 0x1F, 0x3F, 0x3F, 0x7F, 0x7F, 0xFF, 0xFF, 0xF8, 0xFE, 0xFF, 0xFF,
    0xFF, 0xFF, 0xFF, 0xFF, 0x00, 0x00, 0x00, 0x00, 0x80, 0x80, 0x80, 0xF0,
    0x1F, 0x1F, 0x1F, 0x1F, 0x1F, 0x1E, 0x1E, 0x1E, 0x80, 0x80, 0xC0, 0xE0,
    0xF0, 0xF8, 0x7C, 0x3E, 0x1C, 0x1C, 0x1C, 0x1C, 0x1C, 0x1C, 0x1C, 0x1C,
    0x0E, 0x0E, 0x0E, 0x0E, 0x0E, 0x0E, 0x0E, 0x0E, 0xE0, 0xFF, 0xFF, 0xFF,
    0xE0, 0xE0, 0xE0, 0xE0, 0x00, 0xFF, 0xFF, 0xFF, 0x00, 0x00, 0x00, 0x00,
    0x70, 0x70, 0x70, 0x70, 0x70, 0x70, 0x70, 0x70, 0xFF, 0xFF, 0x7F, 0x7F,
    0x3F, 0x1F, 0x0F, 0x03, 0xFF, 0xFF, 0xFF, 0xFE, 0xFE, 0xFC, 0xF0, 0xC0,
    0x80, 0x00, 0x40, 0x40, 0x20, 0x10, 0x0C, 0x03, 0x00, 0x01, 0x01, 0x02,
    0x02, 0x0C, 0x18, 0xE0, 0xFF, 0x7F, 0x7F, 0x3F, 0x1F, 0x1F, 0x07, 0x01,
    0xFF, 0xFF, 0xFF, 0xFF, 0xFE, 0xFC, 0xF8, 0xE0, 0x1E, 0x1E, 0x1E, 0x1E,
    0x1E, 0x1E, 0x1E, 0x1E, 0x1F, 0x0F, 0x07, 0x03, 0x01, 0x00, 0x00, 0x00,
    0x00, 0x80, 0xC0, 0xE0, 0xF0, 0xF0, 0x78, 0x7C, 0xFF, 0xFF, 0xFF, 0xFF,
    0xC0, 0xC0, 0xC0, 0xC0, 0xFE, 0xFE, 0xFE, 0xFE, 0x00, 0x00, 0x00, 0x00,
    0x03, 0x03, 0x03, 0x03, 0x03, 0x01, 0x01, 0x01, 0xC0, 0xC0, 0xC0, 0xC0,
    0xC0, 0xE0, 0xE0, 0xF0, 0x1E, 0x1E, 0x1E, 0x1E, 0x1E, 0x3C, 0x3C, 0x3C,
    0x00, 0x00, 0x00, 0x00, 0x00, 0x00, 0x00, 0x0F, 0x80, 0x80, 0x80, 0x80,
    0x80, 0x80, 0x80, 0xFF, 0x07, 0x0F, 0x1F, 0x3F, 0x3F, 0x7F, 0x7F, 0xFF,
    0xF8, 0xFC, 0xFE, 0xFF, 0xFF, 0xFF, 0xFF, 0xFF, 0x00, 0x00, 0x00, 0x00,
    0x00, 0x80, 0x80, 0xFC, 0x1E, 0x0F, 0x0F, 0x07, 0x03, 0x01, 0x00, 0x00,
    0x1C, 0x1C, 0x9C, 0xDC, 0xFC, 0xFC, 0xFC, 0x7C, 0xFC, 0x7F, 0x3F, 0x1F,
    0x07, 0x00, 0x00, 0x00, 0x01, 0xFF, 0xFF, 0xFF, 0xFE, 0x00, 0x00, 0x00,
    0xF8, 0xF0, 0xE0, 0xC0, 0x00, 0x00, 0x00, 0x00, 0x0E, 0x1F, 0x0F, 0x07,
    0x03, 0x00, 0x00, 0x00, 0x0F, 0x9F, 0xFF, 0xFE, 0xF8, 0x00, 0x00, 0x00,
    0x70, 0x70, 0x70, 0x70, 0x00, 0x00, 0x00, 0x00, 0x7F, 0x7F, 0x7F, 0x3F,
    0x3F, 0x1F, 0x0F, 0x07, 0xFF, 0xFF, 0xFF, 0xFF, 0xFF, 0xFE, 0xFC, 0xF0,
    0x1E, 0x1E, 0x1E, 0x1E, 0x00, 0x00, 0x40, 0x40, 0x3C, 0x1C, 0x0C, 0x04,
    0x04, 0x00, 0x00, 0x00, 0x03, 0x03, 0x03, 0x03, 0x00, 0x00, 0x00, 0x00,
    0xC0, 0xFF, 0xFF, 0xFF, 0x00, 0x00, 0x00, 0x00, 0x00, 0xFE, 0xFE, 0xFE,
    0x00, 0x00, 0x00, 0x00, 0x0E, 0x0E, 0x0E, 0x0E, 0x00, 0x00, 0x00, 0x00,
    0x00, 0x00, 0x00, 0x00, 0x00, 0x00, 0x00, 0x07, 0x40, 0x40, 0x40, 0x40,
    0x40, 0x40, 0x40, 0xFF, 0x40, 0x40, 0x40, 0x40, 0x40, 0x40, 0x40, 0x00,
    0x01, 0x01, 0x01, 0x01, 0x00, 0x00, 0x00, 0x00, 0xE0, 0xE0, 0xE0, 0xE0,
    0x00, 0x00, 0x00, 0x00, 0x80, 0x80, 0x80, 0x00, 0x00, 0x00, 0x00, 0x00,
    0x40, 0x40, 0x40, 0x00, 0x00, 0x00, 0x00, 0x00, 0x40, 0x40, 0x40, 0x40,
    0x40, 0x40, 0x40, 0x00, 0x00, 0x00, 0x00, 0x00, 0x00, 0x00, 0x00, 0x00,
    0x00, 0x00, 0x00, 0x00, 0x00, 0x00, 0x00, 0x80, 0x81, 0x00, 0x00, 0x00,
    0x00, 0x00, 0x00, 0x00, 0x00, 0x00, 0x00, 0x00, 0x00, 0x00, 0x00, 0x00,
    0x00, 0x00, 0x00, 0x00, 0x00, 0x00, 0x00, 0x00, 0x00, 0x00, 0x00, 0x00,
    0x00, 0x82, 0x83, 0x84, 0x85, 0x86, 0x87, 0x00, 0x00, 0x00, 0x00, 0x00,
    0x00, 0x00, 0x00, 0x00, 0x00, 0x00, 0x00, 0x00, 0x00, 0x88, 0x89, 0x8A,
    0x8B, 0x8C, 0x00, 0x8D, 0x00, 0x8E, 0x8F, 0x90, 0x00, 0x91, 0x92, 0x93,
    0x94, 0x95, 0x96, 0x00, 0x97, 0x00, 0x00, 0x98, 0x8B, 0x99, 0x9A, 0x9B,
    0x9C, 0x8A, 0x9D, 0x00, 0x00, 0x9E, 0x9F, 0x00, 0xA0, 0xA1, 0x00, 0xA2,
    0x00, 0xA3, 0xA4, 0xA5, 0xA6, 0xA7, 0xA8, 0xA9, 0xAA, 0xAB, 0xAC, 0xAD,
    0xAE, 0xAF, 0x00, 0xB0, 0xA0, 0xA1, 0x00, 0x00, 0xB1, 0x00, 0x00, 0x00,
    0x00, 0x9E, 0xB2, 0xB3, 0xA0, 0xA1, 0x00, 0xA2, 0x00, 0xA3, 0xA4, 0xB4,
    0x00, 0xB5, 0xB6, 0xB7, 0xB8, 0xB9, 0xBA, 0x95, 0xBB, 0xBC, 0xBD, 0xB0,
    0xA0, 0xBE, 0xBF, 0x00, 0xB1, 0x00, 0x00, 0x00, 0x00, 0x9E, 0x9F, 0x00,
    0xC0, 0xC1, 0x00, 0xC2, 0x00, 0xA3, 0xA4, 0xB4, 0x00, 0xC3, 0xC4, 0xA6,
    0xC4, 0xC5, 0xC6, 0xC7, 0xBB, 0x00, 0xC8, 0xC9, 0xA0, 0xA1, 0x00, 0x00,
    0xB1, 0x00, 0x00, 0x00, 0x00, 0xDB, 0xDC, 0x00, 0x00, 0xCA, 0xCB, 0xCC,
    0xCD, 0xCE, 0x00, 0xCF, 0x00, 0x00, 0xA4, 0x00, 0xA4, 0xD0, 0xD1, 0xDD,
    0xD2, 0x00, 0x00, 0xD3, 0xD4, 0xD5, 0xD6, 0x00, 0xD7, 0x00, 0x00, 0x00,
    0x00, 0x00, 0x00, 0x00, 0x00, 0x00, 0x00, 0x00, 0x00, 0x00, 0x00, 0x00,
    0x00, 0x00, 0x00, 0xD8, 0xC4, 0xA6, 0xD9, 0xA6, 0xD9, 0x00, 0x00, 0x00,
    0x00, 0x00, 0x00, 0x00, 0x00, 0x00, 0x00, 0x00, 0x00, 0x00, 0x00, 0x00,
    0x00, 0x00, 0x00, 0x00, 0x00, 0x00, 0x00, 0x00, 0x00, 0x00, 0x00, 0x00,
    0xDD, 0x00, 0xDE, 0x00, 0xDF, 0x00, 0x00, 0x00, 0x00, 0x00, 0x00, 0x00,
    0x00, 0x00, 0x00, 0x00, 0x00, 0x00, 0x00, 0x00, 0x00, 0x00, 0x00, 0x00,
    0x00, 0x00, 0x00, 0x00, 0x00, 0x00, 0x00, 0x00, 0x00, 0x00, 0x00, 0x00,
    0x00, 0x00, 0x00, 0x00, 0x00, 0x00, 0x00, 0x00, 0x00, 0x00, 0x00, 0x00,
    0x00, 0x00, 0x00, 0x00, 0x00, 0x00, 0x00, 0x00, 0x00, 0x0F, 0x3F, 0x70,
    0x60, 0x60, 0x60, 0x60, 0x00, 0xFF, 0xFF, 0x00, 0x00, 0x00, 0x00, 0x00,
    0x60, 0x60, 0x60, 0x60, 0x60, 0x60, 0x60, 0x60, 0x60, 0x60, 0x68, 0x6C,
    0x6E, 0x6C, 0x68, 0x60, 0x40, 0x60, 0x70, 0x78, 0x70, 0x60, 0x40, 0x00,
    0xFF, 0x00, 0x00, 0x00, 0x00, 0x00, 0x00, 0x00, 0xFF, 0x00, 0x00, 0x00,
    0x00, 0x00, 0x00, 0x00, 0x00, 0x03, 0x04, 0x04, 0x04, 0x04, 0x03, 0x00,
    0x00, 0xFF, 0x00, 0x00, 0x00, 0x00, 0xFF, 0x00, 0x00, 0xFF, 0x80, 0x80,
    0x80, 0x80, 0xFF, 0x00, 0x00, 0xFF, 0xC0, 0xC0, 0xC0, 0xC0, 0xFF, 0x00,
    0x00, 0xFF, 0xE0, 0xE0, 0xE0, 0xE0, 0xFF, 0x00, 0x00, 0xFF, 0xF0, 0xF0,
    0xF0, 0xF0, 0xFF, 0x00, 0x00, 0xFF, 0xF8, 0xF8, 0xF8, 0xF8, 0xFF, 0x00,
    0x00, 0xFF, 0xFC, 0xFC, 0xFC, 0xFC, 0xFF, 0x00, 0x00, 0xFF, 0xFE, 0xFE,
    0xFE, 0xFE, 0xFF, 0x00, 0x00, 0xFF, 0xFF, 0xFF, 0xFF, 0xFF, 0xFF, 0x00,
    0x00, 0x00, 0x00, 0x00, 0x00, 0x00, 0x00, 0x00, 0x00, 0x00, 0x00, 0x00,
    0x00, 0x00, 0x00, 0x00, 0x00, 0x00, 0x00, 0x00, 0x00, 0x00, 0x00, 0x00,
    0x00, 0x00, 0x00, 0x00, 0x00, 0x00, 0x00, 0x00, 0x00, 0x00, 0x00, 0x00,
    0x00, 0x00, 0x00, 0x00, 0x00, 0x00, 0x00, 0x00, 0x00, 0x00, 0x00, 0x00,
    0x00, 0x00, 0x00, 0x00, 0x00, 0x00, 0x00, 0x00, 0x00, 0x00, 0x00, 0x00,
    0x00, 0x00, 0x00, 0x00, 0x00, 0x00, 0x00, 0x00, 0x00, 0x00, 0x00, 0x00,
    0x00, 0x00, 0x00, 0x00, 0x00, 0x00, 0x00, 0x00, 0x00, 0x00, 0x00, 0x00,
    0x00, 0x00, 0x00, 0x00, 0x00, 0x00, 0x00, 0x00, 0x00, 0x00, 0x00, 0x00,
    0x00, 0x00, 0x00, 0x00, 0x00, 0x00, 0x00, 0x00, 0x00, 0x00, 0x00, 0x00,
    0x00, 0x00, 0x00, 0x00, 0x00, 0x00, 0x00, 0x00, 0x00, 0x00, 0x00, 0x00,
    0x18, 0x18, 0x18, 0x18, 0x18, 0x00, 0x18, 0x18, 0x6C, 0x6C, 0x24, 0x00,
    0x00, 0x00, 0x00, 0x00, 0x24, 0x24, 0x7E, 0x24, 0x24, 0x7E, 0x24, 0x24,
    0x10, 0x3E, 0x68, 0x3C, 0x0A, 0x0A, 0x7C, 0x10, 0x62, 0x66, 0x0C, 0x18,
    0x30, 0x66, 0x46, 0x00, 0x38, 0x6C, 0x6C, 0x38, 0x6A, 0x64, 0x6A, 0x32,
    0x18, 0x18, 0x08, 0x00, 0x00, 0x00, 0x00, 0x00, 0x0C, 0x18, 0x30, 0x30,
    0x30, 0x30, 0x18, 0x0C, 0x60, 0x30, 0x18, 0x18, 0x18, 0x18, 0x30, 0x60,
    0x00, 0x54, 0x38, 0x7C, 0x38, 0x54, 0x00, 0x00, 0x00, 0x18, 0x18, 0x7E,
    0x7E, 0x18, 0x18, 0x00, 0x00, 0x00, 0x00, 0x00, 0x00, 0x18, 0x18, 0x30,
    0x00, 0x00, 0x00, 0x3C, 0x3C, 0x00, 0x00, 0x00, 0x00, 0x00, 0x00, 0x00,
    0x00, 0x00, 0x18, 0x18, 0x06, 0x06, 0x0C, 0x18, 0x18, 0x30, 0x60, 0x60,
    0x38, 0x44, 0x4C, 0x54, 0x64, 0x44, 0x38, 0x00, 0x10, 0x30, 0x10, 0x10,
    0x10, 0x10, 0x38, 0x00, 0x38, 0x44, 0x04, 0x08, 0x10, 0x20, 0x7C, 0x00,
    0x7C, 0x08, 0x10, 0x08, 0x04, 0x44, 0x38, 0x00, 0x08, 0x18, 0x28, 0x48,
    0x7C, 0x08, 0x08, 0x00, 0x7C, 0x40, 0x78, 0x04, 0x04, 0x44, 0x38, 0x00,
    0x18, 0x20, 0x40, 0x78, 0x44, 0x44, 0x38, 0x00, 0x7C, 0x04, 0x08, 0x10,
    0x20, 0x20, 0x20, 0x00, 0x38, 0x44, 0x44, 0x38, 0x44, 0x44, 0x38, 0x00,
    0x38, 0x44, 0x44, 0x3C, 0x04, 0x08, 0x30, 0x00, 0x00, 0x18, 0x18, 0x00,
    0x00, 0x18, 0x18, 0x00, 0x00, 0x18, 0x18, 0x00, 0x00, 0x18, 0x18, 0x30,
    0x00, 0x0C, 0x18, 0x30, 0x30, 0x18, 0x0C, 0x00, 0x00, 0x00, 0x7E, 0x00,
    0x00, 0x7E, 0x00, 0x00, 0x00, 0x60, 0x30, 0x18, 0x18, 0x30, 0x60, 0x00,
    0x3C, 0x66, 0x06, 0x0C, 0x18, 0x18, 0x00, 0x18, 0x3C, 0x42, 0x4E, 0x52,
    0x52, 0x4E, 0x40, 0x3E, 0x3C, 0x62, 0x62, 0x62, 0x7E, 0x62, 0x62, 0x62,
    0x78, 0x68, 0x64, 0x7C, 0x62, 0x62, 0x62, 0x7C, 0x3C, 0x62, 0x60, 0x60,
    0x60, 0x60, 0x62, 0x3C, 0x78, 0x64, 0x62, 0x62, 0x62, 0x62, 0x64, 0x78,
    0x7E, 0x60, 0x60, 0x7C, 0x60, 0x60, 0x60, 0x7E, 0x7E, 0x60, 0x60, 0x7C,
    0x60, 0x60, 0x60, 0x60, 0x3C, 0x62, 0x60, 0x60, 0x6E, 0x62, 0x62, 0x3E,
    0x62, 0x62, 0x62, 0x7E, 0x62, 0x62, 0x62, 0x62, 0x7E, 0x18, 0x18, 0x18,
    0x18, 0x18, 0x18, 0x7E, 0x1E, 0x06, 0x06, 0x06, 0x06, 0x06, 0x66, 0x3C,
    0x62, 0x64, 0x68, 0x78, 0x68, 0x64, 0x64, 0x62, 0x60, 0x60, 0x60, 0x60,
    0x60, 0x60, 0x60, 0x7E, 0xC2, 0xE6, 0xDA, 0xC2, 0xC2, 0xC2, 0xC2, 0xC2,
    0x62, 0x72, 0x6A, 0x6A, 0x66, 0x66, 0x62, 0x62, 0x38, 0x64, 0x62, 0x62,
    0x62, 0x62, 0x64, 0x38, 0x7C, 0x62, 0x62, 0x62, 0x7C, 0x60, 0x60, 0x60,
    0x38, 0x64, 0x62, 0x62, 0x62, 0x6A, 0x64, 0x3A, 0x7C, 0x62, 0x62, 0x62,
    0x7C, 0x68, 0x64, 0x62, 0x3C, 0x62, 0x60, 0x3C, 0x06, 0x06, 0x46, 0x3C,
    0x7E, 0x18, 0x18, 0x18, 0x18, 0x18, 0x18, 0x18, 0x62, 0x62, 0x62, 0x62,
    0x62, 0x62, 0x62, 0x3C, 0x62, 0x62, 0x62, 0x34, 0x34, 0x34, 0x18, 0x18,
    0xC2, 0xC2, 0xC2, 0xC2, 0xDA, 0xDA, 0xE6, 0xC2, 0x62, 0x34, 0x34, 0x18,
    0x18, 0x2C, 0x2C, 0x46, 0x62, 0x62, 0x34, 0x34, 0x18, 0x18, 0x18, 0x18,
    0x7E, 0x06, 0x0C, 0x18, 0x30, 0x60, 0x60, 0x7E, 0x3C, 0x30, 0x30, 0x30,
    0x30, 0x30, 0x30, 0x3C, 0x60, 0x60, 0x30, 0x18, 0x18, 0x0C, 0x06, 0x06,
    0x3C, 0x0C, 0x0C, 0x0C, 0x0C, 0x0C, 0x0C, 0x3C, 0x18, 0x3C, 0x66, 0x00,
    0x00, 0x00, 0x00, 0x00, 0x00, 0x00, 0x00, 0x00, 0x00, 0x00, 0x00, 0x7E,
    0x30, 0x18, 0x08, 0x00, 0x00, 0x00, 0x00, 0x00, 0x00, 0x00, 0x00, 0x3C,
    0x02, 0x3E, 0x62, 0x3E, 0x60, 0x60, 0x60, 0x7C, 0x62, 0x62, 0x62, 0x7C,
    0x00, 0x00, 0x00, 0x3C, 0x60, 0x60, 0x60, 0x3C, 0x02, 0x02, 0x02, 0x3E,
    0x62, 0x62, 0x62, 0x3E, 0x00, 0x00, 0x00, 0x3C, 0x62, 0x7E, 0x60, 0x3C,
    0x1C, 0x30, 0x30, 0x7C, 0x30, 0x30, 0x30, 0x30, 0x00, 0x00, 0x00, 0x3E,
    0x62, 0x3E, 0x02, 0x3C, 0x60, 0x60, 0x60, 0x7C, 0x62, 0x62, 0x62, 0x62,
    0x18, 0x00, 0x00, 0x38, 0x18, 0x18, 0x18, 0x3C, 0x0C, 0x00, 0x00, 0x1C,
    0x0C, 0x0C, 0x4C, 0x38, 0x60, 0x60, 0x60, 0x64, 0x68, 0x70, 0x68, 0x64,
    0x38, 0x18, 0x18, 0x18, 0x18, 0x18, 0x18, 0x3C, 0x00, 0x00, 0x00, 0xEC,
    0xD2, 0xD2, 0xD2, 0xD2, 0x00, 0x00, 0x00, 0x7C, 0x62, 0x62, 0x62, 0x62,
    0x00, 0x00, 0x00, 0x3C, 0x62, 0x62, 0x62, 0x3C, 0x00, 0x00, 0x00, 0x7C,
    0x62, 0x62, 0x7C, 0x60, 0x00, 0x00, 0x00, 0x3E, 0x62, 0x62, 0x3E, 0x02,
    0x00, 0x00, 0x00, 0x6C, 0x72, 0x60, 0x60, 0x60, 0x00, 0x00, 0x00, 0x3E,
    0x60, 0x3C, 0x06, 0x7C, 0x00, 0x30, 0x30, 0x7C, 0x30, 0x30, 0x32, 0x1C,
    0x00, 0x00, 0x00, 0x62, 0x62, 0x62, 0x62, 0x3E, 0x00, 0x00, 0x00, 0x62,
    0x62, 0x34, 0x34, 0x18, 0x00, 0x00, 0x00, 0xC2, 0xD2, 0xD2, 0xD2, 0x6C,
    0x00, 0x00, 0x00, 0x62, 0x34, 0x18, 0x2C, 0x46, 0x00, 0x00, 0x00, 0x62,
    0x62, 0x3E, 0x02, 0x3C, 0x00, 0x00, 0x00, 0x7E, 0x0C, 0x18, 0x30, 0x7E,
    0x0C, 0x18, 0x18, 0x60, 0x60, 0x18, 0x18, 0x0C, 0x18, 0x18, 0x18, 0x18,
    0x18, 0x18, 0x18, 0x18, 0x60, 0x30, 0x30, 0x0C, 0x0C, 0x30, 0x30, 0x60,
    0x00, 0x00, 0x00, 0x3A, 0x5C, 0x00, 0x00, 0x00, 0x00, 0x00, 0x00, 0x00,
    0x00, 0x00, 0x00, 0x00, 0x01, 0x01, 0x01, 0x01, 0x01, 0x02, 0x03, 0x01,
    0x01, 0x01, 0x01, 0x01, 0x01, 0x01, 0x01, 0x01, 0x01, 0x01, 0x01, 0x01,
    0x01, 0x01, 0x01, 0x01, 0x01, 0x01, 0x01, 0x01, 0x01, 0x01, 0x01, 0x01,
    0x01, 0x01, 0x01, 0x01, 0x01, 0x01, 0x01, 0x01, 0x01, 0x01, 0x01, 0x01,
    0x01, 0x01, 0x01, 0x01, 0x01, 0x01, 0x01, 0x01, 0x01, 0x01, 0x01, 0x01,
    0x01, 0x01, 0x01, 0x01, 0x01, 0x01, 0x01, 0x01, 0x01, 0x01, 0x01, 0x01,
    0x01, 0x01, 0x01, 0x01, 0x01, 0x01, 0x01, 0x01, 0x01, 0x01, 0x01, 0x01,
    0x01, 0x01, 0x01, 0x01, 0x01, 0x01, 0x01, 0x01, 0x01, 0x01, 0x01, 0x01,
    0x01, 0x01, 0x01, 0x01, 0x01, 0x01, 0x01, 0x01, 0x01, 0x01, 0x01, 0x01,
    0x01, 0x01, 0x01, 0x01, 0x01, 0x01, 0x01, 0x01, 0x01, 0x01, 0x01, 0x01,
    0x01, 0x01, 0x01, 0x01, 0x01, 0x01, 0x01, 0x01, 0x01, 0x01, 0x01, 0x01,
    0x00, 0x01, 0x02, 0x03, 0x04, 0x02, 0x04, 0x04, 0x00, 0x01, 0x02, 0x03,
    0x04, 0x01, 0x02, 0x01, 0x00, 0x00, 0x00, 0x36, 0x01, 0x09, 0x01, 0xFF,
    0xFF, 0xFF, 0xFF, 0xFF, 0xFF, 0xFF, 0xFF, 0xFF, 0xFF, 0xFF, 0xFF, 0xFF,
    0xFF, 0xFF, 0xFF, 0xFF, 0xFF, 0xFF, 0xFF, 0xFF, 0xFF, 0xFF, 0xFF, 0xFF,
    0xFF, 0xFF, 0xFF, 0xFF, 0xFF, 0xFF, 0xFF, 0xFF, 0xFF, 0xFF, 0xFF, 0xFF,
    0xFF, 0xFF, 0xFF, 0xFF, 0xFF, 0xFF, 0xFF, 0xFF, 0xFF, 0xFF, 0xFF, 0xFF,
    0xFF, 0xFF, 0xFF, 0xFF, 0xFF, 0xFF, 0xFF, 0xFF, 0xFF, 0xFF, 0xFF, 0xFF,
    0xFF, 0xFF, 0xFF, 0xFF, 0xFF, 0xFF, 0xFF, 0xFF, 0xFF, 0xFF, 0xFF, 0xFF,
    0xFF, 0xFF, 0xFF, 0xFF, 0xFF, 0xFF, 0xFF, 0xFF, 0xFF, 0xFF, 0xFF, 0xFF,
    0xFF, 0xFF, 0xFF, 0xFF, 0xFF, 0xFF, 0xFF, 0xFF, 0xFF, 0xFF, 0xFF, 0xFF,
    0xFF, 0xFF, 0xFF, 0xFF, 0xFF, 0xFF, 0xFF, 0xFF, 0xFF, 0xFF, 0xFF, 0xFF,
    0xFF, 0xFF, 0xFF, 0xFF, 0xFF, 0xFF, 0xFF, 0xFF, 0xFF, 0xFF, 0xFF, 0xFF,
    0xFF, 0xFF, 0xFF, 0xFF, 0xFF, 0xFF, 0xFF, 0xFF, 0xFF, 0xFF, 0xFF, 0xFF,
    0xFF, 0xFF, 0xFF, 0xFF, 0xFF, 0xFF, 0xFF, 0xFF, 0xFF, 0xFF, 0xFF, 0xFF,
    0xFF, 0xFF, 0xFF, 0xFF, 0xFF, 0xFF, 0xFF, 0xFF, 0xFF, 0xFF, 0xFF, 0xFF,
    0xFF, 0xFF, 0xFF, 0xFF, 0xFF, 0xFF, 0xFF, 0xFF, 0xFF, 0xFF, 0xFF, 0xFF,
    0xFF, 0xFF, 0xFF, 0xFF, 0xFF, 0xFF, 0xFF, 0xFF, 0xFF, 0xFF, 0xFF, 0xFF,
    0xFF, 0xFF, 0xFF, 0xFF, 0xFF, 0xFF, 0xFF, 0xFF, 0xFF, 0xFF, 0xFF, 0xFF,
    0xFF, 0xFF, 0xFF, 0xFF, 0xFF, 0xFF, 0xFF, 0xFF, 0xFF, 0xFF, 0xFF, 0xFF,
    0xFF, 0xFF, 0xFF, 0xFF, 0xFF, 0xFF, 0xFF, 0xFF, 0xFF, 0xFF, 0xFF, 0xFF,
    0xFF, 0xFF, 0xFF, 0xFF, 0xFF, 0xFF, 0xFF, 0xFF, 0xFF, 0xFF, 0xFF, 0xFF,
    0xFF, 0xFF, 0xFF, 0xFF, 0xFF, 0xFF, 0xFF, 0xFF, 0xFF, 0xFF, 0xFF, 0xFF,
    0xFF, 0xFF, 0xFF, 0xFF, 0xFF, 0xFF, 0xFF, 0xFF, 0xFF, 0xFF, 0xFF, 0xFF,
    0xFF, 0xFF, 0xFF, 0xFF, 0xFF, 0xFF, 0xFF, 0xFF, 0xFF, 0xFF, 0xFF, 0xFF,
    0xFF, 0xFF, 0xFF, 0xFF, 0xFF, 0xFF, 0xFF, 0xFF, 0xFF, 0xFF, 0xFF, 0xFF,
    0xFF, 0xFF, 0xFF, 0xFF, 0xFF, 0xFF, 0xFF, 0xFF, 0xFF, 0xFF, 0xFF, 0xFF,
    0xFF, 0xFF, 0xFF, 0xFF, 0xFF, 0xFF, 0xFF, 0xFF, 0xFF, 0xFF, 0xFF, 0xFF,
    0xFF, 0xFF, 0xFF, 0xFF, 0xFF, 0xFF, 0xFF, 0xFF, 0xFF, 0xFF, 0xFF, 0xFF,
    0xFF, 0xFF, 0xFF, 0xFF, 0xFF, 0xFF, 0xFF, 0xFF, 0xFF, 0xFF, 0xFF, 0xFF,
    0xFF, 0xFF, 0xFF, 0xFF, 0xFF, 0xFF, 0xFF, 0xFF, 0xFF, 0xFF, 0xFF, 0xFF,
    0xFF, 0xFF, 0xFF, 0xFF, 0xFF, 0xFF, 0xFF, 0xFF, 0xFF, 0xFF, 0xFF, 0xFF,
    0xFF, 0xFF, 0xFF, 0xFF, 0xFF, 0xFF, 0xFF, 0xFF, 0xFF, 0xFF, 0xFF, 0xFF,
    0xFF, 0xFF, 0xFF, 0xFF, 0xFF, 0xFF, 0xFF, 0xFF, 0xFF, 0xFF, 0xFF, 0xFF,
    0xFF, 0xFF, 0xFF, 0xFF, 0xFF, 0xFF, 0xFF, 0xFF, 0xFF, 0xFF, 0xFF, 0xFF,
    0xFF, 0xFF, 0xFF, 0xFF, 0xFF, 0xFF, 0xFF, 0xFF, 0xFF, 0xFF, 0xFF, 0xFF,
    0xFF, 0xFF, 0xFF, 0xFF, 0xFF, 0xFF, 0xFF, 0xFF, 0xFF, 0xFF, 0xFF, 0xFF,
    0xFF, 0xFF, 0xFF, 0xFF, 0xFF, 0xFF, 0xFF, 0xFF, 0xFF, 0xFF, 0xFF, 0xFF,
    0xFF, 0xFF, 0xFF, 0xFF, 0xFF, 0xFF, 0xFF, 0xFF, 0xFF, 0xFF, 0xFF, 0xFF,
    0xFF, 0xFF, 0xFF, 0xFF, 0xFF, 0xFF, 0xFF, 0xFF, 0xFF, 0xFF, 0xFF, 0xFF,
    0xFF, 0xFF, 0xFF, 0xFF, 0xFF, 0xFF, 0xFF, 0xFF, 0xFF, 0xFF, 0xFF, 0xFF,
    0xFF, 0xFF, 0xFF, 0xFF, 0xFF, 0xFF, 0xFF, 0xFF, 0xFF, 0xFF, 0xFF, 0xFF,
    0xFF, 0xFF, 0xFF, 0xFF, 0xFF, 0xFF, 0xFF, 0xFF, 0xFF, 0xFF, 0xFF, 0xFF,
    0xFF, 0xFF, 0xFF, 0xFF, 0xFF, 0xFF, 0xFF, 0xFF, 0xFF, 0xFF, 0xFF, 0xFF,
    0xFF, 0xFF, 0xFF, 0xFF, 0xFF, 0xFF, 0xFF, 0xFF, 0xFF, 0xFF, 0xFF, 0xFF,
    0xFF, 0xFF, 0xFF, 0xFF, 0xFF, 0xFF, 0xFF, 0xFF, 0xFF, 0xFF, 0xFF, 0xFF,
    0xFF, 0xFF, 0xFF, 0xFF, 0xFF, 0xFF, 0xFF, 0xFF, 0xFF, 0xFF, 0xFF, 0xFF,
    0xFF, 0xFF, 0xFF, 0xFF, 0xFF, 0xFF, 0xFF, 0xFF, 0xFF, 0xFF, 0xFF, 0xFF,
    0xFF, 0xFF, 0xFF, 0xFF, 0xFF, 0xFF, 0xFF, 0xFF, 0xFF, 0xFF, 0xFF, 0xFF,
    0xFF, 0xFF, 0xFF, 0xFF, 0xFF, 0xFF, 0xFF, 0xFF, 0xFF, 0xFF, 0xFF, 0xFF,
    0xFF, 0xFF, 0xFF, 0xFF, 0xFF, 0xFF, 0xFF, 0xFF, 0xFF, 0xFF, 0xFF, 0xFF,
    0xFF, 0xFF, 0xFF, 0xFF, 0xFF, 0xFF, 0xFF, 0xFF, 0xFF, 0xFF, 0xFF, 0xFF,
    0xFF, 0xFF, 0xFF, 0xFF, 0xFF, 0xFF, 0xFF, 0xFF, 0xFF, 0xFF, 0xFF, 0xFF,
    0xFF, 0xFF, 0xFF, 0xFF, 0xFF, 0xFF, 0xFF, 0xFF, 0xFF, 0xFF, 0xFF, 0xFF,
    0xFF, 0xFF, 0xFF, 0xFF, 0xFF, 0xFF, 0xFF, 0xFF, 0xFF, 0xFF, 0xFF, 0xFF,
    0xFF, 0xFF, 0xFF, 0xFF, 0xFF, 0xFF, 0xFF, 0xFF, 0xFF, 0xFF, 0xFF, 0xFF,
    0xFF, 0xFF, 0xFF, 0xFF, 0xFF, 0xFF, 0xFF, 0xFF, 0xFF, 0xFF, 0xFF, 0xFF,
    0xFF, 0xFF, 0xFF, 0xFF, 0xFF, 0xFF, 0xFF, 0xFF, 0xFF, 0xFF, 0xFF, 0xFF,
    0xFF, 0xFF, 0xFF, 0xFF, 0xFF, 0xFF, 0xFF, 0xFF, 0xFF, 0xFF, 0xFF, 0xFF,
    0xFF, 0xFF, 0xFF, 0xFF, 0xFF, 0xFF, 0xFF, 0xFF, 0xFF, 0xFF, 0xFF, 0xFF,
    0xFF, 0xFF, 0xFF, 0xFF, 0xFF, 0xFF, 0xFF, 0xFF, 0xFF, 0xFF, 0xFF, 0xFF,
    0xFF, 0xFF, 0xFF, 0xFF, 0xFF, 0xFF, 0xFF, 0xFF, 0xFF, 0xFF, 0xFF, 0xFF,
    0xFF, 0xFF, 0xFF, 0xFF, 0xFF, 0xFF, 0xFF, 0xFF, 0xFF, 0xFF, 0xFF, 0xFF,
    0xFF, 0xFF, 0xFF, 0xFF, 0xFF, 0xFF, 0xFF, 0xFF, 0xFF, 0xFF, 0xFF, 0xFF,
    0xFF, 0xFF, 0xFF, 0xFF, 0xFF, 0xFF, 0xFF, 0xFF, 0xFF, 0xFF, 0xFF, 0xFF,
    0xFF, 0xFF, 0xFF, 0xFF, 0xFF, 0xFF, 0xFF, 0xFF, 0xFF, 0xFF, 0xFF, 0xFF,
    0xFF, 0xFF, 0xFF, 0xFF, 0xFF, 0xFF, 0xFF, 0xFF, 0xFF, 0xFF, 0xFF, 0xFF,
    0xFF, 0xFF, 0xFF, 0xFF, 0xFF, 0xFF, 0xFF, 0xFF, 0xFF, 0xFF, 0xFF, 0xFF,
    0xFF, 0xFF, 0xFF, 0xFF, 0xFF, 0xFF, 0xFF, 0xFF, 0xFF, 0xFF, 0xFF, 0xFF,
    0xFF, 0xFF, 0xFF, 0xFF, 0xFF, 0xFF, 0xFF, 0xFF, 0xFF, 0xFF, 0xFF, 0xFF,
    0xFF, 0xFF, 0xFF, 0xFF, 0xFF, 0xFF, 0xFF, 0xFF, 0xFF, 0xFF, 0xFF, 0xFF,
    0xFF, 0xFF, 0xFF, 0xFF, 0xFF, 0xFF, 0xFF, 0xFF, 0xFF, 0xFF, 0xFF, 0xFF,
    0xFF, 0xFF, 0xFF, 0xFF, 0xFF, 0xFF, 0xFF, 0xFF, 0xFF, 0xFF, 0xFF, 0xFF,
    0xFF, 0xFF, 0xFF, 0xFF, 0xFF, 0xFF, 0xFF, 0xFF, 0xFF, 0xFF, 0xFF, 0xFF,
    0xFF, 0xFF, 0xFF, 0xFF, 0xFF, 0xFF, 0xFF, 0xFF, 0xFF, 0xFF, 0xFF, 0xFF,
    0xFF, 0xFF, 0xFF, 0xFF, 0xFF, 0xFF, 0xFF, 0xFF, 0xFF, 0xFF, 0xFF, 0xFF,
    0xFF, 0xFF, 0xFF, 0xFF, 0xFF, 0xFF, 0xFF, 0xFF, 0xFF, 0xFF, 0xFF, 0xFF,
    0xFF, 0xFF, 0xFF, 0xFF, 0xFF, 0xFF, 0xFF, 0xFF, 0xFF, 0xFF, 0xFF, 0xFF,
    0xFF, 0xFF, 0xFF, 0xFF, 0xFF, 0xFF, 0xFF, 0xFF, 0xFF, 0xFF, 0xFF, 0xFF,
    0xFF, 0xFF, 0xFF, 0xFF, 0xFF, 0xFF, 0xFF, 0xFF, 0xFF, 0xFF, 0xFF, 0xFF,
    0xFF, 0xFF, 0xFF, 0xFF, 0xFF, 0xFF, 0xFF, 0xFF, 0xFF, 0xFF, 0xFF, 0xFF,
    0xFF, 0xFF, 0xFF, 0xFF, 0xFF, 0xFF, 0xFF, 0xFF, 0xFF, 0xFF, 0xFF, 0xFF,
    0xFF, 0xFF, 0xFF, 0xFF, 0xFF, 0xFF, 0xFF, 0xFF, 0xFF, 0xFF, 0xFF, 0xFF,
    0xFF, 0xFF, 0xFF, 0xFF, 0xFF, 0xFF, 0xFF, 0xFF, 0xFF, 0xFF, 0xFF, 0xFF,
    0xFF, 0xFF, 0xFF, 0xFF, 0xFF, 0xFF, 0xFF, 0xFF, 0xFF, 0xFF, 0xFF, 0xFF,
    0xFF, 0xFF, 0xFF, 0xFF, 0xFF, 0xFF, 0xFF, 0xFF, 0xFF, 0xFF, 0xFF, 0xFF,
    0xFF, 0xFF, 0xFF, 0xFF, 0xFF, 0xFF, 0xFF, 0xFF, 0xFF, 0xFF, 0xFF, 0xFF,
    0xFF, 0xFF, 0xFF, 0xFF, 0xFF, 0xFF, 0xFF, 0xFF, 0xFF, 0xFF, 0xFF, 0xFF,
    0xFF, 0xFF, 0xFF, 0xFF, 0xFF, 0xFF, 0xFF, 0xFF, 0xFF, 0xFF, 0xFF, 0xFF,
    0xFF, 0xFF, 0xFF, 0xFF, 0xFF, 0xFF, 0xFF, 0xFF, 0xFF, 0xFF, 0xFF, 0xFF,
    0xFF, 0xFF, 0xFF, 0xFF, 0xFF, 0xFF, 0xFF, 0xFF, 0xFF, 0xFF, 0xFF, 0xFF,
    0xFF, 0xFF, 0xFF, 0xFF, 0xFF, 0xFF, 0xFF, 0xFF, 0xFF, 0xFF, 0xFF, 0xFF,
    0xFF, 0xFF, 0xFF, 0xFF, 0xFF, 0xFF, 0xFF, 0xFF, 0xFF, 0xFF, 0xFF, 0xFF,
    0xFF, 0xFF, 0xFF, 0xFF, 0xFF, 0xFF, 0xFF, 0xFF, 0xFF, 0xFF, 0xFF, 0xFF,
    0xFF, 0xFF, 0xFF, 0xFF, 0xFF, 0xFF, 0xFF, 0xFF, 0xFF, 0xFF, 0xFF, 0xFF,
    0xFF, 0xFF, 0xFF, 0xFF, 0xFF, 0xFF, 0xFF, 0xFF, 0xFF, 0xFF, 0xFF, 0xFF,
    0xFF, 0xFF, 0xFF, 0xFF, 0xFF, 0xFF, 0xFF, 0xFF, 0xFF, 0xFF, 0xFF, 0xFF,
    0xFF, 0xFF, 0xFF, 0xFF, 0xFF, 0xFF, 0xFF, 0xFF, 0xFF, 0xFF, 0xFF, 0xFF,
    0xFF, 0xFF, 0xFF, 0xFF, 0xFF, 0xFF, 0xFF, 0xFF, 0xFF, 0xFF, 0xFF, 0xFF,
    0xFF, 0xFF, 0xFF, 0xFF, 0xFF, 0xFF, 0xFF, 0xFF, 0xFF, 0xFF, 0xFF, 0xFF,
    0xFF, 0xFF, 0xFF, 0xFF, 0xFF, 0xFF, 0xFF, 0xFF, 0xFF, 0xFF, 0xFF, 0xFF,
    0xFF, 0xFF, 0xFF, 0xFF, 0xFF, 0xFF, 0xFF, 0xFF, 0xFF, 0xFF, 0xFF, 0xFF,
    0xFF, 0xFF, 0xFF, 0xFF, 0xFF, 0xFF, 0xFF, 0xFF, 0xFF, 0xFF, 0xFF, 0xFF,
    0xFF, 0xFF, 0xFF, 0xFF, 0xFF, 0xFF, 0xFF, 0xFF, 0xFF, 0xFF, 0xFF, 0xFF,
    0xFF, 0xFF, 0xFF, 0xFF, 0xFF, 0xFF, 0xFF, 0xFF, 0xFF, 0xFF, 0xFF, 0xFF,
    0xFF, 0xFF, 0xFF, 0xFF, 0xFF, 0xFF, 0xFF, 0xFF, 0xFF, 0xFF, 0xFF, 0xFF,
    0xFF, 0xFF, 0xFF, 0xFF, 0xFF, 0xFF, 0xFF, 0xFF, 0xFF, 0xFF, 0xFF, 0xFF,
    0xFF, 0xFF, 0xFF, 0xFF, 0xFF, 0xFF, 0xFF, 0xFF, 0xFF, 0xFF, 0xFF, 0xFF,
    0xFF, 0xFF, 0xFF, 0xFF, 0xFF, 0xFF, 0xFF, 0xFF, 0xFF, 0xFF, 0xFF, 0xFF,
    0xFF, 0xFF, 0xFF, 0xFF, 0xFF, 0xFF, 0xFF, 0xFF, 0xFF, 0xFF, 0xFF, 0xFF,
    0xFF, 0xFF, 0xFF, 0xFF, 0xFF, 0xFF, 0xFF, 0xFF, 0xFF, 0xFF, 0xFF, 0xFF,
    0xFF, 0xFF, 0xFF, 0xFF, 0xFF, 0xFF, 0xFF, 0xFF, 0xFF, 0xFF, 0xFF, 0xFF,
    0xFF, 0xFF, 0xFF, 0xFF, 0xFF, 0xFF, 0xFF, 0xFF, 0xFF, 0xFF, 0xFF, 0xFF,
    0xFF, 0xFF, 0xFF, 0xFF, 0xFF, 0xFF, 0xFF, 0xFF, 0xFF, 0xFF, 0xFF, 0xFF,
    0xFF, 0xFF, 0xFF, 0xFF, 0xFF, 0xFF, 0xFF, 0xFF, 0xFF, 0xFF, 0xFF, 0xFF,
    0xFF, 0xFF, 0xFF, 0xFF, 0xFF, 0xFF, 0xFF, 0xFF, 0xFF, 0xFF, 0xFF, 0xFF,
    0xFF, 0xFF, 0xFF, 0xFF, 0xFF, 0xFF, 0xFF, 0xFF, 0xFF, 0xFF, 0xFF, 0xFF,
    0xFF, 0xFF, 0xFF, 0xFF, 0xFF, 0xFF, 0xFF, 0xFF, 0xFF, 0xFF, 0xFF, 0xFF,
    0xFF, 0xFF, 0xFF, 0xFF, 0xFF, 0xFF, 0xFF, 0xFF, 0xFF, 0xFF, 0xFF, 0xFF,
    0xFF, 0xFF, 0xFF, 0xFF, 0xFF, 0xFF, 0xFF, 0xFF, 0xFF, 0xFF, 0xFF, 0xFF,
    0xFF, 0xFF, 0xFF, 0xFF, 0xFF, 0xFF, 0xFF, 0xFF, 0xFF, 0xFF, 0xFF, 0xFF,
    0xFF, 0xFF, 0xFF, 0xFF, 0xFF, 0xFF, 0xFF, 0xFF, 0xFF, 0xFF, 0xFF, 0xFF,
    0xFF, 0xFF, 0xFF, 0xFF, 0xFF, 0xFF, 0xFF, 0xFF, 0xFF, 0xFF, 0xFF, 0xFF,
    0xFF, 0xFF, 0xFF, 0xFF, 0xFF, 0xFF, 0xFF, 0xFF, 0xFF, 0xFF, 0xFF, 0xFF,
    0xFF, 0xFF, 0xFF, 0xFF, 0xFF, 0xFF, 0xFF, 0xFF, 0xFF, 0xFF, 0xFF, 0xFF,
    0xFF, 0xFF, 0xFF, 0xFF, 0xFF, 0xFF, 0xFF, 0xFF, 0xFF, 0xFF, 0xFF, 0xFF,
    0xFF, 0xFF, 0xFF, 0xFF, 0xFF, 0xFF, 0xFF, 0xFF, 0xFF, 0xFF, 0xFF, 0xFF,
    0xFF, 0xFF, 0xFF, 0xFF, 0xFF, 0xFF, 0xFF, 0xFF, 0xFF, 0xFF, 0xFF, 0xFF,
    0xFF, 0xFF, 0xFF, 0xFF, 0xFF, 0xFF, 0xFF, 0xFF, 0xFF, 0xFF, 0xFF, 0xFF,
    0xFF, 0xFF, 0xFF, 0xFF, 0xFF, 0xFF, 0xFF, 0xFF, 0xFF, 0xFF, 0xFF, 0xFF,
    0xFF, 0xFF, 0xFF, 0xFF, 0xFF, 0xFF, 0xFF, 0xFF, 0xFF, 0xFF, 0xFF, 0xFF,
    0xFF, 0xFF, 0xFF, 0xFF, 0xFF, 0xFF, 0xFF, 0xFF, 0xFF, 0xFF, 0xFF, 0xFF,
    0xFF, 0xFF, 0xFF, 0xFF, 0xFF, 0xFF, 0xFF, 0xFF, 0xFF, 0xFF, 0xFF, 0xFF,
    0xFF, 0xFF, 0xFF, 0xFF, 0xFF, 0xFF, 0xFF, 0xFF, 0xFF, 0xFF, 0xFF, 0xFF,
    0xFF, 0xFF, 0xFF, 0xFF, 0xFF, 0xFF, 0xFF, 0xFF, 0xFF, 0xFF, 0xFF, 0xFF,
    0xFF, 0xFF, 0xFF, 0xFF, 0xFF, 0xFF, 0xFF, 0xFF, 0xFF, 0xFF, 0xFF, 0xFF,
    0xFF, 0xFF, 0xFF, 0xFF, 0xFF, 0xFF, 0xFF, 0xFF, 0xFF, 0xFF, 0xFF, 0xFF,
    0xFF, 0xFF, 0xFF, 0xFF, 0xFF, 0xFF, 0xFF, 0xFF, 0xFF, 0xFF, 0xFF, 0xFF,
    0xFF, 0xFF, 0xFF, 0xFF, 0xFF, 0xFF, 0xFF, 0xFF, 0xFF, 0xFF, 0xFF, 0xFF,
    0xFF, 0xFF, 0xFF, 0xFF, 0xFF, 0xFF, 0xFF, 0xFF, 0xFF, 0xFF, 0xFF, 0xFF,
    0xFF, 0xFF, 0xFF, 0xFF, 0xFF, 0xFF, 0xFF, 0xFF, 0xFF, 0xFF, 0xFF, 0xFF,
    0xFF, 0xFF, 0xFF, 0xFF, 0xFF, 0xFF, 0xFF, 0xFF, 0xFF, 0xFF, 0xFF, 0xFF,
    0xFF, 0xFF, 0xFF, 0xFF, 0xFF, 0xFF, 0xFF, 0xFF, 0xFF, 0xFF, 0xFF, 0xFF,
    0xFF, 0xFF, 0xFF, 0xFF, 0xFF, 0xFF, 0xFF, 0xFF, 0xFF, 0xFF, 0xFF, 0xFF,
    0xFF, 0xFF, 0xFF, 0xFF, 0xFF, 0xFF, 0xFF, 0xFF, 0xFF, 0xFF, 0xFF, 0xFF,
    0xFF, 0xFF, 0xFF, 0xFF, 0xFF, 0xFF, 0xFF, 0xFF, 0xFF, 0xFF, 0xFF, 0xFF,
    0xFF, 0xFF, 0xFF, 0xFF, 0xFF, 0xFF, 0xFF, 0xFF, 0xFF, 0xFF, 0xFF, 0xFF,
    0xFF, 0xFF, 0xFF, 0xFF, 0xFF, 0xFF, 0xFF, 0xFF, 0xFF, 0xFF, 0xFF, 0xFF,
    0xFF, 0xFF, 0xFF, 0xFF, 0xFF, 0xFF, 0xFF, 0xFF, 0xFF, 0xFF, 0xFF, 0xFF,
    0xFF, 0xFF, 0xFF, 0xFF, 0xFF, 0xFF, 0xFF, 0xFF, 0xFF, 0xFF, 0xFF, 0xFF,
    0xFF, 0xFF, 0xFF, 0xFF, 0xFF, 0xFF, 0xFF, 0xFF, 0xFF, 0xFF, 0xFF, 0xFF,
    0xFF, 0xFF, 0xFF, 0xFF, 0xFF, 0xFF, 0xFF, 0xFF, 0xFF, 0xFF, 0xFF, 0xFF,
    0xFF, 0xFF, 0xFF, 0xFF, 0xFF, 0xFF, 0xFF, 0xFF, 0xFF, 0xFF, 0xFF, 0xFF,
    0xFF, 0xFF, 0xFF, 0xFF, 0xFF, 0xFF, 0xFF, 0xFF, 0xFF, 0xFF, 0xFF, 0xFF,
    0xFF, 0xFF, 0xFF, 0xFF, 0xFF, 0xFF, 0xFF, 0xFF, 0xFF, 0xFF, 0xFF, 0xFF,
    0xFF, 0xFF, 0xFF, 0xFF, 0xFF, 0xFF, 0xFF, 0xFF, 0xFF, 0xFF, 0xFF, 0xFF,
    0xFF, 0xFF, 0xFF, 0xFF, 0xFF, 0xFF, 0xFF, 0xFF, 0xFF, 0xFF, 0xFF, 0xFF,
    0xFF, 0xFF, 0xFF, 0xFF, 0xFF, 0xFF, 0xFF, 0xFF, 0xFF, 0xFF, 0xFF, 0xFF,
    0xFF, 0xFF, 0xFF, 0xFF, 0xFF, 0xFF, 0xFF, 0xFF, 0xFF, 0xFF, 0xFF, 0xFF,
    0xFF, 0xFF, 0xFF, 0xFF, 0xFF, 0xFF, 0xFF, 0xFF, 0xFF, 0xFF, 0xFF, 0xFF,
    0xFF, 0xFF, 0xFF, 0xFF, 0xFF, 0xFF, 0xFF, 0xFF, 0xFF, 0xFF, 0xFF, 0xFF,
    0xFF, 0xFF, 0xFF, 0xFF, 0xFF, 0xFF, 0xFF, 0xFF, 0xFF, 0xFF, 0xFF, 0xFF,
    0xFF, 0xFF, 0xFF, 0xFF, 0xFF, 0xFF, 0xFF, 0xFF, 0xFF, 0xFF, 0xFF, 0xFF,
    0xFF, 0xFF, 0xFF, 0xFF, 0xFF, 0xFF, 0xFF, 0xFF, 0xFF, 0xFF, 0xFF, 0xFF,
    0xFF, 0xFF, 0xFF, 0xFF, 0xFF, 0xFF, 0xFF, 0xFF, 0xFF, 0xFF, 0xFF, 0xFF,
    0xFF, 0xFF, 0xFF, 0xFF, 0xFF, 0xFF, 0xFF, 0xFF, 0xFF, 0xFF, 0xFF, 0xFF,
    0xFF, 0xFF, 0xFF, 0xFF, 0xFF, 0xFF, 0xFF, 0xFF, 0xFF, 0xFF, 0xFF, 0xFF,
    0xFF, 0xFF, 0xFF, 0xFF, 0xFF, 0xFF, 0xFF, 0xFF, 0xFF, 0xFF, 0xFF, 0xFF,
    0xFF, 0xFF, 0xFF, 0xFF, 0xFF, 0xFF, 0xFF, 0xFF, 0xFF, 0xFF, 0xFF, 0xFF,
    0xFF, 0xFF, 0xFF, 0xFF, 0xFF, 0xFF, 0xFF, 0xFF, 0xFF, 0xFF, 0xFF, 0xFF,
    0xFF, 0xFF, 0xFF, 0xFF, 0xFF, 0xFF, 0xFF, 0xFF, 0xFF, 0xFF, 0xFF, 0xFF,
    0xFF, 0xFF, 0xFF, 0xFF, 0xFF, 0xFF, 0xFF, 0xFF, 0xFF, 0xFF, 0xFF, 0xFF,
    0xFF, 0xFF, 0xFF, 0xFF, 0xFF, 0xFF, 0xFF, 0xFF, 0xFF, 0xFF, 0xFF, 0xFF,
    0xFF, 0xFF, 0xFF, 0xFF, 0xFF, 0xFF, 0xFF, 0xFF, 0xFF, 0xFF, 0xFF, 0xFF,
    0xFF, 0xFF, 0xFF, 0xFF, 0xFF, 0xFF, 0xFF, 0xFF, 0xFF, 0xFF, 0xFF, 0xFF,
    0xFF, 0xFF, 0xFF, 0xFF, 0xFF, 0xFF, 0xFF, 0xFF, 0xFF, 0xFF, 0xFF, 0xFF,
    0xFF, 0xFF, 0xFF, 0xFF, 0xFF, 0xFF, 0xFF, 0xFF, 0xFF, 0xFF, 0xFF, 0xFF,
    0xFF, 0xFF, 0xFF, 0xFF, 0xFF, 0xFF, 0xFF, 0xFF, 0xFF, 0xFF, 0xFF, 0xFF,
    0xFF, 0xFF, 0xFF, 0xFF, 0xFF, 0xFF, 0xFF, 0xFF, 0xFF, 0xFF, 0xFF, 0xFF,
    0xFF, 0xFF, 0xFF, 0xFF, 0xFF, 0xFF, 0xFF, 0xFF, 0xFF, 0xFF, 0xFF, 0xFF,
    0xFF, 0xFF, 0xFF, 0xFF, 0xFF, 0xFF, 0xFF, 0xFF, 0xFF, 0xFF, 0xFF, 0xFF,
    0xFF, 0xFF, 0xFF, 0xFF, 0xFF, 0xFF, 0xFF, 0xFF, 0xFF, 0xFF, 0xFF, 0xFF,
    0xFF, 0xFF, 0xFF, 0xFF, 0xFF, 0xFF, 0xFF, 0xFF, 0xFF, 0xFF, 0xFF, 0xFF,
    0xFF, 0xFF, 0xFF, 0xFF, 0xFF, 0xFF, 0xFF, 0xFF, 0xFF, 0xFF, 0xFF, 0xFF,
    0xFF, 0xFF, 0xFF, 0xFF, 0xFF, 0xFF, 0xFF, 0xFF, 0xFF, 0xFF, 0xFF, 0xFF,
    0xFF, 0xFF, 0xFF, 0xFF, 0xFF, 0xFF, 0xFF, 0xFF, 0xFF, 0xFF, 0xFF, 0xFF,
    0xFF, 0xFF, 0xFF, 0xFF, 0xFF, 0xFF, 0xFF, 0xFF, 0xFF, 0xFF, 0xFF, 0xFF,
    0xFF, 0xFF, 0xFF, 0xFF, 0xFF, 0xFF, 0xFF, 0xFF, 0xFF, 0xFF, 0xFF, 0xFF,
    0xFF, 0xFF, 0xFF, 0xFF, 0xFF, 0xFF, 0xFF, 0xFF, 0xFF, 0xFF, 0xFF, 0xFF,
    0xFF, 0xFF, 0xFF, 0xFF, 0xFF, 0xFF, 0xFF, 0xFF, 0xFF, 0xFF, 0xFF, 0xFF,
    0xFF, 0xFF, 0xFF, 0xFF, 0xFF, 0xFF, 0xFF, 0xFF, 0xFF, 0xFF, 0xFF, 0xFF,
    0xFF, 0xFF, 0xFF, 0xFF, 0xFF, 0xFF, 0xFF, 0xFF, 0xFF, 0xFF, 0xFF, 0xFF,
    0xFF, 0xFF, 0xFF, 0xFF, 0xFF, 0xFF, 0xFF, 0xFF, 0xFF, 0xFF, 0xFF, 0xFF,
    0xFF, 0xFF, 0xFF, 0xFF, 0xFF, 0xFF, 0xFF, 0xFF, 0xFF, 0xFF, 0xFF, 0xFF,
    0xFF, 0xFF, 0xFF, 0xFF, 0xFF, 0xFF, 0xFF, 0xFF, 0xFF, 0xFF, 0xFF, 0xFF,
    0xFF, 0xFF, 0xFF, 0xFF, 0xFF, 0xFF, 0xFF, 0xFF, 0xFF, 0xFF, 0xFF, 0xFF,
    0xFF, 0xFF, 0xFF, 0xFF, 0xFF, 0xFF, 0xFF, 0xFF, 0xFF, 0xFF, 0xFF, 0xFF,
    0xFF, 0xFF, 0xFF, 0xFF, 0xFF, 0xFF, 0xFF, 0xFF, 0xFF, 0xFF, 0xFF, 0xFF,
    0xFF, 0xFF, 0xFF, 0xFF, 0xFF, 0xFF, 0xFF, 0xFF, 0xFF, 0xFF, 0xFF, 0xFF,
    0xFF, 0xFF, 0xFF, 0xFF, 0xFF, 0xFF, 0xFF, 0xFF, 0xFF, 0xFF, 0xFF, 0xFF,
    0xFF, 0xFF, 0xFF, 0xFF, 0xFF, 0xFF, 0xFF, 0xFF, 0xFF, 0xFF, 0xFF, 0xFF,
    0xFF, 0xFF, 0xFF, 0xFF, 0xFF, 0xFF, 0xFF, 0xFF, 0xFF, 0xFF, 0xFF, 0xFF,
    0xFF, 0xFF, 0xFF, 0xFF, 0xFF, 0xFF, 0xFF, 0xFF, 0xFF, 0xFF, 0xFF, 0xFF,
    0xFF, 0xFF, 0xFF, 0xFF, 0xFF, 0xFF, 0xFF, 0xFF, 0xFF, 0xFF, 0xFF, 0xFF,
    0xFF, 0xFF, 0xFF, 0xFF, 0xFF, 0xFF, 0xFF, 0xFF, 0xFF, 0xFF, 0xFF, 0xFF,
    0xFF, 0xFF, 0xFF, 0xFF, 0xFF, 0xFF, 0xFF, 0xFF, 0xFF, 0xFF, 0xFF, 0xFF,
    0xFF, 0xFF, 0xFF, 0xFF, 0xFF, 0xFF, 0xFF, 0xFF, 0xFF, 0xFF, 0xFF, 0xFF,
    0xFF, 0xFF, 0xFF, 0xFF, 0xFF, 0xFF, 0xFF, 0xFF, 0xFF, 0xFF, 0xFF, 0xFF,
    0xFF, 0xFF, 0xFF, 0xFF, 0xFF, 0xFF, 0xFF, 0xFF, 0xFF, 0xFF, 0xFF, 0xFF,
    0xFF, 0xFF, 0xFF, 0xFF, 0xFF, 0xFF, 0xFF, 0xFF, 0xFF, 0xFF, 0xFF, 0xFF,
    0xFF, 0xFF, 0xFF, 0xFF, 0xFF, 0xFF, 0xFF, 0xFF, 0xFF, 0xFF, 0xFF, 0xFF,
    0xFF, 0xFF, 0xFF, 0xFF, 0xFF, 0xFF, 0xFF, 0xFF, 0xFF, 0xFF, 0xFF, 0xFF,
    0xFF, 0xFF, 0xFF, 0xFF, 0xFF, 0xFF, 0xFF, 0xFF, 0xFF, 0xFF, 0xFF, 0xFF,
    0xFF, 0xFF, 0xFF, 0xFF, 0xFF, 0xFF, 0xFF, 0xFF, 0xFF, 0xFF, 0xFF, 0xFF,
    0xFF, 0xFF, 0xFF, 0xFF, 0xFF, 0xFF, 0xFF, 0xFF, 0xFF, 0xFF, 0xFF, 0xFF,
    0xFF, 0xFF, 0xFF, 0xFF, 0xFF, 0xFF, 0xFF, 0xFF, 0xFF, 0xFF, 0xFF, 0xFF,
    0xFF, 0xFF, 0xFF, 0xFF, 0xFF, 0xFF, 0xFF, 0xFF, 0xFF, 0xFF, 0xFF, 0xFF,
    0xFF, 0xFF, 0xFF, 0xFF, 0xFF, 0xFF, 0xFF, 0xFF, 0xFF, 0xFF, 0xFF, 0xFF,
    0xFF, 0xFF, 0xFF, 0xFF, 0xFF, 0xFF, 0xFF, 0xFF, 0xFF, 0xFF, 0xFF, 0xFF,
    0xFF, 0xFF, 0xFF, 0xFF, 0xFF, 0xFF, 0xFF, 0xFF, 0xFF, 0xFF, 0xFF, 0xFF,
    0xFF, 0xFF, 0xFF, 0xFF, 0xFF, 0xFF, 0xFF, 0xFF, 0xFF, 0xFF, 0xFF, 0xFF,
    0xFF, 0xFF, 0xFF, 0xFF, 0xFF, 0xFF, 0xFF, 0xFF, 0xFF, 0xFF, 0xFF, 0xFF,
    0xFF, 0xFF, 0xFF, 0xFF, 0xFF, 0xFF, 0xFF, 0xFF, 0xFF, 0xFF, 0xFF, 0xFF,
    0xFF, 0xFF, 0xFF, 0xFF, 0xFF, 0xFF, 0xFF, 0xFF, 0xFF, 0xFF, 0xFF, 0xFF,
    0xFF, 0xFF, 0xFF, 0xFF, 0xFF, 0xFF, 0xFF, 0xFF, 0xFF, 0xFF, 0xFF, 0xFF,
    0xFF, 0xFF, 0xFF, 0xFF, 0xFF, 0xFF, 0xFF, 0xFF, 0xFF, 0xFF, 0xFF, 0xFF,
    0xFF, 0xFF, 0xFF, 0xFF, 0xFF, 0xFF, 0xFF, 0xFF, 0xFF, 0xFF, 0xFF, 0xFF,
    0xFF, 0xFF, 0xFF, 0xFF, 0xFF, 0xFF, 0xFF, 0xFF, 0xFF, 0xFF, 0xFF, 0xFF,
    0xFF, 0xFF, 0xFF, 0xFF, 0xFF, 0xFF, 0xFF, 0xFF, 0xFF, 0xFF, 0xFF, 0xFF,
    0xFF, 0xFF, 0xFF, 0xFF, 0xFF, 0xFF, 0xFF, 0xFF, 0xFF, 0xFF, 0xFF, 0xFF,
    0xFF, 0xFF, 0xFF, 0xFF, 0xFF, 0xFF, 0xFF, 0xFF, 0xFF, 0xFF, 0xFF, 0xFF,
    0xFF, 0xFF, 0xFF, 0xFF, 0xFF, 0xFF, 0xFF, 0xFF, 0xFF, 0xFF, 0xFF, 0xFF,
    0xFF, 0xFF, 0xFF, 0xFF, 0xFF, 0xFF, 0xFF, 0xFF, 0xFF, 0xFF, 0xFF, 0xFF,
    0xFF, 0xFF, 0xFF, 0xFF, 0xFF, 0xFF, 0xFF, 0xFF, 0xFF, 0xFF, 0xFF, 0xFF,
    0xFF, 0xFF, 0xFF, 0xFF, 0xFF, 0xFF, 0xFF, 0xFF, 0xFF, 0xFF, 0xFF, 0xFF,
    0xFF, 0xFF, 0xFF, 0xFF, 0xFF, 0xFF, 0xFF, 0xFF, 0xFF, 0xFF, 0xFF, 0xFF,
    0xFF, 0xFF, 0xFF, 0xFF, 0xFF, 0xFF, 0xFF, 0xFF, 0xFF, 0xFF, 0xFF, 0xFF,
    0xFF, 0xFF, 0xFF, 0xFF, 0xFF, 0xFF, 0xFF, 0xFF, 0xFF, 0xFF, 0xFF, 0xFF,
    0xFF, 0xFF, 0xFF, 0xFF, 0xFF, 0xFF, 0xFF, 0xFF, 0xFF, 0xFF, 0xFF, 0xFF,
    0xFF, 0xFF, 0xFF, 0xFF, 0xFF, 0xFF, 0xFF, 0xFF, 0xFF, 0xFF, 0xFF, 0xFF,
    0xFF, 0xFF, 0xFF, 0xFF, 0xFF, 0xFF, 0xFF, 0xFF, 0xFF, 0xFF, 0xFF, 0xFF,
    0xFF, 0xFF, 0xFF, 0xFF, 0xFF, 0xFF, 0xFF, 0xFF, 0xFF, 0xFF, 0xFF, 0xFF,
    0xFF, 0xFF, 0xFF, 0xFF, 0xFF, 0xFF, 0xFF, 0xFF, 0xFF, 0xFF, 0xFF, 0xFF,
    0xFF, 0xFF, 0xFF, 0xFF, 0xFF, 0xFF, 0xFF, 0xFF, 0xFF, 0xFF, 0xFF, 0xFF,
    0xFF, 0xFF, 0xFF, 0xFF, 0xFF, 0xFF, 0xFF, 0xFF, 0xFF, 0xFF, 0xFF, 0xFF,
    0xFF, 0xFF, 0xFF, 0xFF, 0xFF, 0xFF, 0xFF, 0xFF, 0xFF, 0xFF, 0xFF, 0xFF,
    0xFF, 0xFF, 0xFF, 0xFF, 0xFF, 0xFF, 0xFF, 0xFF, 0xFF, 0xFF, 0xFF, 0xFF,
    0xFF, 0xFF, 0xFF, 0xFF, 0xFF, 0xFF, 0xFF, 0xFF, 0xFF, 0xFF, 0xFF, 0xFF,
    0xFF, 0xFF, 0xFF, 0xFF, 0xFF, 0xFF, 0xFF, 0xFF, 0xFF, 0xFF, 0xFF, 0xFF,
    0xFF, 0xFF, 0xFF, 0xFF, 0xFF, 0xFF, 0xFF, 0xFF, 0xFF, 0xFF, 0xFF, 0xFF,
    0xFF, 0xFF, 0xFF, 0xFF, 0xFF, 0xFF, 0xFF, 0xFF, 0xFF, 0xFF, 0xFF, 0xFF,
    0xFF, 0xFF, 0xFF, 0xFF, 0xFF, 0xFF, 0xFF, 0xFF, 0xFF, 0xFF, 0xFF, 0xFF,
    0xFF, 0xFF, 0xFF, 0xFF, 0xFF, 0xFF, 0xFF, 0xFF, 0xFF, 0xFF, 0xFF, 0xFF,
    0xFF, 0xFF, 0xFF, 0xFF, 0xFF, 0xFF, 0xFF, 0xFF, 0xFF, 0xFF, 0xFF, 0xFF,
    0xFF, 0xFF, 0xFF, 0xFF, 0xFF, 0xFF, 0xFF, 0xFF, 0xFF, 0xFF, 0xFF, 0xFF,
    0xFF, 0xFF, 0xFF, 0xFF, 0xFF, 0xFF, 0xFF, 0xFF, 0xFF, 0xFF, 0xFF, 0xFF,
    0xFF, 0xFF, 0xFF, 0xFF, 0xFF, 0xFF, 0xFF, 0xFF, 0xFF, 0xFF, 0xFF, 0xFF,
    0xFF, 0xFF, 0xFF, 0xFF, 0xFF, 0xFF, 0xFF, 0xFF, 0xFF, 0xFF, 0xFF, 0xFF,
    0xFF, 0xFF, 0xFF, 0xFF, 0xFF, 0xFF, 0xFF, 0xFF, 0xFF, 0xFF, 0xFF, 0xFF,
    0xFF, 0xFF, 0xFF, 0xFF, 0xFF, 0xFF, 0xFF, 0xFF, 0xFF, 0xFF, 0xFF, 0xFF,
    0xFF, 0xFF, 0xFF, 0xFF, 0xFF, 0xFF, 0xFF, 0xFF, 0xFF, 0xFF, 0xFF, 0xFF,
    0xFF, 0xFF, 0xFF, 0xFF, 0xFF, 0xFF, 0xFF, 0xFF, 0xFF, 0xFF, 0xFF, 0xFF,
    0xFF, 0xFF, 0xFF, 0xFF, 0xFF, 0xFF, 0xFF, 0xFF, 0xFF, 0xFF, 0xFF, 0xFF,
    0xFF, 0xFF, 0xFF, 0xFF, 0xFF, 0xFF, 0xFF, 0xFF, 0xFF, 0xFF, 0xFF, 0xFF,
    0xFF, 0xFF, 0xFF, 0xFF, 0xFF, 0xFF, 0xFF, 0xFF, 0xFF, 0xFF, 0xFF, 0xFF,
    0xFF, 0xFF, 0xFF, 0xFF, 0xFF, 0xFF, 0xFF, 0xFF, 0xFF, 0xFF, 0xFF, 0xFF,
    0xFF, 0xFF, 0xFF, 0xFF, 0xFF, 0xFF, 0xFF, 0xFF, 0xFF, 0xFF, 0xFF, 0xFF,
    0xFF, 0xFF, 0xFF, 0xFF, 0xFF, 0xFF, 0xFF, 0xFF, 0xFF, 0xFF, 0xFF, 0xFF,
    0xFF, 0xFF, 0xFF, 0xFF, 0xFF, 0xFF, 0xFF, 0xFF, 0xFF, 0xFF, 0xFF, 0xFF,
    0xFF, 0xFF, 0xFF, 0xFF, 0xFF, 0xFF, 0xFF, 0xFF, 0xFF, 0xFF, 0xFF, 0xFF,
    0xFF, 0xFF, 0xFF, 0xFF, 0xFF, 0xFF, 0xFF, 0xFF, 0xFF, 0xFF, 0xFF, 0xFF,
    0xFF, 0xFF, 0xFF, 0xFF, 0xFF, 0xFF, 0xFF, 0xFF, 0xFF, 0xFF, 0xFF, 0xFF,
    0xFF, 0xFF, 0xFF, 0xFF, 0xFF, 0xFF, 0xFF, 0xFF, 0xFF, 0xFF, 0xFF, 0xFF,
    0xFF, 0xFF, 0xFF, 0xFF, 0xFF, 0xFF, 0xFF, 0xFF, 0xFF, 0xFF, 0xFF, 0xFF,
    0xFF, 0xFF, 0xFF, 0xFF, 0xFF, 0xFF, 0xFF, 0xFF, 0xFF, 0xFF, 0xFF, 0xFF,
    0xFF, 0xFF, 0xFF, 0xFF, 0xFF, 0xFF, 0xFF, 0xFF, 0xFF, 0xFF, 0xFF, 0xFF,
    0xFF, 0xFF, 0xFF, 0xFF, 0xFF, 0xFF, 0xFF, 0xFF, 0xFF, 0xFF, 0xFF, 0xFF,
    0xFF, 0xFF, 0xFF, 0xFF, 0xFF, 0xFF, 0xFF, 0xFF, 0xFF, 0xFF, 0xFF, 0xFF,
    0xFF, 0xFF, 0xFF, 0xFF, 0xFF, 0xFF, 0xFF, 0xFF, 0xFF, 0xFF, 0xFF, 0xFF,
    0xFF, 0xFF, 0xFF, 0xFF, 0xFF, 0xFF, 0xFF, 0xFF, 0xFF, 0xFF, 0xFF, 0xFF,
    0xFF, 0xFF, 0xFF, 0xFF, 0xFF, 0xFF, 0xFF, 0xFF, 0xFF, 0xFF, 0xFF, 0xFF,
    0xFF, 0xFF, 0xFF, 0xFF, 0xFF, 0xFF, 0xFF, 0xFF, 0xFF, 0xFF, 0xFF, 0xFF,
    0xFF, 0xFF, 0xFF, 0xFF, 0xFF, 0xFF, 0xFF, 0xFF, 0xFF, 0xFF, 0xFF, 0xFF,
    0xFF, 0xFF, 0xFF, 0xFF, 0xFF, 0xFF, 0xFF, 0xFF, 0xFF, 0xFF, 0xFF, 0xFF,
    0xFF, 0xFF, 0xFF, 0xFF, 0xFF, 0xFF, 0xFF, 0xFF, 0xFF, 0xFF, 0xFF, 0xFF,
    0xFF, 0xFF, 0xFF, 0xFF, 0xFF, 0xFF, 0xFF, 0xFF, 0xFF, 0xFF, 0xFF, 0xFF,
    0xFF, 0xFF, 0xFF, 0xFF, 0xFF, 0xFF, 0xFF, 0xFF, 0xFF, 0xFF, 0xFF, 0xFF,
    0xFF, 0xFF, 0xFF, 0xFF, 0xFF, 0xFF, 0xFF, 0xFF, 0xFF, 0xFF, 0xFF, 0xFF,
    0xFF, 0xFF, 0xFF, 0xFF, 0xFF, 0xFF, 0xFF, 0xFF, 0xFF, 0xFF, 0xFF, 0xFF,
    0xFF, 0xFF, 0xFF, 0xFF, 0xFF, 0xFF, 0xFF, 0xFF, 0xFF, 0xFF, 0xFF, 0xFF,
    0xFF, 0xFF, 0xFF, 0xFF, 0xFF, 0xFF, 0xFF, 0xFF, 0xFF, 0xFF, 0xFF, 0xFF,
    0xFF, 0xFF, 0xFF, 0xFF, 0xFF, 0xFF, 0xFF, 0xFF, 0xFF, 0xFF, 0xFF, 0xFF,
    0xFF, 0xFF, 0xFF, 0xFF, 0xFF, 0xFF, 0xFF, 0xFF, 0xFF, 0xFF, 0xFF, 0xFF,
    0xFF, 0xFF, 0xFF, 0xFF, 0xFF, 0xFF, 0xFF, 0xFF, 0xFF, 0xFF, 0xFF, 0xFF,
    0xFF, 0xFF, 0xFF, 0xFF, 0xFF, 0xFF, 0xFF, 0xFF, 0xFF, 0xFF, 0xFF, 0xFF,
    0xFF, 0xFF, 0xFF, 0xFF, 0xFF, 0xFF, 0xFF, 0xFF, 0xFF, 0xFF, 0xFF, 0xFF,
    0xFF, 0xFF, 0xFF, 0xFF, 0xFF, 0xFF, 0xFF, 0xFF, 0xFF, 0xFF, 0xFF, 0xFF,
    0xFF, 0xFF, 0xFF, 0xFF, 0xFF, 0xFF, 0xFF, 0xFF, 0xFF, 0xFF, 0xFF, 0xFF,
    0xFF, 0xFF, 0xFF, 0xFF, 0xFF, 0xFF, 0xFF, 0xFF, 0xFF, 0xFF, 0xFF, 0xFF,
    0xFF, 0xFF, 0xFF, 0xFF, 0xFF, 0xFF, 0xFF, 0xFF, 0xFF, 0xFF, 0xFF, 0xFF,
    0xFF, 0xFF, 0xFF, 0xFF, 0xFF, 0xFF, 0xFF, 0xFF, 0xFF, 0xFF, 0xFF, 0xFF,
    0xFF, 0xFF, 0xFF, 0xFF, 0xFF, 0xFF, 0xFF, 0xFF, 0xFF, 0xFF, 0xFF, 0xFF,
    0xFF, 0xFF, 0xFF, 0xFF, 0xFF, 0xFF, 0xFF, 0xFF, 0xFF, 0xFF, 0xFF, 0xFF,
    0xFF, 0xFF, 0xFF, 0xFF, 0xFF, 0xFF, 0xFF, 0xFF, 0xFF, 0xFF, 0xFF, 0xFF,
    0xFF, 0xFF, 0xFF, 0xFF, 0xFF, 0xFF, 0xFF, 0xFF, 0xFF, 0xFF, 0xFF, 0xFF,
    0xFF, 0xFF, 0xFF, 0xFF, 0xFF, 0xFF, 0xFF, 0xFF, 0xFF, 0xFF, 0xFF, 0xFF,
    0xFF, 0xFF, 0xFF, 0xFF, 0xFF, 0xFF, 0xFF, 0xFF, 0xFF, 0xFF, 0xFF, 0xFF,
    0xFF, 0xFF, 0xFF, 0xFF, 0xFF, 0xFF, 0xFF, 0xFF, 0xFF, 0xFF, 0xFF, 0xFF,
    0xFF, 0xFF, 0xFF, 0xFF, 0xFF, 0xFF, 0xFF, 0xFF, 0xFF, 0xFF, 0xFF, 0xFF,
    0xFF, 0xFF, 0xFF, 0xFF, 0xFF, 0xFF, 0xFF, 0xFF, 0xFF, 0xFF, 0xFF, 0xFF,
    0xFF, 0xFF, 0xFF, 0xFF, 0xFF, 0xFF, 0xFF, 0xFF, 0xFF, 0xFF, 0xFF, 0xFF,
    0xFF, 0xFF, 0xFF, 0xFF, 0xFF, 0xFF, 0xFF, 0xFF, 0xFF, 0xFF, 0xFF, 0xFF,
    0xFF, 0xFF, 0xFF, 0xFF, 0xFF, 0xFF, 0xFF, 0xFF, 0xFF, 0xFF, 0xFF, 0xFF,
    0xFF, 0xFF, 0xFF, 0xFF, 0xFF, 0xFF, 0xFF, 0xFF, 0xFF, 0xFF, 0xFF, 0xFF,
    0xFF, 0xFF, 0xFF, 0xFF, 0xFF, 0xFF, 0xFF, 0xFF, 0xFF, 0xFF, 0xFF, 0xFF,
    0xFF, 0xFF, 0xFF, 0xFF, 0xFF, 0xFF, 0xFF, 0xFF, 0xFF, 0xFF, 0xFF, 0xFF,
    0xFF, 0xFF, 0xFF, 0xFF, 0xFF, 0xFF, 0xFF, 0xFF, 0xFF, 0xFF, 0xFF, 0xFF,
    0xFF, 0xFF, 0xFF, 0xFF, 0xFF, 0xFF, 0xFF, 0xFF, 0xFF, 0xFF, 0xFF, 0xFF,
    0xFF, 0xFF, 0xFF, 0xFF, 0xFF, 0xFF, 0xFF, 0xFF, 0xFF, 0xFF, 0xFF, 0xFF,
    0xFF, 0xFF, 0xFF, 0xFF, 0xFF, 0xFF, 0xFF, 0xFF, 0xFF, 0xFF, 0xFF, 0xFF,
    0xFF, 0xFF, 0xFF, 0xFF, 0xFF, 0xFF, 0xFF, 0xFF, 0xFF, 0xFF, 0xFF, 0xFF,
    0xFF, 0xFF, 0xFF, 0xFF, 0xFF, 0xFF, 0xFF, 0xFF, 0xFF, 0xFF, 0xFF, 0xFF,
    0xFF, 0xFF, 0xFF, 0xFF, 0xFF, 0xFF, 0xFF, 0xFF, 0xFF, 0xFF, 0xFF, 0xFF,
    0xFF, 0xFF, 0xFF, 0xFF, 0xFF, 0xFF, 0xFF, 0xFF, 0xFF, 0xFF, 0xFF, 0xFF,
    0xFF, 0xFF, 0xFF, 0xFF, 0xFF, 0xFF, 0xFF, 0xFF, 0xFF, 0xFF, 0xFF, 0xFF,
    0xFF, 0xFF, 0xFF, 0xFF, 0xFF, 0xFF, 0xFF, 0xFF, 0xFF, 0xFF, 0xFF, 0xFF,
    0xFF, 0xFF, 0xFF, 0xFF, 0xFF, 0xFF, 0xFF, 0xFF, 0xFF, 0xFF, 0xFF, 0xFF,
    0xFF, 0xFF, 0xFF, 0xFF, 0xFF, 0xFF, 0xFF, 0xFF, 0xFF, 0xFF, 0xFF, 0xFF,
    0xFF, 0xFF, 0xFF, 0xFF, 0xFF, 0xFF, 0xFF, 0xFF, 0xFF, 0xFF, 0xFF, 0xFF,
    0xFF, 0xFF, 0xFF, 0xFF, 0xFF, 0xFF, 0xFF, 0xFF, 0xFF, 0xFF, 0xFF, 0xFF,
    0xFF, 0xFF, 0xFF, 0xFF, 0xFF, 0xFF, 0xFF, 0xFF, 0xFF, 0xFF, 0xFF, 0xFF,
    0xFF, 0xFF, 0xFF, 0xFF, 0xFF, 0xFF, 0xFF, 0xFF, 0xFF, 0xFF, 0xFF, 0xFF,
    0xFF, 0xFF, 0xFF, 0xFF, 0xFF, 0xFF, 0xFF, 0xFF, 0xFF, 0xFF, 0xFF, 0xFF,
    0xFF, 0xFF, 0xFF, 0xFF, 0xFF, 0xFF, 0xFF, 0xFF, 0xFF, 0xFF, 0xFF, 0xFF,
    0xFF, 0xFF, 0xFF, 0xFF, 0xFF, 0xFF, 0xFF, 0xFF, 0xFF, 0xFF, 0xFF, 0xFF,
    0xFF, 0xFF, 0xFF, 0xFF, 0xFF, 0xFF, 0xFF, 0xFF, 0xFF, 0xFF, 0xFF, 0xFF,
    0xFF, 0xFF, 0xFF, 0xFF, 0xFF, 0xFF, 0xFF, 0xFF, 0xFF, 0xFF, 0xFF, 0xFF,
    0xFF, 0xFF, 0xFF, 0xFF, 0xFF, 0xFF, 0xFF, 0xFF, 0xFF, 0xFF, 0xFF, 0xFF,
    0xFF, 0xFF, 0xFF, 0xFF, 0xFF, 0xFF, 0xFF, 0xFF, 0xFF, 0xFF, 0xFF, 0xFF,
    0xFF, 0xFF, 0xFF, 0xFF, 0xFF, 0xFF, 0xFF, 0xFF, 0xFF, 0xFF, 0xFF, 0xFF,
    0xFF, 0xFF, 0xFF, 0xFF, 0xFF, 0xFF, 0xFF, 0xFF, 0xFF, 0xFF, 0xFF, 0xFF,
    0xFF, 0xFF, 0xFF, 0xFF, 0xFF, 0xFF, 0xFF, 0xFF, 0xFF, 0xFF, 0xFF, 0xFF,
    0xFF, 0xFF, 0xFF, 0xFF, 0xFF, 0xFF, 0xFF, 0xFF, 0xFF, 0xFF, 0xFF, 0xFF,
    0xFF, 0xFF, 0xFF, 0xFF, 0xFF, 0xFF, 0xFF, 0xFF, 0xFF, 0xFF, 0xFF, 0xFF,
    0xFF, 0xFF, 0xFF, 0xFF, 0xFF, 0xFF, 0xFF, 0xFF, 0xFF, 0xFF, 0xFF, 0xFF,
    0xFF, 0xFF, 0xFF, 0xFF, 0xFF, 0xFF, 0xFF, 0xFF, 0xFF, 0xFF, 0xFF, 0xFF,
    0xFF, 0xFF, 0xFF, 0xFF, 0xFF, 0xFF, 0xFF, 0xFF, 0xFF, 0xFF, 0xFF, 0xFF,
    0xFF, 0xFF, 0xFF, 0xFF, 0xFF, 0xFF, 0xFF, 0xFF, 0xFF, 0xFF, 0xFF, 0xFF,
    0xFF, 0xFF, 0xFF, 0xFF, 0xFF, 0xFF, 0xFF, 0xFF, 0xFF, 0xFF, 0xFF, 0xFF,
    0xFF, 0xFF, 0xFF, 0xFF, 0xFF, 0xFF, 0xFF, 0xFF, 0xFF, 0xFF, 0xFF, 0xFF,
    0xFF, 0xFF, 0xFF, 0xFF, 0xFF, 0xFF, 0xFF, 0xFF, 0xFF, 0xFF, 0xFF, 0xFF,
    0xFF, 0xFF, 0xFF, 0xFF, 0xFF, 0xFF, 0xFF, 0xFF, 0xFF, 0xFF, 0xFF, 0xFF,
    0xFF, 0xFF, 0xFF, 0xFF, 0xFF, 0xFF, 0xFF, 0xFF, 0xFF, 0xFF, 0xFF, 0xFF,
    0xFF, 0xFF, 0xFF, 0xFF, 0xFF, 0xFF, 0xFF, 0xFF, 0xFF, 0xFF, 0xFF, 0xFF,
    0xFF, 0xFF, 0xFF, 0xFF, 0xFF, 0xFF, 0xFF, 0xFF, 0xFF, 0xFF, 0xFF, 0xFF,
    0xFF, 0xFF, 0xFF, 0xFF, 0xFF, 0xFF, 0xFF, 0xFF, 0xFF, 0xFF, 0xFF, 0xFF,
    0xFF, 0xFF, 0xFF, 0xFF, 0xFF, 0xFF, 0xFF, 0xFF, 0xFF, 0xFF, 0xFF, 0xFF,
    0xFF, 0xFF, 0xFF, 0xFF, 0xFF, 0xFF, 0xFF, 0xFF, 0xFF, 0xFF, 0xFF, 0xFF,
    0xFF, 0xFF, 0xFF, 0xFF, 0xFF, 0xFF, 0xFF, 0xFF, 0xFF, 0xFF, 0xFF, 0xFF,
    0xFF, 0xFF, 0xFF, 0xFF, 0xFF, 0xFF, 0xFF, 0xFF, 0xFF, 0xFF, 0xFF, 0xFF,
    0xFF, 0xFF, 0xFF, 0xFF, 0xFF, 0xFF, 0xFF, 0xFF, 0xFF, 0xFF, 0xFF, 0xFF,
    0xFF, 0xFF, 0xFF, 0xFF, 0xFF, 0xFF, 0xFF, 0xFF, 0xFF, 0xFF, 0xFF, 0xFF,
    0xFF, 0xFF, 0xFF, 0xFF, 0xFF, 0xFF, 0xFF, 0xFF, 0xFF, 0xFF, 0xFF, 0xFF,
    0xFF, 0xFF, 0xFF, 0xFF, 0xFF, 0xFF, 0xFF, 0xFF, 0xFF, 0xFF, 0xFF, 0xFF,
    0xFF, 0xFF, 0xFF, 0xFF, 0xFF, 0xFF, 0xFF, 0xFF, 0xFF, 0xFF, 0xFF, 0xFF,
    0xFF, 0xFF, 0xFF, 0xFF, 0xFF, 0xFF, 0xFF, 0xFF, 0xFF, 0xFF, 0xFF, 0xFF,
    0xFF, 0xFF, 0xFF, 0xFF, 0xFF, 0xFF, 0xFF, 0xFF, 0xFF, 0xFF, 0xFF, 0xFF,
    0xFF, 0xFF, 0xFF, 0xFF, 0xFF, 0xFF, 0xFF, 0xFF, 0xFF, 0xFF, 0xFF, 0xFF,
    0xFF, 0xFF, 0xFF, 0xFF, 0xFF, 0xFF, 0xFF, 0xFF, 0xFF, 0xFF, 0xFF, 0xFF,
    0xFF, 0xFF, 0xFF, 0xFF, 0xFF, 0xFF, 0xFF, 0xFF, 0xFF, 0xFF, 0xFF, 0xFF,
    0xFF, 0xFF, 0xFF, 0xFF, 0xFF, 0xFF, 0xFF, 0xFF, 0xFF, 0xFF, 0xFF, 0xFF,
    0xFF, 0xFF, 0xFF, 0xFF, 0xFF, 0xFF, 0xFF, 0xFF, 0xFF, 0xFF, 0xFF, 0xFF,
    0xFF, 0xFF, 0xFF, 0xFF, 0xFF, 0xFF, 0xFF, 0xFF, 0xFF, 0xFF, 0xFF, 0xFF,
    0xFF, 0xFF, 0xFF, 0xFF, 0xFF, 0xFF, 0xFF, 0xFF, 0xFF, 0xFF, 0xFF, 0xFF,
    0xFF, 0xFF, 0xFF, 0xFF, 0xFF, 0xFF, 0xFF, 0xFF, 0xFF, 0xFF, 0xFF, 0xFF,
    0xFF, 0xFF, 0xFF, 0xFF, 0xFF, 0xFF, 0xFF, 0xFF, 0xFF, 0xFF, 0xFF, 0xFF,
    0xFF, 0xFF, 0xFF, 0xFF, 0xFF, 0xFF, 0xFF, 0xFF, 0xFF, 0xFF, 0xFF, 0xFF,
    0xFF, 0xFF, 0xFF, 0xFF, 0xFF, 0xFF, 0xFF, 0xFF, 0xFF, 0xFF, 0xFF, 0xFF,
    0xFF, 0xFF, 0xFF, 0xFF, 0xFF, 0xFF, 0xFF, 0xFF, 0xFF, 0xFF, 0xFF, 0xFF,
    0xFF, 0xFF, 0xFF, 0xFF, 0xFF, 0xFF, 0xFF, 0xFF, 0xFF, 0xFF, 0xFF, 0xFF,
    0xFF, 0xFF, 0xFF, 0xFF, 0xFF, 0xFF, 0xFF, 0xFF, 0xFF, 0xFF, 0xFF, 0xFF,
    0xFF, 0xFF, 0xFF, 0xFF, 0xFF, 0xFF, 0xFF, 0xFF, 0xFF, 0xFF, 0xFF, 0xFF,
    0xFF, 0xFF, 0xFF, 0xFF, 0xFF, 0xFF, 0xFF, 0xFF, 0xFF, 0xFF, 0xFF, 0xFF,
    0xFF, 0xFF, 0xFF, 0xFF, 0xFF, 0xFF, 0xFF, 0xFF, 0xFF, 0xFF, 0xFF, 0xFF,
    0xFF, 0xFF, 0xFF, 0xFF, 0xFF, 0xFF, 0xFF, 0xFF, 0xFF, 0xFF, 0xFF, 0xFF,
    0xFF, 0xFF, 0xFF, 0xFF, 0xFF, 0xFF, 0xFF, 0xFF, 0xFF, 0xFF, 0xFF, 0xFF,
    0xFF, 0xFF, 0xFF, 0xFF, 0xFF, 0xFF, 0xFF, 0xFF, 0xFF, 0xFF, 0xFF, 0xFF,
    0xFF, 0xFF, 0xFF, 0xFF, 0xFF, 0xFF, 0xFF, 0xFF, 0xFF, 0xFF, 0xFF, 0xFF,
    0xFF, 0xFF, 0xFF, 0xFF, 0xFF, 0xFF, 0xFF, 0xFF, 0xFF, 0xFF, 0xFF, 0xFF,
    0xFF, 0xFF, 0xFF, 0xFF, 0xFF, 0xFF, 0xFF, 0xFF, 0xFF, 0xFF, 0xFF, 0xFF,
    0xFF, 0xFF, 0xFF, 0xFF, 0xFF, 0xFF, 0xFF, 0xFF, 0xFF, 0xFF, 0xFF, 0xFF,
    0xFF, 0xFF, 0xFF, 0xFF, 0xFF, 0xFF, 0xFF, 0xFF, 0xFF, 0xFF, 0xFF, 0xFF,
    0xFF, 0xFF, 0xFF, 0xFF, 0xFF, 0xFF, 0xFF, 0xFF, 0xFF, 0xFF, 0xFF, 0xFF,
    0xFF, 0xFF, 0xFF, 0xFF, 0xFF, 0xFF, 0xFF, 0xFF, 0xFF, 0xFF, 0xFF, 0xFF,
    0xFF, 0xFF, 0xFF, 0xFF, 0xFF, 0xFF, 0xFF, 0xFF, 0xFF, 0xFF, 0xFF, 0xFF,
    0xFF, 0xFF, 0xFF, 0xFF, 0xFF, 0xFF, 0xFF, 0xFF, 0xFF, 0xFF, 0xFF, 0xFF,
    0xFF, 0xFF, 0xFF, 0xFF, 0xFF, 0xFF, 0xFF, 0xFF, 0xFF, 0xFF, 0xFF, 0xFF,
    0xFF, 0xFF, 0xFF, 0xFF, 0xFF, 0xFF, 0xFF, 0xFF, 0xFF, 0xFF, 0xFF, 0xFF,
    0xFF, 0xFF, 0xFF, 0xFF, 0xFF, 0xFF, 0xFF, 0xFF, 0xFF, 0xFF, 0xFF, 0xFF,
    0xFF, 0xFF, 0xFF, 0xFF, 0xFF, 0xFF, 0xFF, 0xFF, 0xFF, 0xFF, 0xFF, 0xFF,
    0xFF, 0xFF, 0xFF, 0xFF, 0xFF, 0xFF, 0xFF, 0xFF, 0xFF, 0xFF, 0xFF, 0xFF,
    0xFF, 0xFF, 0xFF, 0xFF, 0xFF, 0xFF, 0xFF, 0xFF, 0xFF, 0xFF, 0xFF, 0xFF,
    0xFF, 0xFF, 0xFF, 0xFF, 0xFF, 0xFF, 0xFF, 0xFF, 0xFF, 0xFF, 0xFF, 0xFF,
    0xFF, 0xFF, 0xFF, 0xFF, 0xFF, 0xFF, 0xFF, 0xFF, 0xFF, 0xFF, 0xFF, 0xFF,
    0xFF, 0xFF, 0xFF, 0xFF, 0xFF, 0xFF, 0xFF, 0xFF, 0xFF, 0xFF, 0xFF, 0xFF,
    0xFF, 0xFF, 0xFF, 0xFF, 0xFF, 0xFF, 0xFF, 0xFF, 0xFF, 0xFF, 0xFF, 0xFF,
    0xFF, 0xFF, 0xFF, 0xFF, 0xFF, 0xFF, 0xFF, 0xFF, 0xFF, 0xFF, 0xFF, 0xFF,
    0xFF, 0xFF, 0xFF, 0xFF, 0xFF, 0xFF, 0xFF, 0xFF, 0xFF, 0xFF, 0xFF, 0xFF,
    0xFF, 0xFF, 0xFF, 0xFF, 0xFF, 0xFF, 0xFF, 0xFF, 0xFF, 0xFF, 0xFF, 0xFF,
    0xFF, 0xFF, 0xFF, 0xFF, 0xFF, 0xFF, 0xFF, 0xFF, 0xFF, 0xFF, 0xFF, 0xFF,
    0xFF, 0xFF, 0xFF, 0xFF, 0xFF, 0xFF, 0xFF, 0xFF, 0xFF, 0xFF, 0xFF, 0xFF,
    0xFF, 0xFF, 0xFF, 0xFF, 0xFF, 0xFF, 0xFF, 0xFF, 0xFF, 0xFF, 0xFF, 0xFF,
    0xFF, 0xFF, 0xFF, 0xFF, 0xFF, 0xFF, 0xFF, 0xFF, 0xFF, 0xFF, 0xFF, 0xFF,
    0xFF, 0xFF, 0xFF, 0xFF, 0xFF, 0xFF, 0xFF, 0xFF, 0xFF, 0xFF, 0xFF, 0xFF,
    0xFF, 0xFF, 0xFF, 0xFF, 0xFF, 0xFF, 0xFF, 0xFF, 0xFF, 0xFF, 0xFF, 0xFF,
    0xFF, 0xFF, 0xFF, 0xFF, 0xFF, 0xFF, 0xFF, 0xFF, 0xFF, 0xFF, 0xFF, 0xFF,
    0xFF, 0xFF, 0xFF, 0xFF, 0xFF, 0xFF, 0xFF, 0xFF, 0xFF, 0xFF, 0xFF, 0xFF,
    0xFF, 0xFF, 0xFF, 0xFF, 0xFF, 0xFF, 0xFF, 0xFF, 0xFF, 0xFF, 0xFF, 0xFF,
    0xFF, 0xFF, 0xFF, 0xFF, 0xFF, 0xFF, 0xFF, 0xFF, 0xFF, 0xFF, 0xFF, 0xFF,
    0xFF, 0xFF, 0xFF, 0xFF, 0xFF, 0xFF, 0xFF, 0xFF, 0xFF, 0xFF, 0xFF, 0xFF,
    0xFF, 0xFF, 0xFF, 0xFF, 0xFF, 0xFF, 0xFF, 0xFF, 0xFF, 0xFF, 0xFF, 0xFF,
    0xFF, 0xFF, 0xFF, 0xFF, 0xFF, 0xFF, 0xFF, 0xFF, 0xFF, 0xFF, 0xFF, 0xFF,
    0xFF, 0xFF, 0xFF, 0xFF, 0xFF, 0xFF, 0xFF, 0xFF, 0xFF, 0xFF, 0xFF, 0xFF,
    0xFF, 0xFF, 0xFF, 0xFF, 0xFF, 0xFF, 0xFF, 0xFF, 0xFF, 0xFF, 0xFF, 0xFF,
    0xFF, 0xFF, 0xFF, 0xFF, 0xFF, 0xFF, 0xFF, 0xFF, 0xFF, 0xFF, 0xFF, 0xFF,
    0xFF, 0xFF, 0xFF, 0xFF, 0xFF, 0xFF, 0xFF, 0xFF, 0xFF, 0xFF, 0xFF, 0xFF,
    0xFF, 0xFF, 0xFF, 0xFF, 0xFF, 0xFF, 0xFF, 0xFF, 0xFF, 0xFF, 0xFF, 0xFF,
    0xFF, 0xFF, 0xFF, 0xFF, 0xFF, 0xFF, 0xFF, 0xFF, 0xFF, 0xFF, 0xFF, 0xFF,
    0xFF, 0xFF, 0xFF, 0xFF, 0xFF, 0xFF, 0xFF, 0xFF, 0xFF, 0xFF, 0xFF, 0xFF,
    0xFF, 0xFF, 0xFF, 0xFF, 0xFF, 0xFF, 0xFF, 0xFF, 0xFF, 0xFF, 0xFF, 0xFF,
    0xFF, 0xFF, 0xFF, 0xFF, 0xFF, 0xFF, 0xFF, 0xFF, 0xFF, 0xFF, 0xFF, 0xFF,
    0xFF, 0xFF, 0xFF, 0xFF, 0xFF, 0xFF, 0xFF, 0xFF, 0xFF, 0xFF, 0xFF, 0xFF,
    0xFF, 0xFF, 0xFF, 0xFF, 0xFF, 0xFF, 0xFF, 0xFF, 0xFF, 0xFF, 0xFF, 0xFF,
    0xFF, 0xFF, 0xFF, 0xFF, 0xFF, 0xFF, 0xFF, 0xFF, 0xFF, 0xFF, 0xFF, 0xFF,
    0xFF, 0xFF, 0xFF, 0xFF, 0xFF, 0xFF, 0xFF, 0xFF, 0xFF, 0xFF, 0xFF, 0xFF,
    0xFF, 0xFF, 0xFF, 0xFF, 0xFF, 0xFF, 0xFF, 0xFF, 0xFF, 0xFF, 0xFF, 0xFF,
    0xFF, 0xFF, 0xFF, 0xFF, 0xFF, 0xFF, 0xFF, 0xFF, 0xFF, 0xFF, 0xFF, 0xFF,
    0xFF, 0xFF, 0xFF, 0xFF, 0xFF, 0xFF, 0xFF, 0xFF, 0xFF, 0xFF, 0xFF, 0xFF,
    0xFF, 0xFF, 0xFF, 0xFF, 0xFF, 0xFF, 0xFF, 0xFF, 0xFF, 0xFF, 0xFF, 0xFF,
    0xFF, 0xFF, 0xFF, 0xFF, 0xFF, 0xFF, 0xFF, 0xFF, 0xFF, 0xFF, 0xFF, 0xFF,
    0xFF, 0xFF, 0xFF, 0xFF, 0xFF, 0xFF, 0xFF, 0xFF, 0xFF, 0xFF, 0xFF, 0xFF,
    0xFF, 0xFF, 0xFF, 0xFF, 0xFF, 0xFF, 0xFF, 0xFF, 0xFF, 0xFF, 0xFF, 0xFF,
    0xFF, 0xFF, 0xFF, 0xFF, 0xFF, 0xFF, 0xFF, 0xFF, 0xFF, 0xFF, 0xFF, 0xFF,
    0xFF, 0xFF, 0xFF, 0xFF, 0xFF, 0xFF, 0xFF, 0xFF, 0xFF, 0xFF, 0xFF, 0xFF,
    0xFF, 0xFF, 0xFF, 0xFF, 0xFF, 0xFF, 0xFF, 0xFF, 0xFF, 0xFF, 0xFF, 0xFF,
    0xFF, 0xFF, 0xFF, 0xFF, 0xFF, 0xFF, 0xFF, 0xFF, 0xFF, 0xFF, 0xFF, 0xFF,
    0xFF, 0xFF, 0xFF, 0xFF, 0xFF, 0xFF, 0xFF, 0xFF, 0xFF, 0xFF, 0xFF, 0xFF,
    0xFF, 0xFF, 0xFF, 0xFF, 0xFF, 0xFF, 0xFF, 0xFF, 0xFF, 0xFF, 0xFF, 0xFF,
    0xFF, 0xFF, 0xFF, 0xFF, 0xFF, 0xFF, 0xFF, 0xFF, 0xFF, 0xFF, 0xFF, 0xFF,
    0xFF, 0xFF, 0xFF, 0xFF, 0xFF, 0xFF, 0xFF, 0xFF, 0xFF, 0xFF, 0xFF, 0xFF,
    0xFF, 0xFF, 0xFF, 0xFF, 0xFF, 0xFF, 0xFF, 0xFF, 0xFF, 0xFF, 0xFF, 0xFF,
    0xFF, 0xFF, 0xFF, 0xFF, 0xFF, 0xFF, 0xFF, 0xFF, 0xFF, 0xFF, 0xFF, 0xFF,
    0xFF, 0xFF, 0xFF, 0xFF, 0xFF, 0xFF, 0xFF, 0xFF, 0xFF, 0xFF, 0xFF, 0xFF,
    0xFF, 0xFF, 0xFF, 0xFF, 0xFF, 0xFF, 0xFF, 0xFF, 0xFF, 0xFF, 0xFF, 0xFF,
    0xFF, 0xFF, 0xFF, 0xFF, 0xFF, 0xFF, 0xFF, 0xFF, 0xFF, 0xFF, 0xFF, 0xFF,
    0xFF, 0xFF, 0xFF, 0xFF, 0xFF, 0xFF, 0xFF, 0xFF, 0xFF, 0xFF, 0xFF, 0xFF,
    0xFF, 0xFF, 0xFF, 0xFF, 0xFF, 0xFF, 0xFF, 0xFF, 0xFF, 0xFF, 0xFF, 0xFF,
    0xFF, 0xFF, 0xFF, 0xFF, 0xFF, 0xFF, 0xFF, 0xFF, 0xFF, 0xFF, 0xFF, 0xFF,
    0xFF, 0xFF, 0xFF, 0xFF, 0xFF, 0xFF, 0xFF, 0xFF, 0xFF, 0xFF, 0xFF, 0xFF,
    0xFF, 0xFF, 0xFF, 0xFF, 0xFF, 0xFF, 0xFF, 0xFF, 0xFF, 0xFF, 0xFF, 0xFF,
    0xFF, 0xFF, 0xFF, 0xFF, 0xFF, 0xFF, 0xFF, 0xFF, 0xFF, 0xFF, 0xFF, 0xFF,
    0xFF, 0xFF, 0xFF, 0xFF, 0xFF, 0xFF, 0xFF, 0xFF, 0xFF, 0xFF, 0xFF, 0xFF,
    0xFF, 0xFF, 0xFF, 0xFF, 0xFF, 0xFF, 0xFF, 0xFF, 0xFF, 0xFF, 0xFF, 0xFF,
    0xFF, 0xFF, 0xFF, 0xFF, 0xFF, 0xFF, 0xFF, 0xFF, 0xFF, 0xFF, 0xFF, 0xFF,
    0xFF, 0xFF, 0xFF, 0xFF, 0xFF, 0xFF, 0xFF, 0xFF, 0xFF, 0xFF, 0xFF, 0xFF,
    0xFF, 0xFF, 0xFF, 0xFF, 0xFF, 0xFF, 0xFF, 0xFF, 0xFF, 0xFF, 0xFF, 0xFF,
    0xFF, 0xFF, 0xFF, 0xFF, 0xFF, 0xFF, 0xFF, 0xFF, 0xFF, 0xFF, 0xFF, 0xFF,
    0xFF, 0xFF, 0xFF, 0xFF, 0xFF, 0xFF, 0xFF, 0xFF, 0xFF, 0xFF, 0xFF, 0xFF,
    0xFF, 0xFF, 0xFF, 0xFF, 0xFF, 0xFF, 0xFF, 0xFF, 0xFF, 0xFF, 0xFF, 0xFF,
    0xFF, 0xFF, 0xFF, 0xFF, 0xFF, 0xFF, 0xFF, 0xFF, 0xFF, 0xFF, 0xFF, 0xFF,
    0xFF, 0xFF, 0xFF, 0xFF, 0xFF, 0xFF, 0xFF, 0xFF, 0xFF, 0xFF, 0xFF, 0xFF,
    0xFF, 0xFF, 0xFF, 0xFF, 0xFF, 0xFF, 0xFF, 0xFF, 0xFF, 0xFF, 0xFF, 0xFF,
    0xFF, 0xFF, 0xFF, 0xFF, 0xFF, 0xFF, 0xFF, 0xFF, 0xFF, 0xFF, 0xFF, 0xFF,
    0xFF, 0xFF, 0xFF, 0xFF, 0xFF, 0xFF, 0xFF, 0xFF, 0xFF, 0xFF, 0xFF, 0xFF,
    0xFF, 0xFF, 0xFF, 0xFF, 0xFF, 0xFF, 0xFF, 0xFF, 0xFF, 0xFF, 0xFF, 0xFF,
    0xFF, 0xFF, 0xFF, 0xFF, 0xFF, 0xFF, 0xFF, 0xFF, 0xFF, 0xFF, 0xFF, 0xFF,
    0xFF, 0xFF, 0xFF, 0xFF, 0xFF, 0xFF, 0xFF, 0xFF, 0xFF, 0xFF, 0xFF, 0xFF,
    0xFF, 0xFF, 0xFF, 0xFF, 0xFF, 0xFF, 0xFF, 0xFF, 0xFF, 0xFF, 0xFF, 0xFF,
    0xFF, 0xFF, 0xFF, 0xFF, 0xFF, 0xFF, 0xFF, 0xFF, 0xFF, 0xFF, 0xFF, 0xFF,
    0xFF, 0xFF, 0xFF, 0xFF, 0xFF, 0xFF, 0xFF, 0xFF, 0xFF, 0xFF, 0xFF, 0xFF,
    0xFF, 0xFF, 0xFF, 0xFF, 0xFF, 0xFF, 0xFF, 0xFF, 0xFF, 0xFF, 0xFF, 0xFF,
    0xFF, 0xFF, 0xFF, 0xFF, 0xFF, 0xFF, 0xFF, 0xFF, 0xFF, 0xFF, 0xFF, 0xFF,
    0xFF, 0xFF, 0xFF, 0xFF, 0xFF, 0xFF, 0xFF, 0xFF, 0xFF, 0xFF, 0xFF, 0xFF,
    0xFF, 0xFF, 0xFF, 0xFF, 0xFF, 0xFF, 0xFF, 0xFF, 0xFF, 0xFF, 0xFF, 0xFF,
    0xFF, 0xFF, 0xFF, 0xFF, 0xFF, 0xFF, 0xFF, 0xFF, 0xFF, 0xFF, 0xFF, 0xFF,
    0xFF, 0xFF, 0xFF, 0xFF, 0xFF, 0xFF, 0xFF, 0xFF, 0xFF, 0xFF, 0xFF, 0xFF,
    0xFF, 0xFF, 0xFF, 0xFF, 0xFF, 0xFF, 0xFF, 0xFF, 0xFF, 0xFF, 0xFF, 0xFF,
    0xFF, 0xFF, 0xFF, 0xFF, 0xFF, 0xFF, 0xFF, 0xFF, 0xFF, 0xFF, 0xFF, 0xFF,
    0xFF, 0xFF, 0xFF, 0xFF, 0xFF, 0xFF, 0xFF, 0xFF, 0xFF, 0xFF, 0xFF, 0xFF,
    0xFF, 0xFF, 0xFF, 0xFF, 0xFF, 0xFF, 0xFF, 0xFF, 0xFF, 0xFF, 0xFF, 0xFF,
    0xFF, 0xFF, 0xFF, 0xFF, 0xFF, 0xFF, 0xFF, 0xFF, 0xFF, 0xFF, 0xFF, 0xFF,
    0xFF, 0xFF, 0xFF, 0xFF, 0xFF, 0xFF, 0xFF, 0xFF, 0xFF, 0xFF, 0xFF, 0xFF,
    0xFF, 0xFF, 0xFF, 0xFF, 0xFF, 0xFF, 0xFF, 0xFF, 0xFF, 0xFF, 0xFF, 0xFF,
    0xFF, 0xFF, 0xFF, 0xFF, 0xFF, 0xFF, 0xFF, 0xFF, 0xFF, 0xFF, 0xFF, 0xFF,
    0xFF, 0xFF, 0xFF, 0xFF, 0xFF, 0xFF, 0xFF, 0xFF, 0xFF, 0xFF, 0xFF, 0xFF,
    0xFF, 0xFF, 0xFF, 0xFF, 0xFF, 0xFF, 0xFF, 0xFF, 0xFF, 0xFF, 0xFF, 0xFF,
    0xFF, 0xFF, 0xFF, 0xFF, 0xFF, 0xFF, 0xFF, 0xFF, 0xFF, 0xFF, 0xFF, 0xFF,
    0xFF, 0xFF, 0xFF, 0xFF, 0xFF, 0xFF, 0xFF, 0xFF, 0xFF, 0xFF, 0xFF, 0xFF,
    0xFF, 0xFF, 0xFF, 0xFF, 0xFF, 0xFF, 0xFF, 0xFF, 0xFF, 0xFF, 0xFF, 0xFF,
    0xFF, 0xFF, 0xFF, 0xFF, 0xFF, 0xFF, 0xFF, 0xFF, 0xFF, 0xFF, 0xFF, 0xFF,
    0xFF, 0xFF, 0xFF, 0xFF, 0xFF, 0xFF, 0xFF, 0xFF, 0xFF, 0xFF, 0xFF, 0xFF,
    0xFF, 0xFF, 0xFF, 0xFF, 0xFF, 0xFF, 0xFF, 0xFF, 0xFF, 0xFF, 0xFF, 0xFF,
    0xFF, 0xFF, 0xFF, 0xFF, 0xFF, 0xFF, 0xFF, 0xFF, 0xFF, 0xFF, 0xFF, 0xFF,
    0xFF, 0xFF, 0xFF, 0xFF, 0xFF, 0xFF, 0xFF, 0xFF, 0xFF, 0xFF, 0xFF, 0xFF,
    0xFF, 0xFF, 0xFF, 0xFF, 0xFF, 0xFF, 0xFF, 0xFF, 0xFF, 0xFF, 0xFF, 0xFF,
    0xFF, 0xFF, 0xFF, 0xFF, 0xFF, 0xFF, 0xFF, 0xFF, 0xFF, 0xFF, 0xFF, 0xFF,
    0xFF, 0xFF, 0xFF, 0xFF, 0xFF, 0xFF, 0xFF, 0xFF, 0xFF, 0xFF, 0xFF, 0xFF,
    0xFF, 0xFF, 0xFF, 0xFF, 0xFF, 0xFF, 0xFF, 0xFF, 0xFF, 0xFF, 0xFF, 0xFF,
    0xFF, 0xFF, 0xFF, 0xFF, 0xFF, 0xFF, 0xFF, 0xFF, 0xFF, 0xFF, 0xFF, 0xFF,
    0xFF, 0xFF, 0xFF, 0xFF, 0xFF, 0xFF, 0xFF, 0xFF, 0xFF, 0xFF, 0xFF, 0xFF,
    0xFF, 0xFF, 0xFF, 0xFF, 0xFF, 0xFF, 0xFF, 0xFF, 0xFF, 0xFF, 0xFF, 0xFF,
    0xFF, 0xFF, 0xFF, 0xFF, 0xFF, 0xFF, 0xFF, 0xFF, 0xFF, 0xFF, 0xFF, 0xFF,
    0xFF, 0xFF, 0xFF, 0xFF, 0xFF, 0xFF, 0xFF, 0xFF, 0xFF, 0xFF, 0xFF, 0xFF,
    0xFF, 0xFF, 0xFF, 0xFF, 0xFF, 0xFF, 0xFF, 0xFF, 0xFF, 0xFF, 0xFF, 0xFF,
    0xFF, 0xFF, 0xFF, 0xFF, 0xFF, 0xFF, 0xFF, 0xFF, 0xFF, 0xFF, 0xFF, 0xFF,
    0xFF, 0xFF, 0xFF, 0xFF, 0xFF, 0xFF, 0xFF, 0xFF, 0xFF, 0xFF, 0xFF, 0xFF,
    0xFF, 0xFF, 0xFF, 0xFF, 0xFF, 0xFF, 0xFF, 0xFF, 0xFF, 0xFF, 0xFF, 0xFF,
    0xFF, 0xFF, 0xFF, 0xFF, 0xFF, 0xFF, 0xFF, 0xFF, 0xFF, 0xFF, 0xFF, 0xFF,
    0xFF, 0xFF, 0xFF, 0xFF, 0xFF, 0xFF, 0xFF, 0xFF, 0xFF, 0xFF, 0xFF, 0xFF,
    0xFF, 0xFF, 0xFF, 0xFF, 0xFF, 0xFF, 0xFF, 0xFF, 0xFF, 0xFF, 0xFF, 0xFF,
    0xFF, 0xFF, 0xFF, 0xFF, 0xFF, 0xFF, 0xFF, 0xFF, 0xFF, 0xFF, 0xFF, 0xFF,
    0xFF, 0xFF, 0xFF, 0xFF, 0xFF, 0xFF, 0xFF, 0xFF, 0xFF, 0xFF, 0xFF, 0xFF,
    0xFF, 0xFF, 0xFF, 0xFF, 0xFF, 0xFF, 0xFF, 0xFF, 0xFF, 0xFF, 0xFF, 0xFF,
    0xFF, 0xFF, 0xFF, 0xFF, 0xFF, 0xFF, 0xFF, 0xFF, 0x46, 0x55, 0x4A, 0x49,
    0xFF, 0xFF, 0xFF, 0xFF, 0xFF, 0xFF, 0xFF, 0xFF, 0xFF, 0xFF, 0xFF, 0xFF,
    0xFF, 0xFF, 0xFF, 0xFF, 0x54, 0x4D, 0x52, 0x20, 0x53, 0x45, 0x47, 0x41,
    0x20, 0x20, 0xC5, 0x7B, 0x00, 0x00, 0x00, 0x4C,
};

#endif /* FUJICONFIGROM_H */
