/* fujiconfigrom.h -- GENERATED by tools/mkromh.py from config.bin, do not edit. */

#ifndef FUJICONFIGROM_H
#define FUJICONFIGROM_H

#define FUJI_CONFIGROM_SIZE 32768

static const unsigned char _configrom[FUJI_CONFIGROM_SIZE] = {
    0x78, 0xD8, 0xA2, 0xFF, 0x9A, 0xA9, 0x00, 0x8D, 0x0E, 0xD4, 0x8D, 0x00,
    0xD4, 0x8D, 0x0E, 0xE8, 0xAA, 0x9D, 0x00, 0xE8, 0x9D, 0x00, 0xC0, 0x9D,
    0x00, 0xD4, 0x95, 0x00, 0x9D, 0x00, 0x02, 0xE8, 0xD0, 0xEF, 0xA2, 0x1B,
    0xBD, 0xB2, 0x81, 0x9D, 0x00, 0x02, 0xCA, 0x10, 0xF7, 0xA9, 0xF8, 0x8D,
    0x09, 0xD4, 0xA9, 0x20, 0x85, 0x05, 0xA9, 0x84, 0x85, 0x06, 0xA9, 0x22,
    0x85, 0x07, 0xA9, 0x00, 0x85, 0x1D, 0xA9, 0x3C, 0x85, 0x1E, 0x20, 0x8B,
    0x7C, 0x20, 0xC5, 0x76, 0xA9, 0x02, 0x8D, 0x0F, 0xE8, 0xA9, 0x40, 0x85,
    0x00, 0x8D, 0x0E, 0xE8, 0xA9, 0xC0, 0x8D, 0x0E, 0xD4, 0x58, 0x20, 0x00,
    0xBC, 0x20, 0xA2, 0x76, 0x20, 0xB9, 0x76, 0x4C, 0x67, 0x40, 0x20, 0xF5,
    0x7A, 0xA9, 0x14, 0x20, 0x1F, 0x60, 0xA9, 0x02, 0x20, 0xDF, 0x7A, 0xA9,
    0x14, 0x20, 0xDF, 0x7A, 0xA0, 0x03, 0x20, 0x46, 0x78, 0x20, 0x01, 0x60,
    0x4C, 0xDD, 0x77, 0x20, 0xF5, 0x7A, 0xA9, 0x15, 0x20, 0x1F, 0x60, 0xA9,
    0x02, 0x20, 0xDF, 0x7A, 0xA9, 0x15, 0x20, 0xDF, 0x7A, 0xA0, 0x03, 0x20,
    0x46, 0x78, 0x20, 0x01, 0x60, 0x4C, 0xDD, 0x77, 0x20, 0xF5, 0x7A, 0x20,
    0x44, 0x78, 0x20, 0xDE, 0x7B, 0x18, 0x69, 0x03, 0x20, 0xDF, 0x7A, 0xA9,
    0x14, 0x20, 0x1F, 0x60, 0xA9, 0x02, 0x20, 0xDF, 0x7A, 0xA9, 0x14, 0x20,
    0xDF, 0x7A, 0xA9, 0xFD, 0xA2, 0x7C, 0x20, 0x01, 0x60, 0xA9, 0x03, 0x20,
    0xDF, 0x7A, 0xA9, 0x14, 0x20, 0xDF, 0x7A, 0xA0, 0x04, 0x20, 0x46, 0x78,
    0x20, 0x01, 0x60, 0xA0, 0x00, 0xB1, 0x1D, 0x20, 0xDF, 0x7A, 0xA9, 0x14,
    0x20, 0xDF, 0x7A, 0xA9, 0xF2, 0xA2, 0x7C, 0x20, 0x01, 0x60, 0xA0, 0x00,
    0xB1, 0x1D, 0x18, 0x69, 0x07, 0x20, 0xDF, 0x7A, 0xA9, 0x14, 0x20, 0xDF,
    0x7A, 0xAD, 0x02, 0xB4, 0x20, 0x12, 0x65, 0x20, 0x7A, 0x6C, 0x4C, 0xEB,
    0x77, 0x20, 0xF5, 0x7A, 0x20, 0x44, 0x78, 0x20, 0x0E, 0x63, 0x4C, 0xDD,
    0x77, 0x20, 0xDF, 0x7A, 0x4C, 0x1E, 0x41, 0x20, 0x0C, 0x6F, 0xA0, 0x00,
    0xB1, 0x1D, 0x08, 0xB1, 0x1D, 0x38, 0xE9, 0x01, 0x91, 0x1D, 0x28, 0xD0,
    0xEE, 0x4C, 0xCE, 0x77, 0x20, 0xDF, 0x7A, 0xA0, 0x00, 0xB1, 0x1D, 0x0A,
    0x90, 0x16, 0xAD, 0x54, 0x02, 0xF0, 0x3B, 0x18, 0x69, 0x03, 0x20, 0xDF,
    0x7A, 0xA9, 0x00, 0x20, 0x33, 0x63, 0xCE, 0x54, 0x02, 0x4C, 0x6C, 0x41,
    0xAD, 0x54, 0x02, 0x18, 0x69, 0x01, 0xCD, 0x55, 0x02, 0xB0, 0x1F, 0xAD,
    0x54, 0x02, 0x18, 0x69, 0x03, 0x20, 0xDF, 0x7A, 0xA9, 0x00, 0x20, 0x33,
    0x63, 0xEE, 0x54, 0x02, 0xAD, 0x54, 0x02, 0x18, 0x69, 0x03, 0x20, 0xDF,
    0x7A, 0xA9, 0x01, 0x20, 0x33, 0x63, 0x4C, 0xCE, 0x77, 0x20, 0x09, 0x77,
    0xA9, 0x00, 0xA8, 0x91, 0x1D, 0xA8, 0xB9, 0xFF, 0x7C, 0xF0, 0x26, 0xA0,
    0x00, 0xB1, 0x1D, 0x18, 0x69, 0x02, 0x20, 0xDF, 0x7A, 0xA9, 0x02, 0x20,
    0xDF, 0x7A, 0xA8, 0xB1, 0x1D, 0xA8, 0xB9, 0xFF, 0x7C, 0x20, 0xCC, 0x60,
    0x20, 0xC5, 0x6C, 0xA0, 0x00, 0x18, 0xA9, 0x01, 0x71, 0x1D, 0x4C, 0x83,
    0x41, 0xA9, 0x02, 0x20, 0xDF, 0x7A, 0xA9, 0x03, 0x20, 0xDF, 0x7A, 0xA9,
    0xCE, 0xA2, 0x7C, 0x20, 0x01, 0x60, 0xA9, 0x02, 0x20, 0xDF, 0x7A, 0xA9,
    0x04, 0x20, 0xDF, 0x7A, 0xA9, 0xBA, 0xA2, 0x7C, 0x20, 0x01, 0x60, 0xA9,
    0x02, 0x20, 0xDF, 0x7A, 0xA9, 0x05, 0x20, 0xDF, 0x7A, 0xA9, 0xFA, 0xA2,
    0x7C, 0x20, 0x01, 0x60, 0xA9, 0x02, 0x20, 0xDF, 0x7A, 0xA9, 0x06, 0x20,
    0x2F, 0x64, 0xA9, 0x00, 0xA8, 0x91, 0x1D, 0xC9, 0x1E, 0xB0, 0x14, 0x20,
    0xDD, 0x65, 0xC9, 0x00, 0xD0, 0x0D, 0x20, 0x59, 0x64, 0xA0, 0x00, 0x18,
    0xA9, 0x01, 0x71, 0x1D, 0x4C, 0xF1, 0x41, 0x20, 0x89, 0x64, 0x4C, 0xCE,
    0x77, 0x20, 0xE8, 0x5F, 0x20, 0x4B, 0x6C, 0x20, 0xD2, 0x65, 0x20, 0x05,
    0x70, 0xAA, 0xD0, 0x15, 0xA9, 0x02, 0x20, 0xDF, 0x7A, 0x20, 0xDF, 0x7A,
    0xA9, 0xE1, 0xA2, 0x7C, 0x20, 0x01, 0x60, 0x20, 0x7A, 0x6C, 0x4C, 0x32,
    0x42, 0x20, 0x7D, 0x41, 0xA9, 0x00, 0x8D, 0x50, 0x02, 0xAD, 0x50, 0x02,
    0xF0, 0x17, 0xC9, 0x01, 0xF0, 0x19, 0xC9, 0x02, 0xF0, 0x1B, 0xC9, 0x04,
    0xF0, 0x1D, 0xC9, 0x05, 0xF0, 0x1F, 0xC9, 0x06, 0xF0, 0x21, 0x4C, 0x7D,
    0x42, 0x20, 0x83, 0x42, 0x4C, 0x3D, 0x42, 0x20, 0x10, 0x43, 0x4C, 0x3D,
    0x42, 0x20, 0x6B, 0x43, 0x4C, 0x3D, 0x42, 0x20, 0xC9, 0x4A, 0x4C, 0x3D,
    0x42, 0x20, 0x83, 0x53, 0x4C, 0x3D, 0x42, 0x20, 0x75, 0x59, 0x4C, 0x3D,
    0x42, 0x20, 0x6A, 0x47, 0x4C, 0x3D, 0x42, 0xA2, 0xB0, 0xA9, 0x00, 0x20,
    0xF5, 0x7A, 0x20, 0xDF, 0x7A, 0x20, 0xA1, 0x6F, 0xAA, 0xD0, 0x05, 0xA9,
    0x03, 0x4C, 0x0A, 0x43, 0xA9, 0x70, 0x20, 0xDF, 0x7A, 0xA9, 0xFA, 0x20,
    0xDF, 0x7A, 0xA9, 0x10, 0x20, 0xDF, 0x7A, 0xA9, 0x00, 0x20, 0xDF, 0x7A,
    0x20, 0xDF, 0x7A, 0x20, 0xDF, 0x7A, 0x20, 0xDF, 0x7A, 0xA9, 0x07, 0x20,
    0x60, 0x78, 0x20, 0xF5, 0x7A, 0xA2, 0x00, 0xA9, 0x01, 0x20, 0x13, 0x71,
    0xAA, 0xD0, 0x05, 0xA9, 0x03, 0x4C, 0x0A, 0x43, 0xA0, 0x00, 0xB1, 0x1D,
    0xC9, 0x03, 0xF0, 0x36, 0xA9, 0x70, 0x20, 0xDF, 0x7A, 0xA9, 0xFE, 0x20,
    0xDF, 0x7A, 0xA9, 0x00, 0x20, 0xDF, 0x7A, 0x20, 0xDF, 0x7A, 0x20, 0xDF,
    0x7A, 0x20, 0xDF, 0x7A, 0x20, 0xDF, 0x7A, 0x20, 0xF1, 0x7A, 0x20, 0x13,
    0x71, 0xAA, 0xF0, 0x10, 0xA0, 0x02, 0x20, 0xB0, 0x7C, 0xA0, 0x00, 0xB1,
    0x25, 0xF0, 0x05, 0xA9, 0x02, 0x4C, 0x0A, 0x43, 0xA9, 0x01, 0x8D, 0x50,
    0x02, 0x4C, 0xEB, 0x77, 0xA9, 0x00, 0x8D, 0x54, 0x02, 0x20, 0x2E, 0x45,
    0x4C, 0x63, 0x43, 0x20, 0xDD, 0x65, 0x20, 0xDF, 0x7A, 0xA0, 0x00, 0xB1,
    0x1D, 0xC9, 0x01, 0xF0, 0x13, 0xC9, 0x02, 0xF0, 0x17, 0xC9, 0x05, 0xF0,
    0x1B, 0xC9, 0x06, 0xF0, 0x26, 0xC9, 0x08, 0xF0, 0x19, 0x4C, 0x60, 0x43,
    0xA9, 0xFF, 0x20, 0x30, 0x41, 0x4C, 0x60, 0x43, 0xA9, 0x01, 0x20, 0x30,
    0x41, 0x4C, 0x60, 0x43, 0x20, 0x5E, 0x46, 0x4C, 0x60, 0x43, 0x8C, 0x54,
    0x02, 0x20, 0x2E, 0x45, 0x4C, 0x60, 0x43, 0xA9, 0x03, 0x8D, 0x50, 0x02,
    0x20, 0xCE, 0x77, 0xAD, 0x50, 0x02, 0xC9, 0x01, 0xF0, 0xB1, 0x60, 0x20,
    0x12, 0x77, 0xA9, 0xAA, 0xA2, 0x7D, 0x20, 0x09, 0x41, 0xA9, 0x27, 0xA2,
    0x7D, 0x20, 0x6A, 0x40, 0xA9, 0x70, 0x20, 0xDF, 0x7A, 0xA9, 0xFE, 0x20,
    0xDF, 0x7A, 0xA9, 0x00, 0x20, 0xDF, 0x7A, 0x20, 0xDF, 0x7A, 0x20, 0xDF,
    0x7A, 0x20, 0xDF, 0x7A, 0x20, 0xDF, 0x7A, 0x20, 0xF1, 0x7A, 0x20, 0x13,
    0x71, 0xAA, 0xF0, 0x16, 0xA9, 0x03, 0x20, 0xDF, 0x7A, 0x20, 0xDF, 0x7A,
    0xA2, 0xB0, 0xA9, 0x00, 0x20, 0xF5, 0x7A, 0xA9, 0x20, 0x20, 0x59, 0x60,
    0xA9, 0x00, 0xA0, 0x01, 0x91, 0x1D, 0xC9, 0x14, 0x90, 0x03, 0x4C, 0xB9,
    0x44, 0x20, 0xD8, 0x65, 0x20, 0xDF, 0x7A, 0x4C, 0xE7, 0x43, 0x20, 0xDD,
    0x65, 0x20, 0xDF, 0x7A, 0xA0, 0x00, 0xB1, 0x1D, 0xC9, 0x06, 0xF0, 0x04,
    0xC9, 0x05, 0xD0, 0x08, 0xA9, 0x01, 0x8D, 0x50, 0x02, 0x4C, 0xF0, 0x77,
    0x20, 0xCE, 0x77, 0x20, 0xD8, 0x65, 0x38, 0xA0, 0x00, 0xF1, 0x1D, 0xC9,
    0x78, 0x90, 0xD7, 0x98, 0xC8, 0x91, 0x1D, 0xA9, 0x70, 0x20, 0xDF, 0x7A,
    0xA9, 0xFA, 0x20, 0xDF, 0x7A, 0xA9, 0x10, 0x20, 0xDF, 0x7A, 0xA9, 0x00,
    0x20, 0xDF, 0x7A, 0x20, 0xDF, 0x7A, 0x20, 0xDF, 0x7A, 0x20, 0xDF, 0x7A,
    0xA9, 0x08, 0x20, 0x60, 0x78, 0x20, 0xF5, 0x7A, 0xA2, 0x00, 0xA9, 0x01,
    0x20, 0x13, 0x71, 0xAA, 0xD0, 0x03, 0x4C, 0xAD, 0x44, 0xA0, 0x01, 0xB1,
    0x1D, 0xC9, 0x01, 0xF0, 0x37, 0xC9, 0x03, 0xF0, 0x0B, 0xC9, 0x04, 0xF0,
    0x46, 0xC9, 0x05, 0xF0, 0x59, 0x4C, 0xAD, 0x44, 0xA9, 0xD5, 0xA2, 0x7D,
    0x20, 0x6A, 0x40, 0xA9, 0x02, 0x20, 0xDF, 0x7A, 0xA9, 0x15, 0x20, 0xDF,
    0x7A, 0xA9, 0xF6, 0xA2, 0x7D, 0x20, 0x01, 0x60, 0x20, 0x8F, 0x6C, 0xA9,
    0x32, 0x20, 0x15, 0x41, 0xA9, 0x03, 0x8D, 0x50, 0x02, 0x4C, 0xEB, 0x77,
    0xA9, 0x53, 0xA2, 0x7D, 0x20, 0x6A, 0x40, 0x20, 0x7A, 0x6C, 0xA9, 0x78,
    0x20, 0x15, 0x41, 0xA9, 0x01, 0x8D, 0x50, 0x02, 0x4C, 0xEB, 0x77, 0xA9,
    0x8A, 0xA2, 0x7D, 0x20, 0x6A, 0x40, 0x20, 0x7A, 0x6C, 0xA9, 0x78, 0x20,
    0x15, 0x41, 0xA9, 0x01, 0x8D, 0x50, 0x02, 0x4C, 0xEB, 0x77, 0xA9, 0x79,
    0xA2, 0x7D, 0x20, 0x6A, 0x40, 0x20, 0x7A, 0x6C, 0xA9, 0x78, 0x20, 0x15,
    0x41, 0xA9, 0x01, 0x8D, 0x50, 0x02, 0x4C, 0xEB, 0x77, 0x20, 0xCE, 0x77,
    0xA0, 0x01, 0x18, 0x98, 0x71, 0x1D, 0x4C, 0xB8, 0x43, 0xA9, 0x66, 0xA2,
    0x7D, 0x20, 0x6A, 0x40, 0x20, 0x7A, 0x6C, 0xA9, 0x78, 0x20, 0x15, 0x41,
    0xA9, 0x01, 0x8D, 0x50, 0x02, 0x4C, 0xDD, 0x77, 0x20, 0xDF, 0x7A, 0xA0,
    0x00, 0xB1, 0x1D, 0x20, 0xDF, 0x7A, 0xA0, 0x00, 0xB1, 0x1D, 0x0A, 0xA2,
    0x00, 0x90, 0x0B, 0xB1, 0x1D, 0x10, 0x01, 0xCA, 0x20, 0xA1, 0x7A, 0x4C,
    0xF3, 0x44, 0xB1, 0x1D, 0x10, 0x01, 0xCA, 0x20, 0xF5, 0x7A, 0xA9, 0x21,
    0x20, 0xDF, 0x7A, 0xA0, 0x05, 0xB1, 0x1D, 0x20, 0xDF, 0x7A, 0xA0, 0x04,
    0xB1, 0x1D, 0x0A, 0x90, 0x07, 0xA9, 0xF9, 0xA2, 0x7D, 0x4C, 0x14, 0x45,
    0xA9, 0xFB, 0xA2, 0x7D, 0x20, 0x01, 0x60, 0xA9, 0x22, 0x20, 0xDF, 0x7A,
    0xA0, 0x05, 0xB1, 0x1D, 0x20, 0xDF, 0x7A, 0xA0, 0x03, 0x20, 0x46, 0x78,
    0x20, 0x99, 0x64, 0x4C, 0xF5, 0x77, 0xA2, 0xB0, 0xA9, 0x00, 0x20, 0xF5,
    0x7A, 0x20, 0x09, 0x77, 0xA9, 0xBA, 0xA2, 0x7D, 0x20, 0x09, 0x41, 0xA9,
    0xC9, 0xA2, 0x7D, 0x20, 0x6A, 0x40, 0xA9, 0x15, 0x20, 0x1F, 0x60, 0xA9,
    0x00, 0x8D, 0x5A, 0x03, 0xA9, 0x70, 0x20, 0xDF, 0x7A, 0xA9, 0xFD, 0x20,
    0xDF, 0x7A, 0xA9, 0x00, 0x20, 0xDF, 0x7A, 0x20, 0xDF, 0x7A, 0x20, 0xDF,
    0x7A, 0x20, 0xDF, 0x7A, 0x20, 0xDF, 0x7A, 0x20, 0xF1, 0x7A, 0x20, 0x13,
    0x71, 0xAA, 0xF0, 0x17, 0xA0, 0x02, 0x20, 0xB0, 0x7C, 0xA0, 0x00, 0xB1,
    0x25, 0x8D, 0x5A, 0x03, 0xC9, 0x10, 0x98, 0x90, 0x07, 0xA9, 0x0F, 0x8D,
    0x5A, 0x03, 0x98, 0xA8, 0x91, 0x1D, 0xCD, 0x5A, 0x03, 0x90, 0x03, 0x4C,
    0x14, 0x46, 0xB1, 0x1D, 0x18, 0x69, 0x03, 0x20, 0xDF, 0x7A, 0xA9, 0x70,
    0x20, 0xDF, 0x7A, 0xA9, 0xFC, 0x20, 0xDF, 0x7A, 0xA9, 0x01, 0x20, 0xDF,
    0x7A, 0xA0, 0x04, 0xB1, 0x1D, 0x20, 0xDF, 0x7A, 0xA9, 0x00, 0x20, 0xDF,
    0x7A, 0x20, 0xDF, 0x7A, 0x20, 0xDF, 0x7A, 0x20, 0xF1, 0x7A, 0x20, 0x13,
    0x71, 0xAA, 0xD0, 0x0D, 0xA0, 0x01, 0xB1, 0x1D, 0x8D, 0x5A, 0x03, 0x20,
    0xCE, 0x77, 0x4C, 0x14, 0x46, 0xA9, 0x03, 0x20, 0xDF, 0x7A, 0xA0, 0x01,
    0xB1, 0x1D, 0x20, 0xDF, 0x7A, 0xA0, 0x07, 0x20, 0x1C, 0x7B, 0xA9, 0x1D,
    0x20, 0x59, 0x60, 0xA0, 0x00, 0xB1, 0x1D, 0x20, 0xDF, 0x7A, 0xA0, 0x04,
    0x20, 0x46, 0x78, 0xA0, 0x21, 0x20, 0xC5, 0x77, 0x85, 0x25, 0x86, 0x26,
    0xA0, 0x00, 0xB1, 0x25, 0x20, 0xD0, 0x44, 0x20, 0xCE, 0x77, 0xA0, 0x00,
    0x18, 0xA9, 0x01, 0x71, 0x1D, 0x4C, 0x8C, 0x45, 0xA9, 0x03, 0x20, 0xDF,
    0x7A, 0xAD, 0x5A, 0x03, 0x18, 0x69, 0x03, 0x20, 0xDF, 0x7A, 0xA9, 0x3E,
    0xA2, 0x7D, 0x20, 0x01, 0x60, 0xAD, 0x5A, 0x03, 0x18, 0x69, 0x01, 0x8D,
    0x55, 0x02, 0xA9, 0x0E, 0xA2, 0x7D, 0x20, 0x6A, 0x40, 0xA9, 0xE8, 0xA2,
    0x7D, 0x20, 0x87, 0x40, 0xAD, 0x54, 0x02, 0xCD, 0x55, 0x02, 0x90, 0x05,
    0xA9, 0x00, 0x8D, 0x54, 0x02, 0xAD, 0x54, 0x02, 0x18, 0x69, 0x03, 0x20,
    0xDF, 0x7A, 0xA9, 0x01, 0x20, 0x33, 0x63, 0x4C, 0xEB, 0x77, 0xA2, 0xB0,
    0xA9, 0x00, 0x20, 0xF5, 0x7A, 0x20, 0x09, 0x77, 0xAD, 0x54, 0x02, 0xCD,
    0x5A, 0x03, 0x90, 0x03, 0x4C, 0xF1, 0x46, 0xA9, 0x70, 0x20, 0xDF, 0x7A,
    0xA9, 0xFC, 0x20, 0xDF, 0x7A, 0xA9, 0x01, 0x20, 0xDF, 0x7A, 0xAD, 0x54,
    0x02, 0x20, 0xDF, 0x7A, 0xA9, 0x00, 0x20, 0xDF, 0x7A, 0x20, 0xDF, 0x7A,
    0x20, 0xDF, 0x7A, 0x20, 0xF1, 0x7A, 0x20, 0x13, 0x71, 0xAA, 0xD0, 0x0A,
    0xA9, 0x22, 0xA2, 0x7D, 0x20, 0xA4, 0x40, 0x4C, 0xEB, 0x77, 0xA9, 0x00,
    0xA8, 0x91, 0x1D, 0xC9, 0x20, 0xB0, 0x37, 0xA0, 0x02, 0x20, 0xB0, 0x7C,
    0xA0, 0x00, 0xB1, 0x1D, 0xA8, 0xB1, 0x25, 0xF0, 0x28, 0xA9, 0xDA, 0xA2,
    0x02, 0xA0, 0x00, 0x18, 0x71, 0x1D, 0x90, 0x01, 0xE8, 0x85, 0x1F, 0x86,
    0x20, 0xA0, 0x02, 0x20, 0xB0, 0x7C, 0xA0, 0x00, 0xB1, 0x1D, 0xA8, 0xB1,
    0x25, 0xA0, 0x00, 0x91, 0x1F, 0x18, 0xA9, 0x01, 0x71, 0x1D, 0x4C, 0xA9,
    0x46, 0xA8, 0xB1, 0x1D, 0xA8, 0xA9, 0x00, 0x99, 0xDA, 0x02, 0x4C, 0x20,
    0x47, 0xA9, 0x00, 0x8D, 0x9F, 0x03, 0xA9, 0xF1, 0xA2, 0x7D, 0x20, 0xF5,
    0x7A, 0xA9, 0x20, 0x20, 0x47, 0x67, 0xAA, 0xF0, 0x05, 0xAD, 0x9F, 0x03,
    0xD0, 0x06, 0x20, 0x2E, 0x45, 0x4C, 0xEB, 0x77, 0xA9, 0xDA, 0xA2, 0x02,
    0x20, 0xF5, 0x7A, 0xA9, 0x9F, 0xA2, 0x03, 0x20, 0xBF, 0x7B, 0xA9, 0x00,
    0x8D, 0x9F, 0x03, 0xA9, 0xDF, 0xA2, 0x7D, 0x20, 0xF5, 0x7A, 0xA9, 0x3F,
    0x20, 0x47, 0x67, 0xAA, 0xD0, 0x06, 0x20, 0x2E, 0x45, 0x4C, 0xEB, 0x77,
    0xA9, 0x9A, 0xA2, 0x7D, 0x20, 0x6A, 0x40, 0xA9, 0xDA, 0xA2, 0x02, 0x20,
    0xF5, 0x7A, 0xA9, 0x9F, 0xA2, 0x03, 0x20, 0xB0, 0x5D, 0xAA, 0xD0, 0x12,
    0xA9, 0xF1, 0xA2, 0x7D, 0x20, 0xA4, 0x40, 0xA9, 0x78, 0x20, 0x15, 0x41,
    0x20, 0x2E, 0x45, 0x4C, 0xEB, 0x77, 0xA9, 0x02, 0x8D, 0x50, 0x02, 0x4C,
    0xEB, 0x77, 0x20, 0xFF, 0x47, 0x4C, 0xF4, 0x47, 0x20, 0xDD, 0x65, 0x20,
    0xDF, 0x7A, 0xA0, 0x00, 0xB1, 0x1D, 0xC9, 0x01, 0xF0, 0x17, 0xC9, 0x02,
    0xF0, 0x1B, 0xC9, 0x05, 0xF0, 0x1F, 0xC9, 0x06, 0xF0, 0x35, 0xC9, 0x07,
    0xF0, 0x5B, 0xC9, 0x08, 0xF0, 0x4A, 0x4C, 0xF1, 0x47, 0xA9, 0xFF, 0x20,
    0x30, 0x41, 0x4C, 0xF1, 0x47, 0xA9, 0x01, 0x20, 0x30, 0x41, 0x4C, 0xF1,
    0x47, 0xAD, 0x54, 0x02, 0xC9, 0x08, 0xD0, 0x0D, 0xAD, 0x53, 0x02, 0xD0,
    0x08, 0xA9, 0x06, 0x8D, 0x50, 0x02, 0x4C, 0xF1, 0x47, 0x20, 0x5E, 0x49,
    0x4C, 0xF1, 0x47, 0xAD, 0x53, 0x02, 0xF0, 0x10, 0x20, 0xB2, 0x52, 0xAD,
    0x50, 0x02, 0xC9, 0x03, 0xD0, 0x23, 0x20, 0xFF, 0x47, 0x4C, 0xF1, 0x47,
    0xA9, 0x01, 0x8D, 0x50, 0x02, 0x4C, 0xF1, 0x47, 0xAD, 0x53, 0x02, 0xD0,
    0x10, 0xA9, 0x05, 0x8D, 0x50, 0x02, 0x4C, 0xF1, 0x47, 0xAD, 0x53, 0x02,
    0xD0, 0x03, 0x20, 0xF4, 0x49, 0x20, 0xCE, 0x77, 0xAD, 0x50, 0x02, 0xC9,
    0x03, 0xD0, 0x03, 0x4C, 0x70, 0x47, 0x60, 0x20, 0x09, 0x77, 0xAD, 0x53,
    0x02, 0xF0, 0x07, 0xA9, 0x58, 0xA2, 0x7E, 0x4C, 0x12, 0x48, 0xA9, 0xA8,
    0xA2, 0x7E, 0x20, 0x09, 0x41, 0xAD, 0x53, 0x02, 0xF0, 0x0E, 0xA9, 0x44,
    0xA2, 0x7E, 0x20, 0x6A, 0x40, 0xA9, 0x8D, 0xA2, 0x7E, 0x4C, 0x33, 0x48,
    0xA9, 0x18, 0xA2, 0x7E, 0x20, 0x6A, 0x40, 0xA9, 0x2F, 0xA2, 0x7E, 0x20,
    0x87, 0x40, 0xA9, 0x70, 0x20, 0xDF, 0x7A, 0xA9, 0xF4, 0x20, 0xDF, 0x7A,
    0xA9, 0x00, 0x20, 0xDF, 0x7A, 0x20, 0xDF, 0x7A, 0x20, 0xDF, 0x7A, 0x20,
    0xDF, 0x7A, 0x20, 0xDF, 0x7A, 0x20, 0xF1, 0x7A, 0x20, 0x13, 0x71, 0xAA,
    0xD0, 0x0F, 0xA9, 0xC5, 0xA2, 0x7E, 0x20, 0xA4, 0x40, 0xA9, 0x00, 0x8D,
    0x55, 0x02, 0x4C, 0xCE, 0x77, 0xA9, 0x00, 0x8D, 0x59, 0x02, 0xA8, 0x91,
    0x1D, 0xC9, 0x08, 0x90, 0x03, 0x4C, 0x16, 0x49, 0xA2, 0x00, 0xB1, 0x1D,
    0x20, 0x84, 0x76, 0x20, 0x6E, 0x76, 0x85, 0x25, 0x86, 0x26, 0x18, 0xA5,
    0x25, 0x48, 0xA9, 0xB0, 0x65, 0x26, 0xAA, 0x68, 0x20, 0xF5, 0x7A, 0xA0,
    0x02, 0xB1, 0x1D, 0x18, 0x69, 0x03, 0x20, 0xDF, 0x7A, 0xA0, 0x00, 0xB1,
    0x1D, 0x20, 0x1F, 0x60, 0xA9, 0x03, 0x20, 0xDF, 0x7A, 0xA0, 0x01, 0xB1,
    0x1D, 0x20, 0xDF, 0x7A, 0xA0, 0x05, 0xA2, 0x00, 0xB1, 0x1D, 0x20, 0xB0,
    0x77, 0x20, 0x99, 0x64, 0xA0, 0x02, 0x20, 0xB0, 0x7C, 0xA0, 0x00, 0xB1,
    0x25, 0xD0, 0x16, 0xA9, 0x05, 0x20, 0xDF, 0x7A, 0xA0, 0x01, 0xB1, 0x1D,
    0x20, 0xDF, 0x7A, 0xA9, 0xBD, 0xA2, 0x7E, 0x20, 0x01, 0x60, 0x4C, 0x09,
    0x49, 0xA9, 0x05, 0x20, 0xDF, 0x7A, 0xA0, 0x01, 0xB1, 0x1D, 0x20, 0xDF,
    0x7A, 0xA0, 0x06, 0x20, 0x1C, 0x7B, 0xA9, 0x21, 0x20, 0x59, 0x60, 0xAD,
    0x59, 0x02, 0x20, 0xF3, 0x7A, 0xA0, 0x05, 0xB1, 0x1D, 0xA8, 0xA9, 0x01,
    0x20, 0x5D, 0x7B, 0x20, 0xAF, 0x7A, 0x8D, 0x59, 0x02, 0x20, 0xEB, 0x77,
    0xA0, 0x00, 0x18, 0xA9, 0x01, 0x71, 0x1D, 0x4C, 0x6F, 0x48, 0xA9, 0x08,
    0x8D, 0x55, 0x02, 0xAD, 0x53, 0x02, 0xD0, 0x1B, 0xA9, 0x0B, 0x20, 0x1F,
    0x60, 0xA9, 0x05, 0x20, 0xDF, 0x7A, 0xA9, 0x0B, 0x20, 0xDF, 0x7A, 0xA9,
    0x7D, 0xA2, 0x7E, 0x20, 0x01, 0x60, 0xA9, 0x09, 0x8D, 0x55, 0x02, 0xA9,
    0x01, 0x8D, 0x56, 0x02, 0xAD, 0x54, 0x02, 0xCD, 0x55, 0x02, 0x90, 0x05,
    0xA9, 0x00, 0x8D, 0x54, 0x02, 0xAD, 0x54, 0x02, 0x18, 0x69, 0x03, 0x20,
    0xDF, 0x7A, 0xA9, 0x01, 0x20, 0x33, 0x63, 0x4C, 0xCE, 0x77, 0xAD, 0x59,
    0x02, 0x20, 0xF3, 0x7A, 0xAC, 0x54, 0x02, 0xA9, 0x01, 0x20, 0x5D, 0x7B,
    0x20, 0x5E, 0x76, 0xC9, 0x00, 0xD0, 0x16, 0xAD, 0x53, 0x02, 0xF0, 0x07,
    0xA9, 0x9C, 0xA2, 0x7E, 0x4C, 0x83, 0x49, 0xA9, 0xFD, 0xA2, 0x7D, 0x20,
    0x6A, 0x40, 0x4C, 0x7A, 0x6C, 0xA9, 0x6C, 0xA2, 0x7E, 0x20, 0x6A, 0x40,
    0xA9, 0x70, 0x20, 0xDF, 0x7A, 0xA9, 0xF9, 0x20, 0xDF, 0x7A, 0xA9, 0x01,
    0x20, 0xDF, 0x7A, 0xAD, 0x54, 0x02, 0x20, 0xDF, 0x7A, 0xA9, 0x00, 0x20,
    0xDF, 0x7A, 0x20, 0xDF, 0x7A, 0x20, 0xDF, 0x7A, 0x20, 0xF1, 0x7A, 0x20,
    0x13, 0x71, 0xAA, 0xD0, 0x07, 0xA9, 0xD6, 0xA2, 0x7E, 0x4C, 0xA4, 0x40,
    0xAD, 0x54, 0x02, 0x8D, 0x51, 0x02, 0xA9, 0x2F, 0x8D, 0x5A, 0x02, 0xA9,
    0x00, 0x8D, 0x5B, 0x02, 0x8D, 0x9F, 0x03, 0x8D, 0x57, 0x02, 0x8D, 0x58,
    0x02, 0x20, 0x2D, 0x4C, 0xAA, 0xD0, 0x07, 0xA9, 0xD1, 0xA2, 0x7E, 0x4C,
    0xA4, 0x40, 0xA9, 0x00, 0x8D, 0x54, 0x02, 0x20, 0x8F, 0x6C, 0xA9, 0x04,
    0x8D, 0x50, 0x02, 0x60, 0x20, 0x1F, 0x77, 0xAD, 0x54, 0x02, 0xC9, 0x08,
    0xD0, 0x06, 0x20, 0x7A, 0x6C, 0x4C, 0xEB, 0x77, 0xA9, 0x70, 0x20, 0xDF,
    0x7A, 0xA9, 0xF4, 0x20, 0xDF, 0x7A, 0xA9, 0x00, 0x20, 0xDF, 0x7A, 0x20,
    0xDF, 0x7A, 0x20, 0xDF, 0x7A, 0x20, 0xDF, 0x7A, 0x20, 0xDF, 0x7A, 0x20,
    0xF1, 0x7A, 0x20, 0x13, 0x71, 0xAA, 0xD0, 0x0A, 0xA9, 0xC5, 0xA2, 0x7E,
    0x20, 0xA4, 0x40, 0x4C, 0xEB, 0x77, 0xA2, 0x00, 0xAD, 0x54, 0x02, 0x20,
    0x84, 0x76, 0x20, 0x6E, 0x76, 0x85, 0x25, 0x86, 0x26, 0x18, 0xA5, 0x25,
    0x48, 0xA9, 0xB0, 0x65, 0x26, 0xAA, 0x68, 0xA0, 0x01, 0x20, 0xA1, 0x7B,
    0xA9, 0x00, 0xA8, 0x91, 0x1D, 0xC9, 0x1F, 0xB0, 0x37, 0xA0, 0x02, 0x20,
    0xB0, 0x7C, 0xA0, 0x00, 0xB1, 0x1D, 0xA8, 0xB1, 0x25, 0xF0, 0x28, 0xA9,
    0x9F, 0xA2, 0x03, 0xA0, 0x00, 0x18, 0x71, 0x1D, 0x90, 0x01, 0xE8, 0x85,
    0x1F, 0x86, 0x20, 0xA0, 0x02, 0x20, 0xB0, 0x7C, 0xA0, 0x00, 0xB1, 0x1D,
    0xA8, 0xB1, 0x25, 0xA0, 0x00, 0x91, 0x1F, 0x18, 0xA9, 0x01, 0x71, 0x1D,
    0x4C, 0x53, 0x4A, 0xA8, 0xB1, 0x1D, 0xA8, 0xA9, 0x00, 0x99, 0x9F, 0x03,
    0xA9, 0xB3, 0xA2, 0x7E, 0x20, 0xF5, 0x7A, 0xA9, 0x1F, 0x20, 0x47, 0x67,
    0xAA, 0xF0, 0x1C, 0xAD, 0x54, 0x02, 0x20, 0xDF, 0x7A, 0xA9, 0x9F, 0xA2,
    0x03, 0x20, 0xDD, 0x5B, 0xAA, 0xD0, 0x0C, 0xA9, 0xCB, 0xA2, 0x7E, 0x20,
    0xA4, 0x40, 0xA9, 0x5A, 0x20, 0x15, 0x41, 0x20, 0xFF, 0x47, 0x4C, 0xEB,
    0x77, 0x20, 0x41, 0x4C, 0x4C, 0x7D, 0x4B, 0x20, 0xDD, 0x65, 0x20, 0xDF,
    0x7A, 0xA0, 0x00, 0xB1, 0x1D, 0xC9, 0x01, 0xF0, 0x1F, 0xC9, 0x02, 0xF0,
    0x23, 0xC9, 0x03, 0xF0, 0x27, 0xC9, 0x04, 0xF0, 0x46, 0xC9, 0x05, 0xF0,
    0x63, 0xC9, 0x06, 0xF0, 0x65, 0xC9, 0x07, 0xF0, 0x67, 0xC9, 0x08, 0xF0,
    0x69, 0x4C, 0x7A, 0x4B, 0xA9, 0xFF, 0x20, 0xC9, 0x4D, 0x4C, 0x7A, 0x4B,
    0xA9, 0x01, 0x20, 0xC9, 0x4D, 0x4C, 0x7A, 0x4B, 0xAD, 0x57, 0x02, 0xC9,
    0x10, 0xAD, 0x58, 0x02, 0xE9, 0x00, 0x90, 0x62, 0xAD, 0x57, 0x02, 0x38,
    0xE9, 0x10, 0x8D, 0x57, 0x02, 0xB0, 0x03, 0xCE, 0x58, 0x02, 0x8C, 0x54,
    0x02, 0x20, 0xFE, 0x4C, 0x4C, 0x7A, 0x4B, 0xAD, 0x55, 0x02, 0xF0, 0x46,
    0xAD, 0x56, 0x02, 0xD0, 0x41, 0xA9, 0x10, 0x18, 0x6D, 0x57, 0x02, 0x8D,
    0x57, 0x02, 0x90, 0x03, 0xEE, 0x58, 0x02, 0x8C, 0x54, 0x02, 0x20, 0xFE,
    0x4C, 0x4C, 0x7A, 0x4B, 0x20, 0xE1, 0x4E, 0x4C, 0x7A, 0x4B, 0x20, 0x6A,
    0x4E, 0x4C, 0x7A, 0x4B, 0x20, 0x72, 0x50, 0x4C, 0x7A, 0x4B, 0xAD, 0x53,
    0x02, 0xF0, 0x10, 0x20, 0x4E, 0x52, 0xAD, 0x50, 0x02, 0xC9, 0x04, 0xD0,
    0x09, 0x20, 0x41, 0x4C, 0x4C, 0x7A, 0x4B, 0x20, 0x9E, 0x50, 0x20, 0xCE,
    0x77, 0xAD, 0x50, 0x02, 0xC9, 0x04, 0xD0, 0x03, 0x4C, 0xCF, 0x4A, 0x60,
    0x20, 0xF5, 0x7A, 0x20, 0x44, 0x78, 0x20, 0xD2, 0x6F, 0x4C, 0xDD, 0x77,
    0x20, 0xDF, 0x7A, 0x20, 0x39, 0x77, 0xA9, 0x70, 0x20, 0xDF, 0x7A, 0xA9,
    0xF6, 0x20, 0xDF, 0x7A, 0xA9, 0x02, 0x20, 0xDF, 0x7A, 0xA0, 0x08, 0xB1,
    0x1D, 0x20, 0xDF, 0x7A, 0xA9, 0x00, 0x20, 0xDF, 0x7A, 0x20, 0xDF, 0x7A,
    0x20, 0xDF, 0x7A, 0x20, 0xF1, 0x7A, 0x20, 0x13, 0x71, 0xAA, 0xF0, 0x66,
    0xA2, 0xB0, 0xA9, 0x00, 0xA0, 0x03, 0x20, 0xA1, 0x7B, 0x85, 0x25, 0x86,
    0x26, 0xA8, 0xB1, 0x25, 0xA0, 0x02, 0x91, 0x1D, 0xA0, 0x04, 0x20, 0x46,
    0x78, 0x20, 0xB0, 0x77, 0x85, 0x25, 0x86, 0x26, 0xA0, 0x00, 0xB1, 0x25,
    0xC8, 0x91, 0x1D, 0xA0, 0x04, 0x20, 0x46, 0x78, 0x20, 0xB7, 0x77, 0x85,
    0x25, 0x86, 0x26, 0xA0, 0x00, 0xB1, 0x25, 0x91, 0x1D, 0xA0, 0x02, 0xB1,
    0x1D, 0xC9, 0x7F, 0xD0, 0x0E, 0x88, 0xB1, 0x1D, 0xC9, 0x7F, 0xD0, 0x06,
    0xA2, 0x00, 0x8A, 0x4C, 0xFA, 0x77, 0xC8, 0xA2, 0x00, 0xB1, 0x1D, 0xC9,
    0x2E, 0xD0, 0x0D, 0x88, 0xB1, 0x1D, 0xF0, 0x0A, 0xC9, 0x2E, 0xD0, 0x04,
    0xA1, 0x1D, 0xF0, 0x02, 0xA9, 0x01, 0x4C, 0xFA, 0x77, 0xAD, 0x51, 0x02,
    0x20, 0xDF, 0x7A, 0xA9, 0x5A, 0xA2, 0x02, 0x20, 0xF5, 0x7A, 0xA9, 0x9F,
    0xA2, 0x03, 0x4C, 0x40, 0x5B, 0xA9, 0x5A, 0xA2, 0x02, 0x20, 0xDE, 0x7B,
    0x20, 0xDF, 0x7A, 0x20, 0x53, 0x77, 0xA5, 0x1D, 0xA6, 0x1E, 0x20, 0xF5,
    0x7A, 0xA9, 0x6C, 0xA2, 0x7F, 0x20, 0xBF, 0x7B, 0xA2, 0x00, 0xAD, 0x51,
    0x02, 0xA0, 0x31, 0x20, 0xC5, 0x77, 0xA0, 0x05, 0x91, 0x1D, 0xA5, 0x1D,
    0xA6, 0x1E, 0x20, 0x09, 0x41, 0xA9, 0x02, 0x20, 0xDF, 0x7A, 0xA9, 0x01,
    0x20, 0xDF, 0x7A, 0xA0, 0x09, 0xB1, 0x1D, 0xC9, 0x25, 0x90, 0x15, 0xA2,
    0x00, 0xB1, 0x1D, 0xA0, 0x24, 0x20, 0x00, 0x77, 0x18, 0x69, 0x5A, 0xA8,
    0x8A, 0x69, 0x02, 0xAA, 0x98, 0x4C, 0x9C, 0x4C, 0xA9, 0x5A, 0xA2, 0x02,
    0x20, 0x01, 0x60, 0x20, 0xA8, 0x4C, 0x20, 0xFE, 0x4C, 0x4C, 0x04, 0x78,
    0xAD, 0x53, 0x02, 0xF0, 0x0E, 0xA9, 0x2C, 0xA2, 0x7F, 0x20, 0x6A, 0x40,
    0xA9, 0xF9, 0xA2, 0x7E, 0x4C, 0x87, 0x40, 0xA9, 0xDB, 0xA2, 0x7E, 0x20,
    0x6A, 0x40, 0xA9, 0x16, 0xA2, 0x7F, 0x4C, 0x87, 0x40, 0x20, 0x80, 0x6F,
    0xAD, 0x51, 0x02, 0x8D, 0x54, 0x02, 0xA9, 0x03, 0x8D, 0x50, 0x02, 0x60,
    0x20, 0x80, 0x6F, 0x4C, 0x2D, 0x4C, 0x20, 0xDF, 0x7A, 0xA0, 0x00, 0xB1,
    0x1D, 0xC9, 0x10, 0xB0, 0x12, 0x18, 0x69, 0x03, 0x20, 0x1F, 0x60, 0xA0,
    0x00, 0x18, 0xA9, 0x01, 0x71, 0x1D, 0x91, 0x1D, 0x4C, 0xE3, 0x4C, 0x4C,
    0xCE, 0x77, 0x20, 0x09, 0x77, 0xAD, 0x57, 0x02, 0xAE, 0x58, 0x02, 0x20,
    0x88, 0x4B, 0xAA, 0xD0, 0x12, 0x20, 0xDE, 0x4C, 0xA9, 0x7D, 0xA2, 0x7F,
    0x20, 0xA4, 0x40, 0xA9, 0x00, 0x8D, 0x55, 0x02, 0x4C, 0xCE, 0x77, 0xA9,
    0x00, 0x8D, 0x55, 0x02, 0x8D, 0x56, 0x02, 0xA8, 0x91, 0x1D, 0xC9, 0x10,
    0xB0, 0x50, 0xB1, 0x1D, 0x18, 0x69, 0x03, 0x20, 0xDF, 0x7A, 0xA0, 0x00,
    0xB1, 0x1D, 0x20, 0x1F, 0x60, 0xA9, 0x23, 0x20, 0x94, 0x4B, 0xAA, 0xD0,
    0x0B, 0xA9, 0x01, 0x8D, 0x56, 0x02, 0x20, 0xCE, 0x77, 0x4C, 0x7E, 0x4D,
    0xA9, 0x03, 0x20, 0xDF, 0x7A, 0xA0, 0x01, 0xB1, 0x1D, 0x20, 0xDF, 0x7A,
    0xA2, 0xB0, 0xA9, 0x00, 0x20, 0xF5, 0x7A, 0xA9, 0x23, 0x20, 0x59, 0x60,
    0xA0, 0x01, 0xB1, 0x1D, 0x18, 0x69, 0x01, 0x8D, 0x55, 0x02, 0x20, 0xCE,
    0x77, 0x88, 0x18, 0xA9, 0x01, 0x71, 0x1D, 0x4C, 0x28, 0x4D, 0xAD, 0x55,
    0x02, 0x20, 0xDE, 0x4C, 0xAD, 0x55, 0x02, 0xD0, 0x1E, 0xA9, 0x03, 0x20,
    0xDF, 0x7A, 0x20, 0xDF, 0x7A, 0xAD, 0x9F, 0x03, 0xF0, 0x07, 0xA9, 0x4C,
    0xA2, 0x7F, 0x4C, 0xA1, 0x4D, 0xA9, 0x64, 0xA2, 0x7F, 0x20, 0x01, 0x60,
    0x4C, 0xCE, 0x77, 0xAD, 0x54, 0x02, 0xCD, 0x55, 0x02, 0x90, 0x09, 0xAD,
    0x55, 0x02, 0x38, 0xE9, 0x01, 0x8D, 0x54, 0x02, 0xAD, 0x54, 0x02, 0x18,
    0x69, 0x03, 0x20, 0xDF, 0x7A, 0xA9, 0x01, 0x20, 0x33, 0x63, 0x4C, 0xCE,
    0x77, 0x20, 0xDF, 0x7A, 0xA0, 0x00, 0xB1, 0x1D, 0x0A, 0x90, 0x48, 0xAD,
    0x55, 0x02, 0xF0, 0x24, 0xAD, 0x54, 0x02, 0xF0, 0x1F, 0x18, 0x69, 0x03,
    0x20, 0xDF, 0x7A, 0xA9, 0x00, 0x20, 0x33, 0x63, 0xCE, 0x54, 0x02, 0xAD,
    0x54, 0x02, 0x18, 0x69, 0x03, 0x20, 0xDF, 0x7A, 0xA9, 0x01, 0x20, 0x33,
    0x63, 0x4C, 0xCE, 0x77, 0xAD, 0x57, 0x02, 0xC9, 0x10, 0xAD, 0x58, 0x02,
    0xE9, 0x00, 0x90, 0x5F, 0xAD, 0x57, 0x02, 0x38, 0xE9, 0x10, 0x8D, 0x57,
    0x02, 0xB0, 0x03, 0xCE, 0x58, 0x02, 0xA9, 0x0F, 0x4C, 0x61, 0x4E, 0xAD,
    0x55, 0x02, 0xF0, 0x47, 0xAD, 0x54, 0x02, 0x18, 0x69, 0x01, 0xCD, 0x55,
    0x02, 0xB0, 0x22, 0xAD, 0x54, 0x02, 0x18, 0x69, 0x03, 0x20, 0xDF, 0x7A,
    0xA9, 0x00, 0x20, 0x33, 0x63, 0xEE, 0x54, 0x02, 0xAD, 0x54, 0x02, 0x18,
    0x69, 0x03, 0x20, 0xDF, 0x7A, 0xA9, 0x01, 0x20, 0x33, 0x63, 0x4C, 0xCE,
    0x77, 0xAD, 0x56, 0x02, 0xD0, 0x15, 0xA9, 0x10, 0x18, 0x6D, 0x57, 0x02,
    0x8D, 0x57, 0x02, 0x90, 0x03, 0xEE, 0x58, 0x02, 0x98, 0x8D, 0x54, 0x02,
    0x20, 0xFE, 0x4C, 0x4C, 0xCE, 0x77, 0xA9, 0x5A, 0xA2, 0x02, 0x20, 0xDE,
    0x7B, 0x20, 0xDF, 0x7A, 0xA0, 0x00, 0xB1, 0x1D, 0xC9, 0x02, 0xB0, 0x1A,
    0xAD, 0x53, 0x02, 0xF0, 0x0D, 0x20, 0xB2, 0x52, 0xAD, 0x50, 0x02, 0xC9,
    0x04, 0xD0, 0x53, 0x4C, 0xDB, 0x4E, 0x20, 0xC9, 0x4C, 0x4C, 0xCE, 0x77,
    0xA0, 0x00, 0xB1, 0x1D, 0x38, 0xE9, 0x01, 0x91, 0x1D, 0xB1, 0x1D, 0xF0,
    0x19, 0xA2, 0x00, 0xB1, 0x1D, 0x20, 0xF2, 0x76, 0x85, 0x25, 0x8A, 0x18,
    0x69, 0x02, 0x85, 0x26, 0xA0, 0x5A, 0xB1, 0x25, 0xC9, 0x2F, 0xD0, 0xDC,
    0xA0, 0x00, 0xB1, 0x1D, 0xA8, 0xA9, 0x00, 0x99, 0x5A, 0x02, 0x8D, 0x57,
    0x02, 0x8D, 0x58, 0x02, 0x8D, 0x54, 0x02, 0x20, 0xD8, 0x4C, 0xAA, 0xD0,
    0x0A, 0xA9, 0x78, 0xA2, 0x7F, 0x20, 0xA4, 0x40, 0x4C, 0xCE, 0x77, 0x20,
    0x41, 0x4C, 0x4C, 0xCE, 0x77, 0x20, 0x53, 0x77, 0xAD, 0x55, 0x02, 0xD0,
    0x03, 0x4C, 0x6F, 0x50, 0xA9, 0x59, 0xA2, 0x7F, 0x20, 0x6A, 0x40, 0xAD,
    0x57, 0x02, 0xAE, 0x58, 0x02, 0x18, 0x6D, 0x54, 0x02, 0x90, 0x01, 0xE8,
    0x20, 0x88, 0x4B, 0xAA, 0xF0, 0x08, 0xA9, 0x78, 0x20, 0x94, 0x4B, 0xAA,
    0xD0, 0x0A, 0xA9, 0x73, 0xA2, 0x7F, 0x20, 0xA4, 0x40, 0x4C, 0xFF, 0x77,
    0xA2, 0xB0, 0xA9, 0x00, 0xA0, 0x05, 0x20, 0xA1, 0x7B, 0xAA, 0xA0, 0x02,
    0x20, 0xA1, 0x7B, 0x4C, 0x33, 0x4F, 0xA0, 0x02, 0xA2, 0x00, 0xA9, 0x01,
    0x20, 0x41, 0x76, 0xA0, 0x03, 0xB1, 0x1D, 0xC9, 0x00, 0xD0, 0x05, 0x88,
    0xB1, 0x1D, 0xC9, 0x78, 0xB0, 0x18, 0xA0, 0x03, 0x20, 0x46, 0x78, 0x18,
    0xA0, 0x05, 0x71, 0x1D, 0x85, 0x25, 0x8A, 0xC8, 0x71, 0x1D, 0x85, 0x26,
    0xA0, 0x00, 0xB1, 0x25, 0xD0, 0xD0, 0xA0, 0x02, 0xB1, 0x1D, 0xC8, 0x11,
    0x1D, 0xD0, 0x0A, 0xA9, 0x82, 0xA2, 0x7F, 0x20, 0xA4, 0x40, 0x4C, 0xFF,
    0x77, 0x20, 0x46, 0x78, 0x20, 0xF2, 0x76, 0x18, 0xA0, 0x05, 0x71, 0x1D,
    0x85, 0x25, 0x8A, 0xC8, 0x71, 0x1D, 0x85, 0x26, 0xA0, 0x00, 0xB1, 0x25,
    0xC9, 0x2F, 0xF0, 0x03, 0x4C, 0x52, 0x50, 0xA9, 0x5A, 0xA2, 0x02, 0x20,
    0xDE, 0x7B, 0xA0, 0x04, 0x91, 0x1D, 0x85, 0x25, 0x88, 0x20, 0x46, 0x78,
    0x18, 0x65, 0x25, 0x90, 0x01, 0xE8, 0xC9, 0x80, 0x8A, 0xE9, 0x00, 0xA9,
    0x00, 0xAA, 0x90, 0x15, 0xA9, 0x3D, 0xA2, 0x7F, 0x20, 0x6A, 0x40, 0x20,
    0x7A, 0x6C, 0xA9, 0x5A, 0x20, 0x15, 0x41, 0x20, 0xA8, 0x4C, 0x4C, 0xFF,
    0x77, 0x20, 0x9F, 0x7B, 0x20, 0x44, 0x78, 0xA0, 0x02, 0xD1, 0x1D, 0x8A,
    0xC8, 0xF1, 0x1D, 0xB0, 0x38, 0xC8, 0xB1, 0x1D, 0x85, 0x25, 0x20, 0x44,
    0x78, 0x18, 0x65, 0x25, 0x90, 0x02, 0xE8, 0x18, 0x69, 0x5A, 0x85, 0x1F,
    0x8A, 0x69, 0x02, 0x85, 0x20, 0x20, 0x44, 0x78, 0x18, 0xA0, 0x05, 0x71,
    0x1D, 0x85, 0x25, 0x8A, 0xC8, 0x71, 0x1D, 0x85, 0x26, 0xA0, 0x00, 0xB1,
    0x25, 0x91, 0x1F, 0xA2, 0x00, 0xA9, 0x01, 0x20, 0x3F, 0x76, 0x4C, 0xC4,
    0x4F, 0xC8, 0xB1, 0x1D, 0x85, 0x25, 0x88, 0x20, 0x46, 0x78, 0x18, 0x65,
    0x25, 0x90, 0x02, 0xE8, 0x18, 0x69, 0x5A, 0x85, 0x25, 0x8A, 0x69, 0x02,
    0x85, 0x26, 0xA9, 0x00, 0xA8, 0x91, 0x25, 0x8D, 0x57, 0x02, 0x8D, 0x58,
    0x02, 0x8D, 0x54, 0x02, 0x20, 0xD8, 0x4C, 0xAA, 0xD0, 0x36, 0xA9, 0x78,
    0xA2, 0x7F, 0x20, 0xA4, 0x40, 0xA9, 0x5A, 0x20, 0x15, 0x41, 0xA0, 0x04,
    0xB1, 0x1D, 0xA8, 0xA9, 0x00, 0x99, 0x5A, 0x02, 0x20, 0xD8, 0x4C, 0x4C,
    0x6C, 0x50, 0xAD, 0x53, 0x02, 0xF0, 0x0D, 0xA9, 0x2C, 0xA2, 0x7F, 0x20,
    0x6A, 0x40, 0x20, 0x7A, 0x6C, 0x4C, 0xFF, 0x77, 0x20, 0x72, 0x55, 0xA9,
    0x78, 0x20, 0x15, 0x41, 0x20, 0x41, 0x4C, 0x4C, 0xFF, 0x77, 0xA9, 0x00,
    0x8D, 0xBD, 0x03, 0xA9, 0xF2, 0xA2, 0x7E, 0x20, 0xF5, 0x7A, 0xA9, 0x1E,
    0x20, 0x47, 0x67, 0xA9, 0x00, 0x8D, 0x57, 0x02, 0x8D, 0x58, 0x02, 0x8D,
    0x54, 0x02, 0x20, 0xD8, 0x4C, 0xAA, 0xD0, 0x07, 0xA9, 0x78, 0xA2, 0x7F,
    0x20, 0xA4, 0x40, 0x4C, 0x41, 0x4C, 0x20, 0x53, 0x77, 0xAD, 0x55, 0x02,
    0xD0, 0x03, 0x4C, 0x4B, 0x52, 0xA9, 0xB7, 0xA2, 0x7F, 0x20, 0x6A, 0x40,
    0xAD, 0x57, 0x02, 0xAE, 0x58, 0x02, 0x18, 0x6D, 0x54, 0x02, 0x90, 0x01,
    0xE8, 0x20, 0x88, 0x4B, 0xAA, 0xF0, 0x08, 0xA9, 0x78, 0x20, 0x94, 0x4B,
    0xAA, 0xD0, 0x0A, 0xA9, 0xC9, 0xA2, 0x7F, 0x20, 0xA4, 0x40, 0x4C, 0xFF,
    0x77, 0xA2, 0xB0, 0xA9, 0x00, 0xA0, 0x05, 0x20, 0xA1, 0x7B, 0xAA, 0xA0,
    0x02, 0x20, 0xA1, 0x7B, 0x4C, 0xF0, 0x50, 0xA0, 0x02, 0xA2, 0x00, 0xA9,
    0x01, 0x20, 0x41, 0x76, 0xA0, 0x03, 0xB1, 0x1D, 0xC9, 0x00, 0xD0, 0x05,
    0x88, 0xB1, 0x1D, 0xC9, 0x78, 0xB0, 0x18, 0xA0, 0x03, 0x20, 0x46, 0x78,
    0x18, 0xA0, 0x05, 0x71, 0x1D, 0x85, 0x25, 0x8A, 0xC8, 0x71, 0x1D, 0x85,
    0x26, 0xA0, 0x00, 0xB1, 0x25, 0xD0, 0xD0, 0xA0, 0x02, 0xB1, 0x1D, 0xC8,
    0x11, 0x1D, 0xD0, 0x0A, 0xA9, 0xD8, 0xA2, 0x7F, 0x20, 0xA4, 0x40, 0x4C,
    0xFF, 0x77, 0x20, 0x46, 0x78, 0x20, 0xF2, 0x76, 0x18, 0xA0, 0x05, 0x71,
    0x1D, 0x85, 0x25, 0x8A, 0xC8, 0x71, 0x1D, 0x85, 0x26, 0xA0, 0x00, 0xB1,
    0x25, 0xC9, 0x2F, 0xD0, 0x15, 0xA9, 0x87, 0xA2, 0x7F, 0x20, 0x6A, 0x40,
    0x20, 0x7A, 0x6C, 0xA9, 0x5A, 0x20, 0x15, 0x41, 0x20, 0xA8, 0x4C, 0x4C,
    0xFF, 0x77, 0xA9, 0x5A, 0xA2, 0x02, 0x20, 0xDE, 0x7B, 0xA0, 0x04, 0x91,
    0x1D, 0x85, 0x25, 0x88, 0x20, 0x46, 0x78, 0x18, 0x65, 0x25, 0x90, 0x01,
    0xE8, 0xC9, 0x80, 0x8A, 0xE9, 0x00, 0xA9, 0x00, 0xAA, 0x90, 0x15, 0xA9,
    0x9D, 0xA2, 0x7F, 0x20, 0x6A, 0x40, 0x20, 0x7A, 0x6C, 0xA9, 0x5A, 0x20,
    0x15, 0x41, 0x20, 0xA8, 0x4C, 0x4C, 0xFF, 0x77, 0x20, 0x9F, 0x7B, 0x20,
    0x44, 0x78, 0xA0, 0x04, 0xD1, 0x1D, 0x8A, 0xE9, 0x00, 0xB0, 0x2A, 0x20,
    0x44, 0x78, 0x18, 0x69, 0xDA, 0x85, 0x1F, 0x8A, 0x69, 0x02, 0x85, 0x20,
    0x20, 0x44, 0x78, 0x85, 0x25, 0x8A, 0x18, 0x69, 0x02, 0x85, 0x26, 0xA0,
    0x5A, 0xB1, 0x25, 0xA0, 0x00, 0x91, 0x1F, 0xA2, 0x00, 0xA9, 0x01, 0x20,
    0x3F, 0x76, 0x4C, 0x93, 0x51, 0xA2, 0x00, 0x8A, 0x20, 0x9F, 0x7B, 0x20,
    0x44, 0x78, 0xA0, 0x02, 0xD1, 0x1D, 0x8A, 0xC8, 0xF1, 0x1D, 0xB0, 0x38,
    0xC8, 0xB1, 0x1D, 0x85, 0x25, 0x20, 0x44, 0x78, 0x18, 0x65, 0x25, 0x90,
    0x02, 0xE8, 0x18, 0x69, 0xDA, 0x85, 0x1F, 0x8A, 0x69, 0x02, 0x85, 0x20,
    0x20, 0x44, 0x78, 0x18, 0xA0, 0x05, 0x71, 0x1D, 0x85, 0x25, 0x8A, 0xC8,
    0x71, 0x1D, 0x85, 0x26, 0xA0, 0x00, 0xB1, 0x25, 0x91, 0x1F, 0xA2, 0x00,
    0xA9, 0x01, 0x20, 0x3F, 0x76, 0x4C, 0xCF, 0x51, 0xC8, 0xB1, 0x1D, 0x85,
    0x25, 0x88, 0x20, 0x46, 0x78, 0x18, 0x65, 0x25, 0x90, 0x02, 0xE8, 0x18,
    0x69, 0xDA, 0x85, 0x25, 0x8A, 0x69, 0x02, 0x85, 0x26, 0xA9, 0x00, 0xA8,
    0x91, 0x25, 0xAD, 0x51, 0x02, 0x8D, 0x52, 0x02, 0xA9, 0x01, 0x8D, 0x53,
    0x02, 0x20, 0x80, 0x6F, 0xAD, 0x52, 0x02, 0x8D, 0x54, 0x02, 0xA9, 0x03,
    0x8D, 0x50, 0x02, 0x4C, 0xFF, 0x77, 0xA9, 0xDA, 0xA2, 0x02, 0x20, 0xF5,
    0x7A, 0xA9, 0x5A, 0xA2, 0x02, 0x20, 0xDE, 0x5D, 0xAA, 0xD0, 0x0D, 0xA9,
    0x9D, 0xA2, 0x7F, 0x20, 0x6A, 0x40, 0x20, 0x7A, 0x6C, 0x4C, 0xAA, 0x52,
    0xA9, 0xAC, 0xA2, 0x7F, 0x20, 0x6A, 0x40, 0xAD, 0x52, 0x02, 0x18, 0x69,
    0x01, 0x20, 0xDF, 0x7A, 0xAD, 0x51, 0x02, 0x18, 0x69, 0x01, 0x20, 0xDF,
    0x7A, 0xA9, 0xDA, 0xA2, 0x02, 0x20, 0xF5, 0x7A, 0xA9, 0x5A, 0xA2, 0x02,
    0x20, 0x17, 0x5E, 0xAA, 0xF0, 0x0D, 0xA9, 0xC2, 0xA2, 0x7F, 0x20, 0x6A,
    0x40, 0x20, 0x8F, 0x6C, 0x4C, 0xAA, 0x52, 0xA9, 0xCE, 0xA2, 0x7F, 0x20,
    0xA4, 0x40, 0xA9, 0x78, 0x20, 0x15, 0x41, 0x4C, 0xB5, 0x52, 0x4C, 0xB5,
    0x52, 0x20, 0x12, 0x77, 0xA9, 0x00, 0x8D, 0x53, 0x02, 0xAD, 0x52, 0x02,
    0x8D, 0x51, 0x02, 0xA9, 0xDA, 0xA2, 0x02, 0x20, 0xDE, 0x7B, 0xA0, 0x01,
    0x4C, 0xD6, 0x52, 0xA0, 0x01, 0xB1, 0x1D, 0x38, 0xE9, 0x01, 0x91, 0x1D,
    0xB1, 0x1D, 0xF0, 0x19, 0xA2, 0x00, 0xB1, 0x1D, 0x20, 0xF2, 0x76, 0x85,
    0x25, 0x8A, 0x18, 0x69, 0x02, 0x85, 0x26, 0xA0, 0xDA, 0xB1, 0x25, 0xC9,
    0x2F, 0xD0, 0xDC, 0xA9, 0x00, 0xA8, 0x91, 0x1D, 0xC8, 0xD1, 0x1D, 0xB0,
    0x21, 0xA9, 0x5A, 0xA2, 0x02, 0x88, 0x18, 0x71, 0x1D, 0x90, 0x01, 0xE8,
    0x85, 0x25, 0x86, 0x26, 0xB1, 0x1D, 0xA8, 0xB9, 0xDA, 0x02, 0xA0, 0x00,
    0x91, 0x25, 0x18, 0xA9, 0x01, 0x71, 0x1D, 0x4C, 0xF6, 0x52, 0xB1, 0x1D,
    0xA8, 0xA9, 0x00, 0x99, 0x5A, 0x02, 0x8D, 0x9F, 0x03, 0x8D, 0x57, 0x02,
    0x8D, 0x58, 0x02, 0x8D, 0x54, 0x02, 0x20, 0x80, 0x6F, 0xA9, 0x70, 0x20,
    0xDF, 0x7A, 0xA9, 0xF9, 0x20, 0xDF, 0x7A, 0xA9, 0x01, 0x20, 0xDF, 0x7A,
    0xAD, 0x51, 0x02, 0x20, 0xDF, 0x7A, 0xA9, 0x00, 0x20, 0xDF, 0x7A, 0x20,
    0xDF, 0x7A, 0x20, 0xDF, 0x7A, 0x20, 0xF1, 0x7A, 0x20, 0x13, 0x71, 0xAA,
    0xF0, 0x06, 0x20, 0x2D, 0x4C, 0xAA, 0xD0, 0x17, 0xA9, 0xD3, 0xA2, 0x7F,
    0x20, 0xA4, 0x40, 0xA9, 0x5A, 0x20, 0x15, 0x41, 0xAD, 0x51, 0x02, 0x8D,
    0x54, 0x02, 0xA9, 0x03, 0x4C, 0x7D, 0x53, 0xA9, 0x04, 0x8D, 0x50, 0x02,
    0x4C, 0xDD, 0x77, 0xA9, 0xDD, 0xA2, 0x7F, 0x20, 0x09, 0x41, 0xA9, 0xEA,
    0xA2, 0x7F, 0x20, 0x6A, 0x40, 0xA9, 0x70, 0x20, 0xDF, 0x7A, 0xA9, 0xC4,
    0x20, 0xDF, 0x7A, 0xA9, 0x00, 0x20, 0xDF, 0x7A, 0x20, 0xDF, 0x7A, 0x20,
    0xDF, 0x7A, 0x20, 0xDF, 0x7A, 0x20, 0xDF, 0x7A, 0x20, 0xF1, 0x7A, 0x20,
    0x13, 0x71, 0xAA, 0xD0, 0x03, 0x4C, 0x8D, 0x54, 0xA9, 0x02, 0x20, 0xDF,
    0x7A, 0xA9, 0x18, 0xA2, 0x80, 0x20, 0xF5, 0x7A, 0x20, 0xF1, 0x7A, 0xA9,
    0x1A, 0x20, 0xB9, 0x54, 0xA9, 0x03, 0x20, 0xDF, 0x7A, 0xA9, 0x1D, 0xA2,
    0x80, 0x20, 0xF5, 0x7A, 0xA9, 0x21, 0x20, 0xF3, 0x7A, 0xA9, 0x1A, 0x20,
    0xB9, 0x54, 0xA9, 0x05, 0x20, 0xDF, 0x7A, 0xA9, 0x2A, 0xA2, 0x80, 0x20,
    0xF5, 0x7A, 0xA9, 0x8C, 0x20, 0xF3, 0x7A, 0xA9, 0x0F, 0x20, 0xB9, 0x54,
    0xA9, 0x06, 0x20, 0xDF, 0x7A, 0xA9, 0x07, 0xA2, 0x80, 0x20, 0xF5, 0x7A,
    0xA9, 0x9C, 0x20, 0xF3, 0x7A, 0xA9, 0x0F, 0x20, 0xB9, 0x54, 0xA9, 0x07,
    0x20, 0xDF, 0x7A, 0xA9, 0x0F, 0xA2, 0x80, 0x20, 0xF5, 0x7A, 0xA9, 0xAC,
    0x20, 0xF3, 0x7A, 0xA9, 0x0F, 0x20, 0xB9, 0x54, 0xA9, 0x08, 0x20, 0xDF,
    0x7A, 0xA9, 0x22, 0xA2, 0x80, 0x20, 0xF5, 0x7A, 0xA9, 0xBC, 0x20, 0xF3,
    0x7A, 0xA9, 0x0F, 0x20, 0xB9, 0x54, 0xA9, 0x0A, 0x20, 0xDF, 0x7A, 0xA9,
    0x26, 0xA2, 0x80, 0x20, 0xF5, 0x7A, 0xA9, 0xCC, 0x20, 0xF3, 0x7A, 0xA9,
    0x11, 0x20, 0xB9, 0x54, 0xA9, 0x0B, 0x20, 0xDF, 0x7A, 0xA9, 0x17, 0xA2,
    0x80, 0x20, 0xF5, 0x7A, 0xA9, 0xDE, 0x20, 0xF3, 0x7A, 0xA9, 0x11, 0x20,
    0xB9, 0x54, 0xA9, 0x0D, 0x20, 0xDF, 0x7A, 0xA9, 0xFF, 0xA2, 0x7F, 0x20,
    0xF5, 0x7A, 0xA9, 0x7D, 0x20, 0xF3, 0x7A, 0xA9, 0x0E, 0x20, 0xB9, 0x54,
    0xA9, 0xE9, 0xA2, 0x7F, 0x20, 0x6A, 0x40, 0xA9, 0xF5, 0xA2, 0x7F, 0x20,
    0x87, 0x40, 0x4C, 0xB1, 0x54, 0xA9, 0xE5, 0xA2, 0x7F, 0x20, 0xA4, 0x40,
    0x4C, 0xB1, 0x54, 0x20, 0xDD, 0x65, 0x20, 0xDF, 0x7A, 0xA0, 0x00, 0xB1,
    0x1D, 0xC9, 0x05, 0xF0, 0x04, 0xC9, 0x06, 0xD0, 0x05, 0xA9, 0x03, 0x8D,
    0x50, 0x02, 0x20, 0xCE, 0x77, 0xAD, 0x50, 0x02, 0xC9, 0x05, 0xF0, 0xDF,
    0x60, 0x20, 0xDF, 0x7A, 0xA9, 0x03, 0x20, 0xDF, 0x7A, 0xA0, 0x06, 0xB1,
    0x1D, 0x20, 0xDF, 0x7A, 0xA0, 0x06, 0x20, 0x46, 0x78, 0x20, 0x01, 0x60,
    0xA9, 0x0C, 0x20, 0xDF, 0x7A, 0xA0, 0x06, 0xB1, 0x1D, 0x20, 0xDF, 0x7A,
    0x18, 0xA0, 0x03, 0xB1, 0x1D, 0x48, 0xA9, 0xB0, 0xC8, 0x71, 0x1D, 0xAA,
    0x68, 0x20, 0xF5, 0x7A, 0xA0, 0x04, 0xB1, 0x1D, 0x20, 0x59, 0x60, 0x4C,
    0xFA, 0x77, 0x20, 0xF5, 0x7A, 0xA9, 0x7D, 0xA2, 0x80, 0x20, 0x09, 0x41,
    0xA9, 0x02, 0x20, 0xDF, 0x7A, 0xA9, 0x03, 0x20, 0xDF, 0x7A, 0xA0, 0x05,
    0x20, 0x1C, 0x7B, 0xA9, 0x24, 0x20, 0x59, 0x60, 0xA9, 0x02, 0x20, 0xDF,
    0x7A, 0xA9, 0x05, 0x20, 0xDF, 0x7A, 0xA9, 0x6B, 0xA2, 0x80, 0x20, 0x01,
    0x60, 0xA9, 0x0C, 0x20, 0xDF, 0x7A, 0xA9, 0x05, 0x20, 0xDF, 0x7A, 0xA2,
    0x00, 0xAD, 0x51, 0x02, 0x20, 0xB0, 0x77, 0x20, 0x99, 0x64, 0xA9, 0x04,
    0x20, 0xDF, 0x7A, 0xA9, 0x08, 0x20, 0xDF, 0x7A, 0xA9, 0x23, 0x20, 0xDF,
    0x7A, 0xA9, 0x0A, 0x20, 0xDF, 0x7A, 0xA2, 0x00, 0x8A, 0x20, 0xBE, 0x61,
    0x20, 0x58, 0x63, 0xA9, 0x00, 0x20, 0xCE, 0x58, 0xA9, 0x00, 0x8D, 0x69,
    0x03, 0x8D, 0x68, 0x03, 0x8D, 0x67, 0x03, 0x8D, 0x66, 0x03, 0xA9, 0x0E,
    0x20, 0x1F, 0x60, 0x4C, 0xDD, 0x77, 0xA2, 0xB0, 0xA9, 0x00, 0x20, 0xF6,
    0x54, 0xA9, 0x44, 0xA2, 0x80, 0x20, 0x6A, 0x40, 0xA9, 0x00, 0x20, 0xDF,
    0x7A, 0xAD, 0x51, 0x02, 0x20, 0xDF, 0x7A, 0xA9, 0x01, 0x20, 0xDF, 0x7A,
    0xA9, 0x5A, 0xA2, 0x02, 0x20, 0xF5, 0x7A, 0xA2, 0xB0, 0xA9, 0x00, 0x20,
    0x7B, 0x5C, 0xAA, 0xD0, 0x07, 0xA9, 0x92, 0xA2, 0x80, 0x4C, 0xA4, 0x40,
    0x4C, 0xAB, 0x55, 0xA9, 0x00, 0x20, 0xDF, 0x7A, 0x20, 0x12, 0x77, 0xA9,
    0x00, 0x20, 0xDF, 0x7A, 0x20, 0xF1, 0x7A, 0x20, 0xF1, 0x7A, 0xA9, 0x60,
    0xA2, 0x80, 0x20, 0x6A, 0x40, 0xA9, 0x00, 0x20, 0xDF, 0x7A, 0xA9, 0x01,
    0x20, 0x57, 0x5D, 0xA0, 0x06, 0x91, 0x1D, 0x20, 0x09, 0x77, 0xA0, 0x05,
    0xB1, 0x1D, 0xD0, 0x09, 0xAD, 0x00, 0xB4, 0xA0, 0x07, 0xD1, 0x1D, 0xF0,
    0x05, 0xA9, 0x00, 0x4C, 0xEC, 0x55, 0xA9, 0x01, 0x20, 0xDF, 0x7A, 0x20,
    0x1F, 0x70, 0xA0, 0x07, 0x91, 0x1D, 0xA0, 0x00, 0xB1, 0x1D, 0xF0, 0x0F,
    0xA9, 0x01, 0xA0, 0x06, 0x91, 0x1D, 0x88, 0x20, 0x46, 0x78, 0xA0, 0x02,
    0x20, 0xA1, 0x7B, 0xA0, 0x06, 0xB1, 0x1D, 0xF0, 0x12, 0xC8, 0xB1, 0x1D,
    0xC9, 0x80, 0xD0, 0x0B, 0x20, 0x2B, 0x70, 0x20, 0x45, 0x59, 0xA0, 0x0A,
    0x4C, 0x51, 0x76, 0xA0, 0x00, 0xB1, 0x1D, 0xF0, 0x12, 0x20, 0x9D, 0x5D,
    0xAA, 0xD0, 0x0C, 0xA9, 0x8C, 0xA2, 0x80, 0x20, 0xA4, 0x40, 0xA0, 0x0A,
    0x4C, 0x51, 0x76, 0xA0, 0x06, 0xB1, 0x1D, 0xF0, 0x0E, 0xC8, 0xB1, 0x1D,
    0xC9, 0x02, 0xD0, 0x06, 0x20, 0xDD, 0x77, 0x4C, 0xD4, 0x56, 0x88, 0xB1,
    0x1D, 0xF0, 0x2C, 0xC8, 0xB1, 0x1D, 0xD0, 0x27, 0xA0, 0x05, 0x20, 0x46,
    0x78, 0x38, 0xA0, 0x02, 0xF1, 0x1D, 0x48, 0x8A, 0xC8, 0xF1, 0x1D, 0xAA,
    0x68, 0xC9, 0xB5, 0x8A, 0xE9, 0x00, 0x90, 0x0F, 0xA9, 0x2D, 0xA2, 0x80,
    0x20, 0x6A, 0x40, 0x20, 0x7A, 0x6C, 0xA0, 0x0A, 0x4C, 0x51, 0x76, 0xA0,
    0x04, 0xA2, 0x00, 0xA9, 0x01, 0x20, 0x41, 0x76, 0xC9, 0x3D, 0x8A, 0xE9,
    0x0F, 0x90, 0x0C, 0xA0, 0x07, 0xB1, 0x1D, 0x20, 0x45, 0x59, 0xA0, 0x0A,
    0x4C, 0x51, 0x76, 0x20, 0x25, 0x70, 0xA0, 0x01, 0x91, 0x1D, 0xC9, 0x65,
    0x90, 0x04, 0xA9, 0x64, 0x91, 0x1D, 0xB1, 0x1D, 0xA0, 0x09, 0xD1, 0x1D,
    0xF0, 0x0B, 0xA0, 0x01, 0xB1, 0x1D, 0xA0, 0x09, 0x91, 0x1D, 0x20, 0xCE,
    0x58, 0x20, 0x31, 0x70, 0x20, 0xC3, 0x78, 0x20, 0x38, 0x70, 0x20, 0x17,
    0x57, 0xA9, 0x01, 0x20, 0x15, 0x41, 0x20, 0xDD, 0x77, 0x4C, 0xD3, 0x55,
    0xA9, 0x64, 0x20, 0xCE, 0x58, 0x20, 0x38, 0x70, 0x20, 0xC3, 0x78, 0x20,
    0x38, 0x70, 0x20, 0x17, 0x57, 0xA9, 0x75, 0xA2, 0x80, 0x20, 0x6A, 0x40,
    0xA9, 0x02, 0x20, 0xDF, 0x7A, 0xA9, 0x15, 0x20, 0xDF, 0x7A, 0xA9, 0xA1,
    0xA2, 0x80, 0x20, 0x01, 0x60, 0x20, 0x8F, 0x6C, 0xA9, 0x0A, 0x20, 0x15,
    0x41, 0x20, 0x02, 0x75, 0xA9, 0x15, 0x20, 0x1F, 0x60, 0xA9, 0x9C, 0xA2,
    0x80, 0x20, 0xA4, 0x40, 0x4C, 0x04, 0x78, 0x20, 0xC3, 0x78, 0xA0, 0x0A,
    0x20, 0x1E, 0x7C, 0xA0, 0x0D, 0x20, 0x4F, 0x78, 0x20, 0xC3, 0x78, 0xAD,
    0x69, 0x03, 0x85, 0x20, 0xAD, 0x68, 0x03, 0x85, 0x1F, 0xAE, 0x67, 0x03,
    0xAD, 0x66, 0x03, 0x20, 0x72, 0x78, 0xD0, 0x03, 0x4C, 0x04, 0x58, 0xA0,
    0x0D, 0x20, 0x4F, 0x78, 0x8D, 0x66, 0x03, 0x8E, 0x67, 0x03, 0xA4, 0x1F,
    0x8C, 0x68, 0x03, 0xA4, 0x20, 0x8C, 0x69, 0x03, 0xA9, 0xFF, 0x8D, 0x6D,
    0x03, 0x8D, 0x6C, 0x03, 0x8D, 0x6B, 0x03, 0x8D, 0x6A, 0x03, 0xA9, 0x0E,
    0x20, 0x1F, 0x60, 0xA0, 0x0D, 0x20, 0x4F, 0x78, 0x20, 0xC3, 0x78, 0xA9,
    0x00, 0x85, 0x20, 0x85, 0x1F, 0xAA, 0x20, 0x6C, 0x78, 0xF0, 0x03, 0x4C,
    0xC9, 0x58, 0xA0, 0x0D, 0x20, 0x4F, 0x78, 0x20, 0xC3, 0x78, 0xA9, 0x5B,
    0xA2, 0x03, 0x20, 0xF5, 0x7A, 0xA2, 0x00, 0xA9, 0x0A, 0x20, 0x34, 0x79,
    0xA9, 0x5B, 0xA2, 0x03, 0x20, 0xDE, 0x7B, 0x8D, 0x64, 0x03, 0xA9, 0x28,
    0x20, 0xF3, 0x7A, 0xAD, 0x64, 0x03, 0x0A, 0x90, 0x02, 0xA2, 0x01, 0x20,
    0xBE, 0x77, 0x20, 0xF6, 0x7B, 0x20, 0xF5, 0x7A, 0xA9, 0x02, 0x20, 0x6D,
    0x77, 0x8D, 0x65, 0x03, 0x18, 0x6D, 0x64, 0x03, 0x20, 0xDF, 0x7A, 0xA9,
    0x0E, 0x20, 0xDF, 0x7A, 0xA9, 0xA4, 0xA2, 0x80, 0x20, 0x01, 0x60, 0xAD,
    0x65, 0x03, 0x18, 0x6D, 0x64, 0x03, 0x18, 0x69, 0x01, 0x20, 0xDF, 0x7A,
    0xA9, 0x0E, 0x20, 0xDF, 0x7A, 0xA9, 0x5B, 0xA2, 0x03, 0x20, 0x01, 0x60,
    0xAD, 0x64, 0x03, 0x0A, 0x90, 0x01, 0x18, 0x6D, 0x65, 0x03, 0x18, 0x69,
    0x01, 0x20, 0xDF, 0x7A, 0xA9, 0x0E, 0x20, 0xDF, 0x7A, 0xA9, 0x85, 0xA2,
    0x80, 0x20, 0x01, 0x60, 0xA0, 0x0D, 0x20, 0x4F, 0x78, 0x20, 0xC3, 0x78,
    0xA9, 0x00, 0x85, 0x20, 0x85, 0x1F, 0xAA, 0x20, 0x6C, 0x78, 0xF0, 0x03,
    0x4C, 0xC9, 0x58, 0xA0, 0x11, 0x20, 0x4F, 0x78, 0x20, 0xC3, 0x78, 0xAD,
    0x6D, 0x03, 0x85, 0x20, 0xAD, 0x6C, 0x03, 0x85, 0x1F, 0xAE, 0x6B, 0x03,
    0xAD, 0x6A, 0x03, 0x20, 0x6C, 0x78, 0xF0, 0x03, 0x4C, 0xC9, 0x58, 0xA0,
    0x11, 0x20, 0x4F, 0x78, 0x8D, 0x6A, 0x03, 0x8E, 0x6B, 0x03, 0xA4, 0x1F,
    0x8C, 0x6C, 0x03, 0xA4, 0x20, 0x8C, 0x6D, 0x03, 0xA0, 0x11, 0x20, 0x4F,
    0x78, 0x20, 0xC3, 0x78, 0xA9, 0x05, 0x20, 0x60, 0x78, 0x20, 0xF5, 0x7A,
    0xA2, 0x00, 0xA9, 0x0A, 0x20, 0x34, 0x79, 0xA9, 0x01, 0x20, 0x60, 0x78,
    0x20, 0xDE, 0x7B, 0xA0, 0x00, 0x91, 0x1D, 0xCD, 0x64, 0x03, 0x90, 0x07,
    0xF0, 0x05, 0xAD, 0x64, 0x03, 0x91, 0x1D, 0xAD, 0x65, 0x03, 0x18, 0x6D,
    0x64, 0x03, 0x38, 0xF1, 0x1D, 0x20, 0xDF, 0x7A, 0xA9, 0x0E, 0x20, 0xDF,
    0x7A, 0xA9, 0x03, 0x20, 0x60, 0x78, 0x20, 0x01, 0x60, 0x4C, 0xC0, 0x58,
    0xAD, 0x65, 0x03, 0x18, 0x6D, 0x64, 0x03, 0x38, 0xE9, 0x01, 0x38, 0xA0,
    0x00, 0xF1, 0x1D, 0x20, 0xDF, 0x7A, 0xA0, 0x01, 0x18, 0x98, 0x71, 0x1D,
    0x91, 0x1D, 0xA9, 0x0E, 0x20, 0xDF, 0x7A, 0xA9, 0x20, 0x20, 0xCC, 0x60,
    0xA0, 0x00, 0xB1, 0x1D, 0xCD, 0x64, 0x03, 0x90, 0xD3, 0xA0, 0x12, 0x4C,
    0x51, 0x76, 0x20, 0xDF, 0x7A, 0xA9, 0x05, 0x20, 0xDF, 0x7A, 0xA9, 0x09,
    0x20, 0xDF, 0x7A, 0xA9, 0x1E, 0x20, 0xDF, 0x7A, 0xA0, 0x03, 0xB1, 0x1D,
    0x20, 0xDF, 0x7A, 0xA9, 0x64, 0x20, 0x69, 0x63, 0xA9, 0x12, 0x20, 0xDF,
    0x7A, 0xA9, 0x0C, 0x20, 0xDF, 0x7A, 0xA9, 0x97, 0xA2, 0x80, 0x20, 0x01,
    0x60, 0xA9, 0x12, 0x20, 0xDF, 0x7A, 0xA9, 0x0C, 0x20, 0xDF, 0x7A, 0xA0,
    0x02, 0xA2, 0x00, 0xB1, 0x1D, 0x20, 0x99, 0x64, 0xA0, 0x00, 0xB1, 0x1D,
    0xC9, 0x64, 0x90, 0x07, 0xA2, 0x00, 0xA9, 0x03, 0x4C, 0x2E, 0x59, 0xB1,
    0x1D, 0xC9, 0x0A, 0xA2, 0x00, 0x90, 0x05, 0xA9, 0x02, 0x4C, 0x2E, 0x59,
    0xA9, 0x01, 0xA0, 0x12, 0x20, 0xC5, 0x77, 0x20, 0xDF, 0x7A, 0xA9, 0x0C,
    0x20, 0xDF, 0x7A, 0xA9, 0xA6, 0xA2, 0x80, 0x20, 0x01, 0x60, 0x4C, 0xCE,
    0x77, 0x20, 0xDF, 0x7A, 0xA9, 0x14, 0x20, 0x1F, 0x60, 0xA9, 0x02, 0x20,
    0xDF, 0x7A, 0xA9, 0x14, 0x20, 0xDF, 0x7A, 0xA9, 0x54, 0xA2, 0x80, 0x20,
    0x01, 0x60, 0xA9, 0x0E, 0x20, 0xDF, 0x7A, 0xA9, 0x14, 0x20, 0xDF, 0x7A,
    0xA0, 0x02, 0xB1, 0x1D, 0x20, 0x12, 0x65, 0x20, 0x7A, 0x6C, 0x4C, 0xCE,
    0x77, 0x20, 0xF1, 0x59, 0xA9, 0x78, 0x20, 0x15, 0x41, 0xA9, 0x08, 0x8D,
    0x54, 0x02, 0xA9, 0x03, 0x8D, 0x50, 0x02, 0x60, 0x20, 0xF5, 0x7A, 0x20,
    0x09, 0x77, 0xA9, 0x00, 0xA8, 0x91, 0x1D, 0xA8, 0xB9, 0xA8, 0x80, 0xF0,
    0x46, 0xA0, 0x02, 0x20, 0xB0, 0x7C, 0xA0, 0x00, 0xB1, 0x1D, 0xA8, 0xB1,
    0x25, 0x20, 0xDF, 0x7A, 0xA0, 0x00, 0xB1, 0x1D, 0xC9, 0x41, 0x90, 0x11,
    0xC9, 0x5B, 0xB0, 0x0D, 0xA2, 0x00, 0xB1, 0x1D, 0xA0, 0x20, 0x20, 0xC5,
    0x77, 0xA0, 0x00, 0x91, 0x1D, 0xC8, 0xB1, 0x1D, 0xA8, 0xB9, 0xA8, 0x80,
    0xA0, 0x00, 0xD1, 0x1D, 0xF0, 0x06, 0xA2, 0x00, 0x8A, 0x4C, 0xF0, 0x77,
    0x20, 0xCE, 0x77, 0x18, 0xA9, 0x01, 0x71, 0x1D, 0x4C, 0x91, 0x59, 0xA0,
    0x02, 0x20, 0xB0, 0x7C, 0xA0, 0x00, 0xB1, 0x1D, 0xA8, 0xB1, 0x25, 0x20,
    0x76, 0x79, 0x4C, 0xEB, 0x77, 0x20, 0x12, 0x77, 0xA9, 0xFF, 0x20, 0xDF,
    0x7A, 0x20, 0xDF, 0x7A, 0x20, 0x09, 0x77, 0xA9, 0xB3, 0xA2, 0x80, 0x20,
    0x6A, 0x40, 0xA9, 0x70, 0x20, 0xDF, 0x7A, 0xA9, 0xF4, 0x20, 0xDF, 0x7A,
    0xA9, 0x00, 0x20, 0xDF, 0x7A, 0x20, 0xDF, 0x7A, 0x20, 0xDF, 0x7A, 0x20,
    0xDF, 0x7A, 0x20, 0xDF, 0x7A, 0x20, 0xF1, 0x7A, 0x20, 0x13, 0x71, 0xAA,
    0xD0, 0x0A, 0xA9, 0x25, 0xA2, 0x81, 0x20, 0xA4, 0x40, 0x4C, 0xF5, 0x77,
    0xA9, 0x00, 0xA8, 0x91, 0x1D, 0xC9, 0x08, 0xB0, 0x4F, 0xA2, 0x00, 0xB1,
    0x1D, 0x20, 0x84, 0x76, 0x20, 0x6E, 0x76, 0x85, 0x25, 0x86, 0x26, 0x18,
    0xA5, 0x25, 0x48, 0xA9, 0xB0, 0x65, 0x26, 0xAA, 0x68, 0xA0, 0x03, 0x20,
    0xA1, 0x7B, 0x20, 0x88, 0x59, 0xAA, 0xF0, 0x0B, 0xA0, 0x00, 0xB1, 0x1D,
    0xA0, 0x02, 0x91, 0x1D, 0x4C, 0x8E, 0x5A, 0xA0, 0x04, 0x20, 0xB0, 0x7C,
    0xA0, 0x00, 0xB1, 0x25, 0xD0, 0x0E, 0xC8, 0xB1, 0x1D, 0xC9, 0xFF, 0xD0,
    0x06, 0x88, 0xB1, 0x1D, 0xC8, 0x91, 0x1D, 0x88, 0x18, 0xA9, 0x01, 0x71,
    0x1D, 0x4C, 0x37, 0x5A, 0xA0, 0x02, 0xB1, 0x1D, 0xC9, 0xFF, 0xD0, 0x31,
    0x88, 0xB1, 0x1D, 0xC9, 0xFF, 0xF0, 0x03, 0x4C, 0xA0, 0x5A, 0xA9, 0x07,
    0xC8, 0x91, 0x1D, 0xA9, 0xDE, 0xA2, 0x80, 0x20, 0x6A, 0x40, 0xA0, 0x02,
    0xB1, 0x1D, 0x20, 0xDF, 0x7A, 0xA9, 0xA8, 0xA2, 0x80, 0x20, 0xDD, 0x5B,
    0xAA, 0xD0, 0x0A, 0xA9, 0x1F, 0xA2, 0x81, 0x20, 0xA4, 0x40, 0x4C, 0xF5,
    0x77, 0xA9, 0xF3, 0xA2, 0x80, 0x20, 0x6A, 0x40, 0xA9, 0x70, 0x20, 0xDF,
    0x7A, 0xA9, 0xF9, 0x20, 0xDF, 0x7A, 0xA9, 0x01, 0x20, 0xDF, 0x7A, 0xA0,
    0x05, 0xB1, 0x1D, 0x20, 0xDF, 0x7A, 0xA9, 0x00, 0x20, 0xDF, 0x7A, 0x20,
    0xDF, 0x7A, 0x20, 0xDF, 0x7A, 0x20, 0xF1, 0x7A, 0x20, 0x13, 0x71, 0xAA,
    0xD0, 0x0A, 0xA9, 0x30, 0xA2, 0x81, 0x20, 0xA4, 0x40, 0x4C, 0xF5, 0x77,
    0xA0, 0x02, 0xB1, 0x1D, 0x8D, 0x51, 0x02, 0xA9, 0x14, 0xA2, 0x81, 0x20,
    0xF6, 0x54, 0xA9, 0x04, 0xA2, 0x81, 0x20, 0x6A, 0x40, 0xA9, 0x00, 0x20,
    0xDF, 0x7A, 0xA0, 0x03, 0xB1, 0x1D, 0x20, 0xDF, 0x7A, 0xA9, 0x01, 0x20,
    0xDF, 0x7A, 0xA9, 0xC9, 0xA2, 0x80, 0x20, 0x2A, 0x5D, 0xAA, 0xD0, 0x0A,
    0xA9, 0x2B, 0xA2, 0x81, 0x20, 0xA4, 0x40, 0x4C, 0xF5, 0x77, 0x20, 0xAB,
    0x55, 0x4C, 0xF5, 0x77, 0x20, 0xF5, 0x7A, 0xA9, 0x02, 0x20, 0xF3, 0x7A,
    0x20, 0x12, 0x77, 0xA9, 0xF7, 0x20, 0x63, 0x5E, 0xA0, 0x08, 0xB1, 0x1D,
    0x20, 0xDF, 0x7A, 0xA9, 0x01, 0x20, 0x92, 0x5E, 0xA0, 0x07, 0x20, 0x46,
    0x78, 0x20, 0x9F, 0x7B, 0x20, 0xAE, 0x7C, 0xA0, 0x00, 0xB1, 0x25, 0xF0,
    0x1D, 0x20, 0xAE, 0x7C, 0xA0, 0x00, 0xB1, 0x25, 0x20, 0xB0, 0x5E, 0xA2,
    0x00, 0xA9, 0x01, 0x20, 0x3F, 0x76, 0xA0, 0x02, 0xA2, 0x00, 0xA9, 0x01,
    0x20, 0x41, 0x76, 0x4C, 0x64, 0x5B, 0x20, 0xB0, 0x5E, 0xA0, 0x05, 0x20,
    0x46, 0x78, 0x20, 0x9F, 0x7B, 0x20, 0xAE, 0x7C, 0xA0, 0x00, 0xB1, 0x25,
    0xF0, 0x1F, 0x20, 0xAE, 0x7C, 0xA0, 0x00, 0xB1, 0x25, 0x20, 0xB0, 0x5E,
    0xA2, 0x00, 0xA9, 0x01, 0x20, 0x3F, 0x76, 0xA0, 0x02, 0xA2, 0x00, 0xA9,
    0x01, 0x20, 0x41, 0x76, 0x4C, 0x95, 0x5B, 0xA9, 0x00, 0x20, 0xB0, 0x5E,
    0xA0, 0x03, 0x20, 0x46, 0x78, 0xE0, 0x01, 0x20, 0x8F, 0x79, 0x08, 0xA0,
    0x02, 0xA9, 0x01, 0x20, 0x41, 0x76, 0x28, 0xD0, 0xE6, 0x20, 0x43, 0x5F,
    0xA0, 0x09, 0x4C, 0x51, 0x76, 0x20, 0xF5, 0x7A, 0x20, 0x2C, 0x77, 0xA9,
    0x70, 0x20, 0xDF, 0x7A, 0xA9, 0xF4, 0x20, 0xDF, 0x7A, 0xA9, 0x00, 0x20,
    0xDF, 0x7A, 0x20, 0xDF, 0x7A, 0x20, 0xDF, 0x7A, 0x20, 0xDF, 0x7A, 0x20,
    0xDF, 0x7A, 0x20, 0xF1, 0x7A, 0x20, 0x13, 0x71, 0xAA, 0xF0, 0x71, 0xA9,
    0xF3, 0x20, 0x63, 0x5E, 0xA9, 0x00, 0xA0, 0x01, 0x91, 0x1D, 0xC9, 0x08,
    0xB0, 0x5F, 0xB1, 0x1D, 0xA0, 0x06, 0xD1, 0x1D, 0xD0, 0x0E, 0xC8, 0x20,
    0x1C, 0x7B, 0xA2, 0x00, 0xA9, 0x20, 0x20, 0xE2, 0x5E, 0x4C, 0x6C, 0x5C,
    0xA0, 0x01, 0xA2, 0x00, 0xB1, 0x1D, 0x20, 0x84, 0x76, 0x20, 0x6E, 0x76,
    0x85, 0x25, 0x86, 0x26, 0x18, 0xA5, 0x25, 0x48, 0xA9, 0xB0, 0x65, 0x26,
    0xAA, 0x68, 0xC8, 0x20, 0xA1, 0x7B, 0xA9, 0x00, 0xA8, 0x91, 0x1D, 0xC9,
    0x20, 0xB0, 0x19, 0xA0, 0x03, 0x20, 0xB0, 0x7C, 0xA0, 0x00, 0xB1, 0x1D,
    0xA8, 0xB1, 0x25, 0x20, 0xEE, 0x74, 0xA0, 0x00, 0x18, 0xA9, 0x01, 0x71,
    0x1D, 0x4C, 0x4D, 0x5C, 0xA0, 0x01, 0x18, 0x98, 0x71, 0x1D, 0x4C, 0x10,
    0x5C, 0x20, 0x43, 0x5F, 0x4C, 0xFF, 0x77, 0x20, 0xF5, 0x7A, 0x20, 0xF1,
    0x7A, 0xA9, 0xE2, 0x20, 0xDF, 0x7A, 0xA0, 0x09, 0xB1, 0x1D, 0x20, 0xDF,
    0x7A, 0xA0, 0x09, 0xB1, 0x1D, 0x20, 0xDF, 0x7A, 0xA0, 0x09, 0xB1, 0x1D,
    0x20, 0x7C, 0x5F, 0x4C, 0xBC, 0x5C, 0xA0, 0x05, 0x20, 0xB0, 0x7C, 0xA0,
    0x00, 0xB1, 0x25, 0x48, 0xA0, 0x04, 0xA2, 0x00, 0xA9, 0x01, 0x20, 0x41,
    0x76, 0x68, 0x20, 0xEE, 0x74, 0xA2, 0x00, 0xA9, 0x01, 0x20, 0x3F, 0x76,
    0xA0, 0x05, 0x20, 0xB0, 0x7C, 0xA0, 0x00, 0xB1, 0x25, 0xF0, 0x3B, 0x20,
    0x44, 0x78, 0xE0, 0x01, 0x90, 0xD0, 0x4C, 0x02, 0x5D, 0xA0, 0x03, 0x20,
    0xB0, 0x7C, 0xA0, 0x00, 0xB1, 0x25, 0x20, 0xDF, 0x7A, 0xA0, 0x03, 0xA2,
    0x00, 0xA9, 0x01, 0x20, 0x41, 0x76, 0xA0, 0x00, 0xB1, 0x1D, 0xD0, 0x06,
    0x20, 0xCE, 0x77, 0x4C, 0x11, 0x5D, 0xB1, 0x1D, 0x20, 0xEE, 0x74, 0xA0,
    0x01, 0xA2, 0x00, 0x98, 0x20, 0x41, 0x76, 0x20, 0xCE, 0x77, 0x20, 0x44,
    0x78, 0xE0, 0x01, 0x90, 0xC8, 0x4C, 0x11, 0x5D, 0xA9, 0x00, 0x20, 0xEE,
    0x74, 0x20, 0x44, 0x78, 0xE0, 0x01, 0x20, 0x8F, 0x79, 0x08, 0xA9, 0x01,
    0x20, 0x3F, 0x76, 0x28, 0xD0, 0xEA, 0x20, 0x43, 0x5F, 0xA0, 0x09, 0x4C,
    0x51, 0x76, 0x20, 0xF5, 0x7A, 0xA9, 0xE2, 0x20, 0xDF, 0x7A, 0xA0, 0x05,
    0xB1, 0x1D, 0x20, 0xDF, 0x7A, 0xA0, 0x05, 0xB1, 0x1D, 0x20, 0xDF, 0x7A,
    0xA0, 0x05, 0xB1, 0x1D, 0x20, 0x7C, 0x5F, 0x20, 0x1A, 0x7B, 0xA2, 0x01,
    0xA9, 0x00, 0x20, 0xE2, 0x5E, 0x20, 0x43, 0x5F, 0x4C, 0xF5, 0x77, 0x20,
    0xDF, 0x7A, 0xAD, 0x00, 0xB4, 0x18, 0x69, 0x01, 0x20, 0xDF, 0x7A, 0xA0,
    0x00, 0xB1, 0x1D, 0xD0, 0x04, 0xA9, 0x01, 0x91, 0x1D, 0xA9, 0xF8, 0x20,
    0x63, 0x5E, 0xA0, 0x02, 0xB1, 0x1D, 0x20, 0xDF, 0x7A, 0xA9, 0x01, 0x20,
    0x92, 0x5E, 0xA0, 0x01, 0xB1, 0x1D, 0x20, 0xDF, 0x7A, 0xA9, 0x02, 0x20,
    0x92, 0x5E, 0xA9, 0x10, 0x20, 0xDF, 0x7A, 0xA0, 0x01, 0xB1, 0x1D, 0x20,
    0xF3, 0x74, 0xA2, 0x00, 0xA1, 0x1D, 0x4C, 0xEB, 0x77, 0xA2, 0x00, 0xAD,
    0x02, 0xB4, 0xD0, 0x07, 0xAD, 0x03, 0xB4, 0xC9, 0x06, 0xF0, 0x02, 0x8A,
    0x60, 0xA9, 0x01, 0x60, 0x20, 0xF5, 0x7A, 0xA9, 0xFB, 0x20, 0x63, 0x5E,
    0xA9, 0x00, 0x20, 0xDF, 0x7A, 0xA9, 0x01, 0x20, 0x92, 0x5E, 0xA0, 0x05,
    0x20, 0x1C, 0x7B, 0xA2, 0x00, 0xA9, 0x21, 0x20, 0xE2, 0x5E, 0x20, 0x1A,
    0x7B, 0xA2, 0x00, 0xA9, 0x40, 0x20, 0xE2, 0x5E, 0x20, 0x43, 0x5F, 0x4C,
    0xF0, 0x77, 0x20, 0xF5, 0x7A, 0xA0, 0x03, 0x20, 0x46, 0x78, 0x20, 0xDE,
    0x7B, 0x20, 0xB0, 0x77, 0x20, 0xF5, 0x7A, 0xA0, 0x03, 0x20, 0x46, 0x78,
    0x20, 0xDE, 0x7B, 0x20, 0x25, 0x76, 0x20, 0xF5, 0x7A, 0xA0, 0x05, 0x20,
    0x46, 0x78, 0x20, 0xAD, 0x5F, 0x20, 0xDE, 0x7B, 0x20, 0x25, 0x76, 0xE0,
    0x01, 0xD0, 0x02, 0xC9, 0x3D, 0x20, 0x8F, 0x79, 0x4C, 0xF0, 0x77, 0x20,
    0xF5, 0x7A, 0xA0, 0x03, 0x20, 0x46, 0x78, 0x20, 0xAD, 0x5F, 0x20, 0xF5,
    0x7A, 0xA9, 0xD8, 0x20, 0x63, 0x5E, 0xA0, 0x07, 0xB1, 0x1D, 0x20, 0xDF,
    0x7A, 0xA9, 0x01, 0x20, 0x92, 0x5E, 0xA0, 0x06, 0xB1, 0x1D, 0x20, 0xDF,
    0x7A, 0xA9, 0x02, 0x20, 0x92, 0x5E, 0xA0, 0x05, 0x20, 0x46, 0x78, 0x20,
    0xBD, 0x5E, 0xA9, 0x7C, 0x20, 0xB0, 0x5E, 0xA0, 0x03, 0x20, 0x46, 0x78,
    0x20, 0xBD, 0x5E, 0x20, 0x44, 0x78, 0x20, 0xBD, 0x5E, 0x20, 0x5A, 0x5F,
    0x4C, 0x04, 0x78, 0x20, 0xDF, 0x7A, 0xA9, 0x05, 0x20, 0xDF, 0x7A, 0xA9,
    0x00, 0x20, 0xF3, 0x74, 0xA9, 0x00, 0x20, 0xDF, 0x7A, 0xA9, 0x70, 0x20,
    0xF3, 0x74, 0xA9, 0x01, 0x20, 0xDF, 0x7A, 0xA8, 0xB1, 0x1D, 0x20, 0xF3,
    0x74, 0xA9, 0x02, 0x20, 0xDF, 0x7A, 0xA9, 0x00, 0x20, 0xF3, 0x74, 0x4C,
    0xCE, 0x77, 0x20, 0xDF, 0x7A, 0xA9, 0x01, 0x20, 0xEE, 0x74, 0xA0, 0x01,
    0xB1, 0x1D, 0x20, 0xEE, 0x74, 0xA9, 0x02, 0x20, 0xDF, 0x7A, 0xA0, 0x01,
    0xB1, 0x1D, 0x20, 0xF3, 0x74, 0x4C, 0xDD, 0x77, 0x20, 0xDF, 0x7A, 0xA0,
    0x00, 0xB1, 0x1D, 0x20, 0xEE, 0x74, 0x4C, 0xCE, 0x77, 0x20, 0xF5, 0x7A,
    0x4C, 0xD6, 0x5E, 0x20, 0xAE, 0x7C, 0xA0, 0x00, 0xB1, 0x25, 0x48, 0xA2,
    0x00, 0xA9, 0x01, 0x20, 0x3F, 0x76, 0x68, 0x20, 0xEE, 0x74, 0x20, 0xAE,
    0x7C, 0xA0, 0x00, 0xB1, 0x25, 0xD0, 0xE4, 0x4C, 0xDD, 0x77, 0x20, 0xF5,
    0x7A, 0x20, 0xF1, 0x7A, 0x4C, 0x09, 0x5F, 0xA0, 0x05, 0x20, 0xB0, 0x7C,
    0xA0, 0x00, 0xB1, 0x25, 0x48, 0xA0, 0x04, 0xA2, 0x00, 0xA9, 0x01, 0x20,
    0x41, 0x76, 0x68, 0x20, 0xEE, 0x74, 0xA2, 0x00, 0xA9, 0x01, 0x20, 0x3F,
    0x76, 0xA0, 0x05, 0x20, 0xB0, 0x7C, 0xA0, 0x00, 0xB1, 0x25, 0xF0, 0x15,
    0x20, 0x44, 0x78, 0xA0, 0x02, 0xD1, 0x1D, 0x8A, 0xC8, 0xF1, 0x1D, 0x90,
    0xCA, 0x4C, 0x29, 0x5F, 0xA9, 0x00, 0x20, 0xEE, 0x74, 0x20, 0x44, 0x78,
    0xA0, 0x02, 0xD1, 0x1D, 0x8A, 0xC8, 0xF1, 0x1D, 0x20, 0x8F, 0x79, 0x08,
    0xA9, 0x01, 0x20, 0x3F, 0x76, 0x28, 0xD0, 0xE4, 0x4C, 0xFA, 0x77, 0x20,
    0x62, 0x73, 0xC9, 0x00, 0xD0, 0x07, 0xAD, 0x03, 0xB4, 0xC9, 0x06, 0xF0,
    0x04, 0xA2, 0x00, 0x8A, 0x60, 0xA9, 0x01, 0xA2, 0x00, 0x60, 0xAD, 0x26,
    0x02, 0x20, 0xDF, 0x7A, 0x20, 0x09, 0x77, 0xA9, 0x5A, 0x8D, 0x26, 0x02,
    0x20, 0x43, 0x5F, 0xA0, 0x00, 0x91, 0x1D, 0xC8, 0xB1, 0x1D, 0x8D, 0x26,
    0x02, 0xA2, 0x00, 0xA1, 0x1D, 0x4C, 0xDD, 0x77, 0x20, 0xDF, 0x7A, 0xA0,
    0x03, 0xB1, 0x1D, 0x20, 0x63, 0x5E, 0xA0, 0x02, 0xB1, 0x1D, 0x20, 0xDF,
    0x7A, 0xA9, 0x01, 0x20, 0x92, 0x5E, 0xA0, 0x01, 0xB1, 0x1D, 0x20, 0xDF,
    0x7A, 0xA9, 0x02, 0x20, 0x92, 0x5E, 0xA0, 0x00, 0xB1, 0x1D, 0x20, 0xDF,
    0x7A, 0xA9, 0x03, 0x20, 0x92, 0x5E, 0x4C, 0xF0, 0x77, 0x20, 0xF5, 0x7A,
    0x20, 0x1A, 0x7B, 0xA0, 0x03, 0x20, 0xB0, 0x7C, 0xA0, 0x00, 0xB1, 0x25,
    0xF0, 0x24, 0xA0, 0x03, 0x20, 0xB0, 0x7C, 0xA0, 0x00, 0xB1, 0x25, 0xC9,
    0x2F, 0xD0, 0x0B, 0xA0, 0x03, 0x20, 0x46, 0x78, 0x20, 0xB0, 0x77, 0x20,
    0x9F, 0x7B, 0xA0, 0x02, 0xA2, 0x00, 0xA9, 0x01, 0x20, 0x41, 0x76, 0x4C,
    0xB3, 0x5F, 0x20, 0x44, 0x78, 0x4C, 0xF0, 0x77, 0xA9, 0x20, 0x20, 0x0A,
    0x6D, 0xA9, 0x94, 0x20, 0xDF, 0x7A, 0xA9, 0x0C, 0x4C, 0x7D, 0x6D, 0xA9,
    0x00, 0x8D, 0x71, 0x03, 0xA9, 0x20, 0x4C, 0x2D, 0x6D, 0x20, 0xF5, 0x7A,
    0xA0, 0x03, 0xB1, 0x1D, 0x20, 0xDF, 0x7A, 0xA0, 0x03, 0xB1, 0x1D, 0x20,
    0xDF, 0x7A, 0xA0, 0x05, 0x20, 0x1C, 0x7B, 0xA9, 0x00, 0x20, 0xEC, 0x60,
    0x4C, 0xF0, 0x77, 0x20, 0xDF, 0x7A, 0xA0, 0x00, 0xB1, 0x1D, 0xC9, 0x18,
    0xB0, 0x2C, 0xA9, 0x02, 0x20, 0xDF, 0x7A, 0xA0, 0x01, 0xB1, 0x1D, 0x20,
    0x92, 0x6D, 0xA9, 0x20, 0x20, 0xDF, 0x7A, 0xA9, 0x24, 0x20, 0xE4, 0x6D,
    0xA9, 0x02, 0x20, 0xDF, 0x7A, 0xA0, 0x01, 0xB1, 0x1D, 0x20, 0x92, 0x6D,
    0xA9, 0x00, 0x20, 0xDF, 0x7A, 0xA9, 0x24, 0x20, 0xC7, 0x6E, 0x4C, 0xCE,
    0x77, 0x20, 0xDF, 0x7A, 0x20, 0x09, 0x77, 0xA0, 0x04, 0xB1, 0x1D, 0xC9,
    0x18, 0xB0, 0x62, 0xC8, 0xB1, 0x1D, 0xC9, 0x26, 0xB0, 0x5B, 0xA0, 0x01,
    0xB1, 0x1D, 0x20, 0xF3, 0x7A, 0xA9, 0x26, 0x38, 0xA0, 0x07, 0xF1, 0x1D,
    0xB0, 0x01, 0xCA, 0x20, 0x84, 0x77, 0x30, 0x0D, 0xF0, 0x0B, 0xA9, 0x26,
    0x38, 0xA0, 0x05, 0xF1, 0x1D, 0xA0, 0x01, 0x91, 0x1D, 0xA0, 0x05, 0xB1,
    0x1D, 0x20, 0xDF, 0x7A, 0xA0, 0x05, 0xB1, 0x1D, 0x20, 0x92, 0x6D, 0xA0,
    0x05, 0x20, 0x1C, 0x7B, 0xA0, 0x03, 0xB1, 0x1D, 0x20, 0x1E, 0x6E, 0xA0,
    0x00, 0x91, 0x1D, 0xA0, 0x05, 0xB1, 0x1D, 0x20, 0xDF, 0x7A, 0xA0, 0x05,
    0xB1, 0x1D, 0x20, 0x92, 0x6D, 0xA9, 0x00, 0x20, 0xDF, 0x7A, 0xA0, 0x01,
    0xB1, 0x1D, 0x20, 0xC7, 0x6E, 0x4C, 0xFA, 0x77, 0x20, 0xDF, 0x7A, 0xA0,
    0x02, 0xB1, 0x1D, 0x20, 0xDF, 0x7A, 0xA0, 0x02, 0xB1, 0x1D, 0x20, 0xDF,
    0x7A, 0xA0, 0x02, 0xB1, 0x1D, 0x20, 0xDF, 0x7A, 0xA9, 0x00, 0x20, 0x3D,
    0x61, 0x4C, 0xEB, 0x77, 0x20, 0xDF, 0x7A, 0x20, 0x09, 0x77, 0xA0, 0x04,
    0xB1, 0x1D, 0xC9, 0x18, 0xB0, 0x40, 0xC8, 0xB1, 0x1D, 0xC9, 0x26, 0xB0,
    0x39, 0x20, 0xDF, 0x7A, 0xA0, 0x05, 0xB1, 0x1D, 0x20, 0x92, 0x6D, 0xA0,
    0x05, 0x20, 0x1C, 0x7B, 0xA9, 0x26, 0x38, 0xA0, 0x07, 0xF1, 0x1D, 0x20,
    0x1E, 0x6E, 0xA0, 0x00, 0x91, 0x1D, 0xA0, 0x05, 0xB1, 0x1D, 0x20, 0xDF,
    0x7A, 0xA0, 0x05, 0xB1, 0x1D, 0x20, 0x92, 0x6D, 0xA0, 0x01, 0xB1, 0x1D,
    0x20, 0xDF, 0x7A, 0xA0, 0x01, 0xB1, 0x1D, 0x20, 0xC7, 0x6E, 0x4C, 0xFA,
    0x77, 0x20, 0xDF, 0x7A, 0xA0, 0x02, 0xB1, 0x1D, 0xC9, 0x18, 0xB0, 0x35,
    0xC8, 0xB1, 0x1D, 0xC9, 0x26, 0xB0, 0x2E, 0x20, 0xDF, 0x7A, 0xA0, 0x03,
    0xB1, 0x1D, 0x20, 0x92, 0x6D, 0xA0, 0x01, 0xB1, 0x1D, 0x20, 0x64, 0x65,
    0x20, 0xC1, 0x6D, 0xA0, 0x03, 0xB1, 0x1D, 0x20, 0xDF, 0x7A, 0xA0, 0x03,
    0xB1, 0x1D, 0x20, 0x92, 0x6D, 0xA0, 0x00, 0xB1, 0x1D, 0x20, 0xDF, 0x7A,
    0xA9, 0x01, 0x20, 0xC7, 0x6E, 0x4C, 0xF0, 0x77, 0x20, 0xDF, 0x7A, 0xA0,
    0x01, 0xB1, 0x1D, 0xC9, 0x18, 0xB0, 0x30, 0xC8, 0xB1, 0x1D, 0xC9, 0x28,
    0xB0, 0x29, 0x20, 0xDF, 0x7A, 0xA0, 0x02, 0xB1, 0x1D, 0x20, 0x92, 0x6D,
    0xA0, 0x00, 0xB1, 0x1D, 0x20, 0xC1, 0x6D, 0xA0, 0x02, 0xB1, 0x1D, 0x20,
    0xDF, 0x7A, 0xA0, 0x02, 0xB1, 0x1D, 0x20, 0x92, 0x6D, 0xA9, 0x00, 0x20,
    0xDF, 0x7A, 0xA9, 0x01, 0x20, 0xC7, 0x6E, 0x4C, 0xEB, 0x77, 0x20, 0xF5,
    0x7A, 0x20, 0x09, 0x77, 0xA0, 0x06, 0xB1, 0x1D, 0x20, 0xDF, 0x7A, 0xA0,
    0x06, 0xB1, 0x1D, 0x20, 0x92, 0x6D, 0xA9, 0x03, 0x20, 0xC1, 0x6D, 0xA9,
    0x01, 0x20, 0xDF, 0x7A, 0xA0, 0x05, 0xB1, 0x1D, 0x38, 0xA0, 0x07, 0xF1,
    0x1D, 0x38, 0xE9, 0x01, 0x20, 0xE4, 0x6D, 0xA9, 0x04, 0x20, 0xC1, 0x6D,
    0xA0, 0x06, 0xB1, 0x1D, 0x20, 0xDF, 0x7A, 0xA0, 0x04, 0xB1, 0x1D, 0x20,
    0x92, 0x6D, 0xA9, 0x05, 0x20, 0xC1, 0x6D, 0xA9, 0x01, 0x20, 0xDF, 0x7A,
    0xA0, 0x05, 0xB1, 0x1D, 0x38, 0xA0, 0x07, 0xF1, 0x1D, 0x38, 0xE9, 0x01,
    0x20, 0xE4, 0x6D, 0xA9, 0x06, 0x20, 0xC1, 0x6D, 0xA0, 0x05, 0xB1, 0x1D,
    0x18, 0x69, 0x01, 0xA0, 0x00, 0x91, 0x1D, 0xA0, 0x03, 0xD1, 0x1D, 0xB0,
    0x30, 0xA0, 0x06, 0xB1, 0x1D, 0x20, 0xDF, 0x7A, 0xA0, 0x01, 0xB1, 0x1D,
    0x20, 0x92, 0x6D, 0xA9, 0x02, 0x20, 0xC1, 0x6D, 0xA0, 0x04, 0xB1, 0x1D,
    0x20, 0xDF, 0x7A, 0xA0, 0x01, 0xB1, 0x1D, 0x20, 0x92, 0x6D, 0xA9, 0x02,
    0x20, 0xC1, 0x6D, 0xA0, 0x00, 0x18, 0xA9, 0x01, 0x71, 0x1D, 0x4C, 0x25,
    0x62, 0x88, 0xB1, 0x1D, 0x88, 0x11, 0x1D, 0xD0, 0x03, 0x4C, 0x0B, 0x63,
    0xC8, 0x20, 0x46, 0x78, 0x20, 0xDE, 0x7B, 0x20, 0xDF, 0x7A, 0xA0, 0x05,
    0xB1, 0x1D, 0x38, 0xA0, 0x07, 0xF1, 0x1D, 0x38, 0xE9, 0x01, 0x20, 0xDF,
    0x7A, 0x20, 0x09, 0x77, 0xA0, 0x02, 0xA2, 0x00, 0xB1, 0x1D, 0x20, 0xB7,
    0x77, 0x20, 0xF5, 0x7A, 0xA0, 0x03, 0xB1, 0x1D, 0x20, 0x82, 0x77, 0x30,
    0x0C, 0xF0, 0x0A, 0xA0, 0x01, 0xB1, 0x1D, 0x38, 0xE9, 0x02, 0xC8, 0x91,
    0x1D, 0xA0, 0x09, 0xA2, 0x00, 0xB1, 0x1D, 0x20, 0xB0, 0x77, 0x20, 0xF5,
    0x7A, 0xA0, 0x03, 0xB1, 0x1D, 0x38, 0xC8, 0xF1, 0x1D, 0xA2, 0x00, 0xB0,
    0x01, 0xCA, 0x20, 0xF9, 0x76, 0x20, 0xF5, 0x7A, 0xA9, 0x02, 0x20, 0x6D,
    0x77, 0x20, 0x25, 0x76, 0xA0, 0x00, 0x91, 0x1D, 0x20, 0xDF, 0x7A, 0xA0,
    0x09, 0xB1, 0x1D, 0x20, 0x92, 0x6D, 0xA9, 0x20, 0x20, 0xC1, 0x6D, 0xA9,
    0x00, 0xA0, 0x03, 0x91, 0x1D, 0x88, 0xD1, 0x1D, 0xB0, 0x19, 0xA0, 0x05,
    0x20, 0xB0, 0x7C, 0xA0, 0x03, 0xB1, 0x1D, 0xA8, 0xB1, 0x25, 0x20, 0xC1,
    0x6D, 0xA0, 0x03, 0x18, 0xA9, 0x01, 0x71, 0x1D, 0x4C, 0xE3, 0x62, 0xA9,
    0x20, 0x20, 0xC1, 0x6D, 0x20, 0xEB, 0x77, 0x4C, 0xFF, 0x77, 0x20, 0xF5,
    0x7A, 0x20, 0xF7, 0x5F, 0xA9, 0x01, 0x20, 0xDF, 0x7A, 0xA9, 0x00, 0x20,
    0xDF, 0x7A, 0xA9, 0x26, 0x20, 0xDF, 0x7A, 0xA9, 0x17, 0x20, 0xDF, 0x7A,
    0xA0, 0x05, 0x20, 0x46, 0x78, 0x20, 0xBE, 0x61, 0x4C, 0xDD, 0x77, 0x20,
    0xDF, 0x7A, 0xA0, 0x01, 0xB1, 0x1D, 0xC9, 0x18, 0xB0, 0x17, 0xA9, 0x02,
    0x20, 0xDF, 0x7A, 0xA8, 0xB1, 0x1D, 0x20, 0x92, 0x6D, 0xA0, 0x00, 0xB1,
    0x1D, 0x20, 0xDF, 0x7A, 0xA9, 0x24, 0x20, 0xC7, 0x6E, 0x4C, 0xDD, 0x77,
    0xA9, 0x74, 0xA2, 0x03, 0x20, 0xF5, 0x7A, 0xA9, 0xFF, 0x20, 0xF3, 0x7A,
    0xA9, 0x28, 0x4C, 0xA4, 0x79, 0x20, 0xDF, 0x7A, 0x20, 0x2C, 0x77, 0xA0,
    0x04, 0xB1, 0x1D, 0xD0, 0x04, 0xA9, 0x01, 0x91, 0x1D, 0xC8, 0xB1, 0x1D,
    0x88, 0xD1, 0x1D, 0x90, 0x07, 0xF0, 0x05, 0xB1, 0x1D, 0xC8, 0x91, 0x1D,
    0xA0, 0x05, 0xB1, 0x1D, 0x20, 0xF3, 0x7A, 0xA0, 0x08, 0xB1, 0x1D, 0x20,
    0x76, 0x76, 0x20, 0xF9, 0x79, 0x20, 0xF5, 0x7A, 0xA0, 0x06, 0xB1, 0x1D,
    0x20, 0x2B, 0x7C, 0xA0, 0x02, 0x20, 0xA1, 0x7B, 0xA9, 0x00, 0xA0, 0x01,
    0x91, 0x1D, 0xA0, 0x06, 0xD1, 0x1D, 0xB0, 0x76, 0xA0, 0x01, 0xB1, 0x1D,
    0xC9, 0x28, 0xB0, 0x6E, 0xA0, 0x03, 0x20, 0x46, 0x78, 0xC9, 0x08, 0x8A,
    0xE9, 0x00, 0x90, 0x12, 0xA9, 0x18, 0xA0, 0x00, 0x91, 0x1D, 0xA2, 0x00,
    0xA9, 0x08, 0xA0, 0x02, 0x20, 0x0B, 0x7C, 0x4C, 0xF0, 0x63, 0xA0, 0x03,
    0x20, 0x46, 0x78, 0xA0, 0x10, 0x20, 0xC5, 0x77, 0xA0, 0x00, 0x91, 0x1D,
    0xA2, 0x00, 0x8A, 0xA0, 0x02, 0x20, 0xA1, 0x7B, 0xA0, 0x01, 0xB1, 0x1D,
    0xA8, 0xB9, 0x74, 0x03, 0xA0, 0x00, 0xD1, 0x1D, 0xF0, 0x23, 0xC8, 0xB1,
    0x1D, 0xAA, 0x88, 0xB1, 0x1D, 0x9D, 0x74, 0x03, 0xC8, 0xB1, 0x1D, 0x18,
    0xA0, 0x08, 0x71, 0x1D, 0x20, 0xDF, 0x7A, 0xA0, 0x08, 0xB1, 0x1D, 0x20,
    0xDF, 0x7A, 0xA0, 0x02, 0xB1, 0x1D, 0x20, 0x80, 0x61, 0xA0, 0x01, 0x18,
    0x98, 0x71, 0x1D, 0x4C, 0xAC, 0x63, 0xA0, 0x09, 0x4C, 0x51, 0x76, 0x20,
    0xDF, 0x7A, 0xAD, 0x71, 0x03, 0xF0, 0x05, 0xA9, 0x00, 0x20, 0x81, 0x65,
    0xA0, 0x01, 0xB1, 0x1D, 0x8D, 0x6E, 0x03, 0x88, 0xB1, 0x1D, 0x8D, 0x6F,
    0x03, 0xA9, 0x01, 0x8D, 0x71, 0x03, 0x8C, 0x73, 0x03, 0xA9, 0x01, 0x20,
    0x81, 0x65, 0x4C, 0xDD, 0x77, 0x20, 0x09, 0x77, 0xAD, 0x71, 0x03, 0xF0,
    0x25, 0xEE, 0x73, 0x03, 0xAD, 0x73, 0x03, 0xC9, 0x18, 0x90, 0x05, 0xA9,
    0x00, 0x8D, 0x73, 0x03, 0xAD, 0x73, 0x03, 0xC9, 0x0C, 0x20, 0x8F, 0x79,
    0xA0, 0x00, 0x91, 0x1D, 0xCD, 0x72, 0x03, 0xF0, 0x05, 0xB1, 0x1D, 0x20,
    0x81, 0x65, 0x4C, 0xCE, 0x77, 0xAD, 0x71, 0x03, 0xF0, 0x07, 0xA9, 0x00,
    0x20, 0x81, 0x65, 0xA9, 0x00, 0x8D, 0x71, 0x03, 0x60, 0x20, 0xF5, 0x7A,
    0x20, 0x46, 0x77, 0xA9, 0x05, 0x20, 0xDF, 0x7A, 0xA9, 0x00, 0xA0, 0x06,
    0x91, 0x1D, 0xA8, 0xAA, 0xB1, 0x1D, 0x38, 0xE9, 0x01, 0x91, 0x1D, 0x20,
    0xB0, 0x77, 0x20, 0x62, 0x78, 0x20, 0xF5, 0x7A, 0xA0, 0x0C, 0x20, 0x1C,
    0x7B, 0xA9, 0x0A, 0x20, 0x7A, 0x7C, 0xA0, 0x30, 0x20, 0xC5, 0x77, 0xA0,
    0x00, 0x20, 0x89, 0x7B, 0xA0, 0x0A, 0x20, 0x1C, 0x7B, 0xA9, 0x0A, 0x20,
    0x2B, 0x7C, 0xA0, 0x07, 0x20, 0xA1, 0x7B, 0xE0, 0x00, 0xD0, 0x04, 0xC9,
    0x00, 0xF0, 0x08, 0xA0, 0x00, 0xA2, 0x00, 0xB1, 0x1D, 0xD0, 0xBD, 0xA0,
    0x0A, 0xB1, 0x1D, 0x20, 0xDF, 0x7A, 0xA0, 0x0A, 0xB1, 0x1D, 0x20, 0xDF,
    0x7A, 0xA9, 0x03, 0x20, 0x60, 0x78, 0xA0, 0x02, 0x18, 0x71, 0x1D, 0x90,
    0x01, 0xE8, 0x20, 0x01, 0x60, 0xA0, 0x0B, 0x4C, 0x51, 0x76, 0x20, 0xDF,
    0x7A, 0x20, 0x1F, 0x77, 0xA0, 0x03, 0xB1, 0x1D, 0x4A, 0x4A, 0x4A, 0x4A,
    0x29, 0x0F, 0x85, 0x25, 0x18, 0xA9, 0x81, 0x85, 0x26, 0xA0, 0x35, 0xB1,
    0x25, 0xA0, 0x00, 0x91, 0x1D, 0xA0, 0x03, 0xB1, 0x1D, 0x29, 0x0F, 0x85,
    0x25, 0x18, 0xA9, 0x81, 0x85, 0x26, 0xA0, 0x35, 0xB1, 0x25, 0xA0, 0x01,
    0x91, 0x1D, 0xA9, 0x00, 0xC8, 0x91, 0x1D, 0xA0, 0x05, 0xB1, 0x1D, 0x20,
    0xDF, 0x7A, 0xA0, 0x05, 0xB1, 0x1D, 0x20, 0xDF, 0x7A, 0xA9, 0x02, 0x20,
    0x60, 0x78, 0x20, 0x01, 0x60, 0x4C, 0xFA, 0x77, 0x20, 0xDF, 0x7A, 0xA0,
    0x00, 0xB1, 0x1D, 0xC9, 0x20, 0x90, 0x04, 0xC9, 0x7F, 0x90, 0x07, 0xA2,
    0x00, 0xA9, 0x20, 0x4C, 0xCE, 0x77, 0xB1, 0x1D, 0xA2, 0x00, 0x4C, 0xCE,
    0x77, 0x20, 0xDF, 0x7A, 0xAD, 0x6E, 0x03, 0x20, 0xDF, 0x7A, 0xAD, 0x6F,
    0x03, 0x20, 0x94, 0x6E, 0x20, 0xDF, 0x7A, 0xAD, 0x6E, 0x03, 0x20, 0xDF,
    0x7A, 0xAD, 0x6F, 0x03, 0x20, 0x92, 0x6D, 0xA0, 0x01, 0xB1, 0x1D, 0xF0,
    0x16, 0x88, 0xB1, 0x1D, 0xC9, 0x07, 0xD0, 0x05, 0xA9, 0x20, 0x4C, 0xB3,
    0x65, 0xB1, 0x1D, 0x8D, 0x70, 0x03, 0xA9, 0x07, 0x4C, 0xC5, 0x65, 0x88,
    0xB1, 0x1D, 0xC9, 0x07, 0xD0, 0x06, 0xAD, 0x70, 0x03, 0x20, 0xC1, 0x6D,
    0xA0, 0x01, 0xB1, 0x1D, 0x8D, 0x72, 0x03, 0x4C, 0xDD, 0x77, 0xA9, 0x00,
    0x8D, 0xEA, 0x03, 0x60, 0xA2, 0x00, 0xA5, 0x02, 0x60, 0x20, 0xC5, 0x66,
    0x20, 0xDF, 0x7A, 0xA2, 0x00, 0xA1, 0x1D, 0xF0, 0x05, 0x20, 0x54, 0x6C,
    0xA2, 0x00, 0xA1, 0x1D, 0x4C, 0xCE, 0x77, 0xA5, 0x11, 0x20, 0xDF, 0x7A,
    0xA5, 0x12, 0x20, 0xDF, 0x7A, 0xA0, 0x00, 0xB1, 0x1D, 0xC9, 0x40, 0xB0,
    0x07, 0xA2, 0x00, 0xA9, 0x01, 0x4C, 0xDD, 0x77, 0xB1, 0x1D, 0xC9, 0xA5,
    0x90, 0x07, 0xA2, 0x00, 0xA9, 0x02, 0x4C, 0xDD, 0x77, 0xC8, 0xB1, 0x1D,
    0xC9, 0x40, 0xB0, 0x07, 0xA2, 0x00, 0xA9, 0x03, 0x4C, 0xDD, 0x77, 0xB1,
    0x1D, 0xC9, 0xA5, 0xA9, 0x00, 0xAA, 0x90, 0x02, 0xA9, 0x04, 0x4C, 0xDD,
    0x77, 0xA9, 0x00, 0x20, 0xDF, 0x7A, 0xAD, 0x10, 0xC0, 0xD0, 0x07, 0xA8,
    0xB1, 0x1D, 0x09, 0x01, 0x91, 0x1D, 0xAD, 0x0F, 0xE8, 0x29, 0x08, 0xD0,
    0x07, 0xA8, 0xB1, 0x1D, 0x09, 0x02, 0x91, 0x1D, 0xA2, 0x00, 0xA1, 0x1D,
    0x4C, 0xCE, 0x77, 0xAD, 0xEA, 0x03, 0x20, 0xDF, 0x7A, 0xA0, 0x00, 0xB1,
    0x1D, 0xD0, 0x04, 0xAA, 0x4C, 0xCE, 0x77, 0x98, 0x8D, 0xEA, 0x03, 0xAA,
    0xB1, 0x1D, 0xC9, 0x03, 0xF0, 0x23, 0xC9, 0x05, 0xF0, 0x29, 0xC9, 0x07,
    0xF0, 0x2A, 0xC9, 0x09, 0xF0, 0x1C, 0xC9, 0x0B, 0xF0, 0x2C, 0xC9, 0x0C,
    0xF0, 0x23, 0xC9, 0x0D, 0xF0, 0x2E, 0xC9, 0x0E, 0xF0, 0x25, 0xC9, 0x0F,
    0xF0, 0x1C, 0x4C, 0xC1, 0x66, 0xA9, 0x01, 0x4C, 0xCE, 0x77, 0xA9, 0x02,
    0x4C, 0xCE, 0x77, 0xA9, 0x03, 0x4C, 0xCE, 0x77, 0xA9, 0x04, 0x4C, 0xCE,
    0x77, 0xA9, 0x05, 0x4C, 0xCE, 0x77, 0xA9, 0x06, 0x4C, 0xCE, 0x77, 0xA9,
    0x07, 0x4C, 0xCE, 0x77, 0xA9, 0x08, 0x4C, 0xCE, 0x77, 0x8A, 0x4C, 0xCE,
    0x77, 0x20, 0x1F, 0x77, 0x20, 0x0C, 0x6F, 0x20, 0x5B, 0x66, 0xA0, 0x00,
    0x91, 0x1D, 0xB1, 0x1D, 0xF0, 0x07, 0xA2, 0x00, 0xB1, 0x1D, 0x4C, 0xEB,
    0x77, 0x20, 0xF3, 0x65, 0xA0, 0x02, 0x91, 0x1D, 0xB1, 0x1D, 0xF0, 0x2A,
    0xCD, 0x9C, 0x03, 0xF0, 0x0F, 0x8D, 0x9C, 0x03, 0xA9, 0x14, 0x8D, 0x9E,
    0x03, 0xA2, 0x00, 0xB1, 0x1D, 0x4C, 0xEB, 0x77, 0xAD, 0x9E, 0x03, 0xF0,
    0x14, 0xCE, 0x9E, 0x03, 0xD0, 0x0F, 0xA9, 0x06, 0x8D, 0x9E, 0x03, 0xA2,
    0x00, 0xB1, 0x1D, 0x4C, 0xEB, 0x77, 0x8D, 0x9C, 0x03, 0x20, 0x35, 0x66,
    0xA0, 0x01, 0x91, 0x1D, 0xA2, 0x00, 0xB1, 0x1D, 0xF0, 0x1A, 0xAD, 0x9D,
    0x03, 0xD0, 0x15, 0xB1, 0x1D, 0x8D, 0x9D, 0x03, 0xB1, 0x1D, 0x29, 0x01,
    0xF0, 0x05, 0xA9, 0x05, 0x4C, 0xEB, 0x77, 0xA9, 0x06, 0x4C, 0xEB, 0x77,
    0xB1, 0x1D, 0xD0, 0x03, 0x8D, 0x9D, 0x03, 0x8A, 0x4C, 0xEB, 0x77, 0x20,
    0xDF, 0x7A, 0x20, 0x09, 0x77, 0xA0, 0x01, 0xB1, 0x1D, 0xC9, 0x40, 0x90,
    0x04, 0xA9, 0x3F, 0x91, 0x1D, 0xB1, 0x1D, 0x8D, 0xE0, 0x03, 0xB1, 0x1D,
    0xA8, 0xA9, 0x00, 0x99, 0x9F, 0x03, 0xA9, 0x9F, 0xA2, 0x03, 0x20, 0xDE,
    0x7B, 0x8D, 0xDF, 0x03, 0xA9, 0x00, 0x8D, 0xE1, 0x03, 0x8D, 0xE2, 0x03,
    0xA9, 0x02, 0x8D, 0xE3, 0x03, 0x20, 0xF7, 0x5F, 0xA9, 0x02, 0x20, 0xDF,
    0x7A, 0xA9, 0x01, 0x20, 0xDF, 0x7A, 0xA0, 0x05, 0x20, 0x46, 0x78, 0x20,
    0x01, 0x60, 0xA0, 0x03, 0x20, 0x46, 0x78, 0x20, 0xDE, 0x7B, 0x18, 0x69,
    0x02, 0x20, 0xDF, 0x7A, 0xA9, 0x01, 0x20, 0xDF, 0x7A, 0xA9, 0x9C, 0xA2,
    0x81, 0x20, 0x01, 0x60, 0xA9, 0x09, 0x20, 0xDF, 0x7A, 0xA9, 0x04, 0x20,
    0xDF, 0x7A, 0xA9, 0x1E, 0x20, 0xDF, 0x7A, 0xA9, 0x11, 0x20, 0xDF, 0x7A,
    0xA9, 0x84, 0xA2, 0x81, 0x20, 0xBE, 0x61, 0xA9, 0x02, 0x20, 0xDF, 0x7A,
    0xA9, 0x13, 0x20, 0xDF, 0x7A, 0xA9, 0x4B, 0xA2, 0x81, 0x20, 0x01, 0x60,
    0xA9, 0x02, 0x20, 0xDF, 0x7A, 0xA9, 0x14, 0x20, 0xDF, 0x7A, 0xA9, 0x68,
    0xA2, 0x81, 0x20, 0x01, 0x60, 0x20, 0x89, 0x68, 0x20, 0x0B, 0x69, 0x20,
    0x62, 0x69, 0x20, 0xB8, 0x6A, 0xA0, 0x00, 0x91, 0x1D, 0x20, 0x89, 0x64,
    0xA2, 0x00, 0xA1, 0x1D, 0x4C, 0xF0, 0x77, 0x20, 0xDF, 0x7A, 0xA2, 0x00,
    0xA1, 0x1D, 0x20, 0x84, 0x76, 0xA0, 0x20, 0x20, 0xC5, 0x77, 0x85, 0x25,
    0xA0, 0x01, 0xB1, 0x1D, 0x18, 0x65, 0x25, 0x20, 0xDF, 0x7A, 0xAD, 0xE1,
    0x03, 0xF0, 0x19, 0xA0, 0x00, 0xB1, 0x1D, 0xC9, 0x41, 0x90, 0x11, 0xC9,
    0x5B, 0xB0, 0x0D, 0xA2, 0x00, 0xB1, 0x1D, 0xA0, 0x20, 0x20, 0xC5, 0x77,
    0xA0, 0x00, 0x91, 0x1D, 0xA2, 0x00, 0xA1, 0x1D, 0x4C, 0xEB, 0x77, 0x20,
    0xDF, 0x7A, 0xA0, 0x00, 0xB1, 0x1D, 0x0A, 0x18, 0x69, 0x06, 0xA2, 0x00,
    0x4C, 0xCE, 0x77, 0x20, 0xDF, 0x7A, 0xA0, 0x02, 0xA2, 0x00, 0xB1, 0x1D,
    0xA0, 0x0C, 0x20, 0xC5, 0x77, 0x20, 0xDF, 0x7A, 0xA0, 0x02, 0xB1, 0x1D,
    0x20, 0x43, 0x68, 0x20, 0xDF, 0x7A, 0xA0, 0x04, 0xB1, 0x1D, 0x20, 0xDF,
    0x7A, 0xA0, 0x04, 0xB1, 0x1D, 0x20, 0x03, 0x68, 0x20, 0xDF, 0x7A, 0xA0,
    0x03, 0xB1, 0x1D, 0x20, 0x3D, 0x61, 0x4C, 0xEB, 0x77, 0xA0, 0x13, 0x20,
    0x1E, 0x7C, 0xA9, 0x00, 0xA0, 0x12, 0x91, 0x1D, 0xA8, 0x91, 0x1D, 0xC9,
    0x04, 0xB0, 0x53, 0x98, 0xC8, 0x91, 0x1D, 0xC9, 0x10, 0xB0, 0x2A, 0xA9,
    0x02, 0x20, 0x60, 0x78, 0x18, 0x71, 0x1D, 0x90, 0x01, 0xE8, 0x20, 0xF5,
    0x7A, 0xA0, 0x03, 0xB1, 0x1D, 0x20, 0xDF, 0x7A, 0xA0, 0x03, 0xB1, 0x1D,
    0x20, 0x03, 0x68, 0xA0, 0x00, 0x20, 0x89, 0x7B, 0xA0, 0x01, 0x18, 0x98,
    0x71, 0x1D, 0x4C, 0x9D, 0x68, 0xA9, 0x0C, 0x20, 0xDF, 0x7A, 0xA0, 0x01,
    0xB1, 0x1D, 0x20, 0x43, 0x68, 0x20, 0xDF, 0x7A, 0xA9, 0x04, 0x20, 0x60,
    0x78, 0x20, 0x01, 0x60, 0xA0, 0x00, 0x18, 0xA9, 0x01, 0x71, 0x1D, 0x4C,
    0x95, 0x68, 0xAD, 0xE3, 0x03, 0xC9, 0x04, 0xB0, 0x11, 0xAD, 0xE2, 0x03,
    0x20, 0xDF, 0x7A, 0xAD, 0xE3, 0x03, 0x20, 0xDF, 0x7A, 0xA9, 0x01, 0x20,
    0x53, 0x68, 0xA0, 0x13, 0x4C, 0x51, 0x76, 0x20, 0x09, 0x77, 0xA9, 0x00,
    0xA8, 0x91, 0x1D, 0xC9, 0x05, 0xB0, 0x48, 0xB1, 0x1D, 0xA8, 0xB9, 0x46,
    0x81, 0x20, 0xDF, 0x7A, 0xA9, 0x0F, 0x20, 0xDF, 0x7A, 0xA0, 0x02, 0xA2,
    0x00, 0xB1, 0x1D, 0x0A, 0x90, 0x02, 0xE8, 0x18, 0x69, 0x1C, 0xA8, 0x8A,
    0x69, 0x02, 0xAA, 0x98, 0x20, 0x0B, 0x7B, 0xAD, 0xE3, 0x03, 0xC9, 0x04,
    0xD0, 0x09, 0xAD, 0xE2, 0x03, 0xA0, 0x04, 0xD1, 0x1D, 0xF0, 0x05, 0xA9,
    0x00, 0x4C, 0x52, 0x69, 0xA9, 0x01, 0x20, 0xEC, 0x60, 0xA0, 0x00, 0x18,
    0xA9, 0x01, 0x71, 0x1D, 0x4C, 0x11, 0x69, 0x4C, 0xCE, 0x77, 0xA9, 0x00,
    0x20, 0xDF, 0x7A, 0x20, 0x09, 0x77, 0xAD, 0xDF, 0x03, 0xC9, 0x24, 0x90,
    0x0E, 0xA2, 0x00, 0xAD, 0xDF, 0x03, 0xA0, 0x23, 0x20, 0x00, 0x77, 0xA0,
    0x01, 0x91, 0x1D, 0xA9, 0x02, 0x20, 0x1F, 0x60, 0xA9, 0x00, 0xA8, 0x91,
    0x1D, 0x18, 0xC8, 0x71, 0x1D, 0xCD, 0xDF, 0x03, 0xB0, 0x33, 0x88, 0xB1,
    0x1D, 0x18, 0x69, 0x02, 0x20, 0xDF, 0x7A, 0xA9, 0x02, 0x20, 0xDF, 0x7A,
    0xA2, 0x00, 0xA8, 0xB1, 0x1D, 0x18, 0xC8, 0x71, 0x1D, 0x90, 0x01, 0xE8,
    0x85, 0x25, 0x8A, 0x18, 0x69, 0x03, 0x85, 0x26, 0xA0, 0x9F, 0xB1, 0x25,
    0x20, 0xCC, 0x60, 0xA0, 0x00, 0x18, 0xA9, 0x01, 0x71, 0x1D, 0x4C, 0x87,
    0x69, 0x88, 0xB1, 0x1D, 0x18, 0x69, 0x02, 0x20, 0xDF, 0x7A, 0xA9, 0x02,
    0x20, 0x2F, 0x64, 0x4C, 0xDD, 0x77, 0x20, 0xDF, 0x7A, 0xAD, 0xE3, 0x03,
    0xC9, 0x04, 0xD0, 0x2B, 0xAC, 0xE2, 0x03, 0xB9, 0x46, 0x81, 0x20, 0xDF,
    0x7A, 0xA9, 0x0F, 0x20, 0xDF, 0x7A, 0xA2, 0x00, 0xAD, 0xE2, 0x03, 0x0A,
    0x90, 0x02, 0xE8, 0x18, 0x69, 0x1C, 0xA8, 0x8A, 0x69, 0x02, 0xAA, 0x98,
    0x20, 0x0B, 0x7B, 0xA9, 0x00, 0x20, 0xEC, 0x60, 0x4C, 0x1C, 0x6A, 0xAD,
    0xE2, 0x03, 0x20, 0xDF, 0x7A, 0xAD, 0xE3, 0x03, 0x20, 0xDF, 0x7A, 0xA9,
    0x00, 0x20, 0x53, 0x68, 0xA0, 0x01, 0xB1, 0x1D, 0x8D, 0xE2, 0x03, 0x88,
    0xB1, 0x1D, 0x8D, 0xE3, 0x03, 0xC9, 0x04, 0xD0, 0x2B, 0xAC, 0xE2, 0x03,
    0xB9, 0x46, 0x81, 0x20, 0xDF, 0x7A, 0xA9, 0x0F, 0x20, 0xDF, 0x7A, 0xA2,
    0x00, 0xAD, 0xE2, 0x03, 0x0A, 0x90, 0x02, 0xE8, 0x18, 0x69, 0x1C, 0xA8,
    0x8A, 0x69, 0x02, 0xAA, 0x98, 0x20, 0x0B, 0x7B, 0xA9, 0x01, 0x20, 0xEC,
    0x60, 0x4C, 0xDD, 0x77, 0xAD, 0xE2, 0x03, 0x20, 0xDF, 0x7A, 0xAD, 0xE3,
    0x03, 0x20, 0xDF, 0x7A, 0xA9, 0x01, 0x20, 0x53, 0x68, 0x4C, 0xDD, 0x77,
    0x20, 0xDF, 0x7A, 0xAD, 0xDF, 0x03, 0xCD, 0xE0, 0x03, 0xB0, 0x1F, 0xEE,
    0xDF, 0x03, 0x18, 0x69, 0x9F, 0x85, 0x25, 0xA9, 0x00, 0x69, 0x03, 0x85,
    0x26, 0xA0, 0x00, 0xB1, 0x1D, 0x91, 0x25, 0xAC, 0xDF, 0x03, 0xA9, 0x00,
    0x99, 0x9F, 0x03, 0x20, 0x62, 0x69, 0x4C, 0xCE, 0x77, 0xAD, 0xDF, 0x03,
    0xF0, 0x19, 0xCE, 0xDF, 0x03, 0xAD, 0xDF, 0x03, 0x18, 0x69, 0x9F, 0x85,
    0x25, 0xA9, 0x00, 0x69, 0x03, 0x85, 0x26, 0xA9, 0x00, 0xA8, 0x91, 0x25,
    0x4C, 0x62, 0x69, 0x60, 0x20, 0xDD, 0x65, 0x20, 0xDF, 0x7A, 0x20, 0x59,
    0x64, 0xA2, 0x00, 0xA1, 0x1D, 0xD0, 0x03, 0x4C, 0x45, 0x6C, 0xC9, 0x01,
    0xF0, 0x31, 0xC9, 0x02, 0xF0, 0x62, 0xC9, 0x03, 0xD0, 0x03, 0x4C, 0x70,
    0x6B, 0xC9, 0x04, 0xD0, 0x03, 0x4C, 0x87, 0x6B, 0xC9, 0x05, 0xD0, 0x03,
    0x4C, 0xDA, 0x6B, 0xC9, 0x06, 0xD0, 0x03, 0x4C, 0x2C, 0x6C, 0xC9, 0x07,
    0xD0, 0x03, 0x4C, 0x32, 0x6C, 0xC9, 0x08, 0xD0, 0x03, 0x4C, 0x40, 0x6C,
    0x4C, 0x45, 0x6C, 0xAD, 0xE3, 0x03, 0xC9, 0x04, 0xD0, 0x14, 0xAD, 0xE2,
    0x03, 0x20, 0x78, 0x7A, 0x18, 0x69, 0x01, 0x20, 0xDF, 0x7A, 0xA9, 0x03,
    0x20, 0xD6, 0x69, 0x4C, 0x45, 0x6C, 0xAD, 0xE3, 0x03, 0xD0, 0x03, 0x4C,
    0x45, 0x6C, 0xAD, 0xE2, 0x03, 0x20, 0xDF, 0x7A, 0xAD, 0xE3, 0x03, 0x38,
    0xE9, 0x01, 0x20, 0xD6, 0x69, 0x4C, 0x45, 0x6C, 0xAD, 0xE3, 0x03, 0xC9,
    0x03, 0xB0, 0x12, 0xAD, 0xE2, 0x03, 0x20, 0xDF, 0x7A, 0xAD, 0xE3, 0x03,
    0x18, 0x69, 0x01, 0x20, 0xD6, 0x69, 0x4C, 0x45, 0x6C, 0xAD, 0xE3, 0x03,
    0xC9, 0x03, 0xF0, 0x03, 0x4C, 0x45, 0x6C, 0xAD, 0xE2, 0x03, 0x20, 0x89,
    0x7A, 0x20, 0xF5, 0x7A, 0xA9, 0x10, 0x20, 0x6D, 0x77, 0x20, 0xDF, 0x7A,
    0xA9, 0x04, 0x20, 0xD6, 0x69, 0x4C, 0x45, 0x6C, 0xAD, 0xE2, 0x03, 0xD0,
    0x03, 0x4C, 0x45, 0x6C, 0x38, 0xE9, 0x01, 0x20, 0xDF, 0x7A, 0xAD, 0xE3,
    0x03, 0x20, 0xD6, 0x69, 0x4C, 0x45, 0x6C, 0xAD, 0xE3, 0x03, 0xC9, 0x04,
    0xD0, 0x26, 0xAD, 0xE2, 0x03, 0x20, 0xB0, 0x77, 0xC9, 0x05, 0x8A, 0xE9,
    0x00, 0x50, 0x02, 0x49, 0x80, 0x30, 0x03, 0x4C, 0x45, 0x6C, 0xAD, 0xE2,
    0x03, 0x18, 0x69, 0x01, 0x20, 0xDF, 0x7A, 0xAD, 0xE3, 0x03, 0x20, 0xD6,
    0x69, 0x4C, 0x45, 0x6C, 0xAD, 0xE2, 0x03, 0x20, 0xB0, 0x77, 0xC9, 0x10,
    0x8A, 0xE9, 0x00, 0x50, 0x02, 0x49, 0x80, 0x30, 0x03, 0x4C, 0x45, 0x6C,
    0xAD, 0xE2, 0x03, 0x18, 0x69, 0x01, 0x20, 0xDF, 0x7A, 0xAD, 0xE3, 0x03,
    0x20, 0xD6, 0x69, 0x4C, 0x45, 0x6C, 0xAD, 0xE3, 0x03, 0xC9, 0x04, 0xB0,
    0x12, 0xAD, 0xE2, 0x03, 0x20, 0xDF, 0x7A, 0xAD, 0xE3, 0x03, 0x20, 0x03,
    0x68, 0x20, 0x6C, 0x6A, 0x4C, 0x45, 0x6C, 0xAD, 0xE2, 0x03, 0xF0, 0x0F,
    0xC9, 0x01, 0xF0, 0x19, 0xC9, 0x02, 0xF0, 0x1D, 0xC9, 0x03, 0xF0, 0x1F,
    0x4C, 0x28, 0x6C, 0xAD, 0xE1, 0x03, 0x49, 0x01, 0x8D, 0xE1, 0x03, 0x20,
    0x89, 0x68, 0x4C, 0x45, 0x6C, 0xA9, 0x20, 0x20, 0x6C, 0x6A, 0x4C, 0x45,
    0x6C, 0x20, 0x99, 0x6A, 0x4C, 0x45, 0x6C, 0xA9, 0x01, 0x4C, 0xCE, 0x77,
    0x8A, 0x4C, 0xCE, 0x77, 0x20, 0x99, 0x6A, 0x4C, 0x45, 0x6C, 0xAD, 0xE1,
    0x03, 0x49, 0x01, 0x8D, 0xE1, 0x03, 0x20, 0x89, 0x68, 0x4C, 0x45, 0x6C,
    0xA9, 0x01, 0x4C, 0xCE, 0x77, 0x20, 0xCE, 0x77, 0x4C, 0xB8, 0x6A, 0xA9,
    0x00, 0x8D, 0x08, 0xE8, 0x8D, 0x01, 0xE8, 0x60, 0x20, 0x09, 0x77, 0xA9,
    0x1A, 0x20, 0xDF, 0x7A, 0xA9, 0x08, 0x20, 0xF5, 0x6C, 0xA9, 0x00, 0xA8,
    0x91, 0x1D, 0xC9, 0x64, 0xB0, 0x08, 0x18, 0xA9, 0x01, 0x71, 0x1D, 0x4C,
    0x64, 0x6C, 0xA9, 0x00, 0x8D, 0x01, 0xE8, 0x4C, 0xCE, 0x77, 0xA9, 0x1A,
    0x20, 0xDF, 0x7A, 0xA9, 0x08, 0x20, 0xF5, 0x6C, 0xA9, 0x0A, 0x20, 0xDA,
    0x6C, 0xA9, 0x00, 0x8D, 0x01, 0xE8, 0x60, 0x20, 0x09, 0x77, 0xA9, 0x00,
    0xA8, 0x91, 0x1D, 0xC9, 0x04, 0xB0, 0x1D, 0xB1, 0x1D, 0xA8, 0xB9, 0x9E,
    0x81, 0x20, 0xDF, 0x7A, 0xA9, 0x08, 0x20, 0xF5, 0x6C, 0xA9, 0x02, 0x20,
    0xDA, 0x6C, 0xA0, 0x00, 0x18, 0xA9, 0x01, 0x71, 0x1D, 0x4C, 0x95, 0x6C,
    0xA9, 0x02, 0x20, 0xDA, 0x6C, 0xA9, 0x00, 0x8D, 0x01, 0xE8, 0x4C, 0xCE,
    0x77, 0xA9, 0x23, 0x20, 0xDF, 0x7A, 0xA9, 0x06, 0x20, 0xF5, 0x6C, 0xA9,
    0x02, 0x20, 0xDA, 0x6C, 0xA9, 0x00, 0x8D, 0x01, 0xE8, 0x60, 0x20, 0xDF,
    0x7A, 0x4C, 0xE3, 0x6C, 0x20, 0x0C, 0x6F, 0xA0, 0x00, 0xB1, 0x1D, 0x08,
    0xB1, 0x1D, 0x38, 0xE9, 0x01, 0x91, 0x1D, 0x28, 0xD0, 0xEE, 0x4C, 0xCE,
    0x77, 0x20, 0xDF, 0x7A, 0xA0, 0x01, 0xB1, 0x1D, 0x8D, 0x00, 0xE8, 0x88,
    0xB1, 0x1D, 0x09, 0xA0, 0x8D, 0x01, 0xE8, 0x4C, 0xDD, 0x77, 0x20, 0xDF,
    0x7A, 0xA0, 0x00, 0xB1, 0x1D, 0x20, 0x2D, 0x6D, 0xA2, 0xB8, 0x8E, 0x09,
    0xD4, 0xA9, 0x02, 0x8D, 0x01, 0xD4, 0xA9, 0x00, 0x85, 0x05, 0xA2, 0x84,
    0x86, 0x06, 0xA9, 0x22, 0x85, 0x07, 0x4C, 0xCE, 0x77, 0x20, 0xDF, 0x7A,
    0xA2, 0x3C, 0xA9, 0x00, 0x20, 0xF5, 0x7A, 0xA2, 0x03, 0xA9, 0xC0, 0x20,
    0xF5, 0x7A, 0xA0, 0x04, 0xB1, 0x1D, 0x20, 0x1C, 0x6F, 0x20, 0xDF, 0x7A,
    0x4C, 0x5F, 0x6D, 0xA0, 0x04, 0x20, 0xB0, 0x7C, 0xA0, 0x00, 0xB1, 0x1D,
    0x91, 0x25, 0xA0, 0x03, 0xA2, 0x00, 0xA9, 0x01, 0x20, 0x41, 0x76, 0xA0,
    0x02, 0xB1, 0x1D, 0x88, 0x11, 0x1D, 0x08, 0xA2, 0x00, 0x98, 0x20, 0x0B,
    0x7C, 0x28, 0xD0, 0xDB, 0xA2, 0x3C, 0xA9, 0x00, 0x8D, 0xE4, 0x03, 0x8E,
    0xE5, 0x03, 0x4C, 0xFA, 0x77, 0x20, 0xDF, 0x7A, 0xA0, 0x01, 0xB1, 0x1D,
    0x85, 0x0E, 0xB1, 0x1D, 0x85, 0x10, 0x88, 0xB1, 0x1D, 0x85, 0x0D, 0x4C,
    0xDD, 0x77, 0x20, 0xDF, 0x7A, 0xA2, 0x00, 0xA1, 0x1D, 0x20, 0xF3, 0x7A,
    0xA9, 0x28, 0x20, 0x3E, 0x7A, 0x85, 0x25, 0x86, 0x26, 0x18, 0xA9, 0x3C,
    0x65, 0x26, 0x85, 0x26, 0xA0, 0x01, 0xB1, 0x1D, 0x18, 0x65, 0x25, 0xA6,
    0x26, 0x90, 0x01, 0xE8, 0x8D, 0xE4, 0x03, 0x8E, 0xE5, 0x03, 0x4C, 0xDD,
    0x77, 0x20, 0xDF, 0x7A, 0xAD, 0xE4, 0x03, 0xAE, 0xE5, 0x03, 0x20, 0xF5,
    0x7A, 0xA0, 0x02, 0xB1, 0x1D, 0xEE, 0xE4, 0x03, 0xD0, 0x03, 0xEE, 0xE5,
    0x03, 0x20, 0x1C, 0x6F, 0xA0, 0x00, 0x20, 0x89, 0x7B, 0x4C, 0xCE, 0x77,
    0x20, 0xDF, 0x7A, 0xA0, 0x01, 0xB1, 0x1D, 0x20, 0x1C, 0x6F, 0x20, 0xDF,
    0x7A, 0x4C, 0x0C, 0x6E, 0xAD, 0xE5, 0x03, 0x85, 0x26, 0xAD, 0xE4, 0x03,
    0x85, 0x25, 0xA0, 0x00, 0xB1, 0x1D, 0x91, 0x25, 0xEE, 0xE4, 0x03, 0xD0,
    0x03, 0xEE, 0xE5, 0x03, 0xA0, 0x01, 0xB1, 0x1D, 0x08, 0xB1, 0x1D, 0x38,
    0xE9, 0x01, 0x91, 0x1D, 0x28, 0xD0, 0xD9, 0x4C, 0xEB, 0x77, 0x20, 0xDF,
    0x7A, 0xA9, 0x00, 0x20, 0xDF, 0x7A, 0x4C, 0x76, 0x6E, 0xA0, 0x03, 0x20,
    0xB0, 0x7C, 0xA0, 0x00, 0xB1, 0x1D, 0xA8, 0xB1, 0x25, 0x20, 0xDF, 0x7A,
    0xAD, 0xE4, 0x03, 0xAE, 0xE5, 0x03, 0x20, 0xF5, 0x7A, 0xA0, 0x02, 0xB1,
    0x1D, 0xC9, 0x20, 0x20, 0x8F, 0x79, 0x08, 0xEE, 0xE4, 0x03, 0xD0, 0x03,
    0xEE, 0xE5, 0x03, 0x28, 0xD0, 0x06, 0xB1, 0x1D, 0xC9, 0x7F, 0x90, 0x05,
    0xA9, 0x20, 0x4C, 0x63, 0x6E, 0xB1, 0x1D, 0x20, 0x1C, 0x6F, 0xA0, 0x00,
    0x20, 0x89, 0x7B, 0xA0, 0x01, 0x18, 0x98, 0x71, 0x1D, 0x91, 0x1D, 0x20,
    0xCE, 0x77, 0xA0, 0x00, 0xB1, 0x1D, 0xC8, 0xD1, 0x1D, 0xB0, 0x0E, 0xA0,
    0x03, 0x20, 0xB0, 0x7C, 0xA0, 0x00, 0xB1, 0x1D, 0xA8, 0xB1, 0x25, 0xD0,
    0x9C, 0xA2, 0x00, 0xA1, 0x1D, 0x4C, 0xF0, 0x77, 0x20, 0xDF, 0x7A, 0xA2,
    0x00, 0xA1, 0x1D, 0x20, 0xF3, 0x7A, 0xA9, 0x28, 0x20, 0x3E, 0x7A, 0x85,
    0x25, 0x86, 0x26, 0xA0, 0x01, 0xB1, 0x1D, 0x18, 0x65, 0x25, 0xA6, 0x26,
    0x90, 0x01, 0xE8, 0x85, 0x25, 0x86, 0x26, 0x18, 0xA9, 0x3C, 0x65, 0x26,
    0x85, 0x26, 0x88, 0xB1, 0x25, 0x20, 0x4E, 0x6F, 0x4C, 0xDD, 0x77, 0x20,
    0xDF, 0x7A, 0xAD, 0xE4, 0x03, 0xAE, 0xE5, 0x03, 0x20, 0xF5, 0x7A, 0x4C,
    0xFA, 0x6E, 0xA0, 0x03, 0xB1, 0x1D, 0xF0, 0x0C, 0x20, 0xAE, 0x7C, 0xA0,
    0x00, 0xB1, 0x25, 0x09, 0x80, 0x4C, 0xF1, 0x6E, 0x20, 0xAE, 0x7C, 0xA0,
    0x00, 0xB1, 0x25, 0x29, 0x7F, 0x91, 0x25, 0xA2, 0x00, 0xA9, 0x01, 0x20,
    0x3F, 0x76, 0xA0, 0x02, 0xB1, 0x1D, 0x08, 0xB1, 0x1D, 0x38, 0xE9, 0x01,
    0x91, 0x1D, 0x28, 0xD0, 0xCD, 0x4C, 0xF0, 0x77, 0xA5, 0x02, 0x20, 0xDF,
    0x7A, 0xA5, 0x02, 0xA0, 0x00, 0xD1, 0x1D, 0xF0, 0xF8, 0x4C, 0xCE, 0x77,
    0x20, 0xDF, 0x7A, 0xA0, 0x00, 0xB1, 0x1D, 0x29, 0x7F, 0x91, 0x1D, 0xA2,
    0x00, 0xB1, 0x1D, 0xC9, 0x20, 0xB0, 0x0A, 0xA0, 0x40, 0x20, 0xC5, 0x77,
    0xA2, 0x00, 0x4C, 0xCE, 0x77, 0xB1, 0x1D, 0xC9, 0x60, 0xB0, 0x0A, 0xA0,
    0x20, 0x20, 0x00, 0x77, 0xA2, 0x00, 0x4C, 0xCE, 0x77, 0xB1, 0x1D, 0x4C,
    0xCE, 0x77, 0x20, 0xDF, 0x7A, 0xA0, 0x00, 0xB1, 0x1D, 0x29, 0x7F, 0x91,
    0x1D, 0xA2, 0x00, 0xB1, 0x1D, 0xC9, 0x40, 0xB0, 0x0A, 0xA0, 0x20, 0x20,
    0xC5, 0x77, 0xA2, 0x00, 0x4C, 0xCE, 0x77, 0xB1, 0x1D, 0xC9, 0x60, 0xB0,
    0x0A, 0xA0, 0x40, 0x20, 0x00, 0x77, 0xA2, 0x00, 0x4C, 0xCE, 0x77, 0xB1,
    0x1D, 0x4C, 0xCE, 0x77, 0xA9, 0x70, 0x20, 0xDF, 0x7A, 0xA9, 0xF5, 0x20,
    0xDF, 0x7A, 0xA9, 0x00, 0x20, 0xDF, 0x7A, 0x20, 0xDF, 0x7A, 0x20, 0xDF,
    0x7A, 0x20, 0xDF, 0x7A, 0x20, 0xDF, 0x7A, 0x20, 0xF1, 0x7A, 0x4C, 0x13,
    0x71, 0xA9, 0x70, 0x20, 0xDF, 0x7A, 0xA9, 0xEA, 0x20, 0xDF, 0x7A, 0xA9,
    0x10, 0x20, 0xDF, 0x7A, 0xA9, 0x00, 0x20, 0xDF, 0x7A, 0x20, 0xDF, 0x7A,
    0x20, 0xDF, 0x7A, 0x20, 0xDF, 0x7A, 0xA9, 0xE6, 0xA2, 0x03, 0x20, 0xF5,
    0x7A, 0xA2, 0x00, 0xA9, 0x01, 0x20, 0x13, 0x71, 0xA2, 0x00, 0xAD, 0xE6,
    0x03, 0x60, 0x20, 0xF5, 0x7A, 0xA9, 0x70, 0x20, 0xDF, 0x7A, 0xA9, 0xE4,
    0x20, 0xDF, 0x7A, 0xA9, 0x05, 0x20, 0xDF, 0x7A, 0xA0, 0x03, 0xB1, 0x1D,
    0x20, 0xDF, 0x7A, 0xA0, 0x05, 0x20, 0x46, 0x78, 0x8A, 0x20, 0xDF, 0x7A,
    0xA9, 0x00, 0x20, 0xDF, 0x7A, 0x20, 0xDF, 0x7A, 0x20, 0xF1, 0x7A, 0x20,
    0x13, 0x71, 0x4C, 0xDD, 0x77, 0xA2, 0x00, 0xAD, 0x09, 0xB4, 0xC9, 0x46,
    0xD0, 0x0E, 0xAD, 0x0A, 0xB4, 0xC9, 0x4E, 0xD0, 0x07, 0xAD, 0x0B, 0xB4,
    0xC9, 0x01, 0xF0, 0x02, 0x8A, 0x60, 0x60, 0xA2, 0x00, 0xAD, 0x06, 0xB4,
    0x60, 0xA2, 0x00, 0xAD, 0x07, 0xB4, 0x60, 0xA2, 0x00, 0xAD, 0x08, 0xB4,
    0x60, 0xA2, 0xB4, 0xA9, 0x16, 0x4C, 0x4B, 0x70, 0xA2, 0xB4, 0xA9, 0x19,
    0x4C, 0x4B, 0x70, 0xA2, 0x00, 0xAD, 0x12, 0xB4, 0x60, 0xA2, 0x00, 0xAD,
    0x1D, 0xB4, 0x60, 0x20, 0xF5, 0x7A, 0x20, 0x60, 0x77, 0xA0, 0x09, 0x20,
    0xB0, 0x7C, 0xA2, 0x00, 0xA1, 0x25, 0x20, 0x9B, 0x76, 0x20, 0xC3, 0x78,
    0xA0, 0x0D, 0x20, 0x46, 0x78, 0x20, 0xB0, 0x77, 0x85, 0x25, 0x86, 0x26,
    0xA2, 0x00, 0xA1, 0x25, 0x20, 0x9B, 0x76, 0xA4, 0x1F, 0x84, 0x20, 0x86,
    0x1F, 0xAA, 0xA9, 0x00, 0x20, 0x9C, 0x78, 0x20, 0xC3, 0x78, 0xA0, 0x0D,
    0x20, 0x46, 0x78, 0x20, 0xB7, 0x77, 0x85, 0x25, 0x86, 0x26, 0xA2, 0x00,
    0xA1, 0x25, 0x20, 0x9B, 0x76, 0x86, 0x20, 0x85, 0x1F, 0x8A, 0x20, 0x9C,
    0x78, 0x20, 0xAA, 0x7B, 0x20, 0x4D, 0x78, 0xA0, 0x04, 0x20, 0xAC, 0x7B,
    0xA0, 0x09, 0x20, 0xB0, 0x7C, 0xA2, 0x00, 0xA1, 0x25, 0x20, 0x9B, 0x76,
    0x20, 0xC3, 0x78, 0xA0, 0x0D, 0x20, 0x46, 0x78, 0x20, 0xB0, 0x77, 0x85,
    0x25, 0x86, 0x26, 0xA2, 0x00, 0xA1, 0x25, 0x20, 0x9B, 0x76, 0xA4, 0x1F,
    0x84, 0x20, 0x86, 0x1F, 0xAA, 0xA9, 0x00, 0x20, 0x9C, 0x78, 0x20, 0xC3,
    0x78, 0xA0, 0x0D, 0x20, 0x46, 0x78, 0x20, 0xB7, 0x77, 0x85, 0x25, 0x86,
    0x26, 0xA2, 0x00, 0xA1, 0x25, 0x20, 0x9B, 0x76, 0x86, 0x20, 0x85, 0x1F,
    0x8A, 0x20, 0x9C, 0x78, 0x20, 0xAA, 0x7B, 0xA0, 0x07, 0x20, 0x4F, 0x78,
    0x20, 0xC3, 0x78, 0xA0, 0x07, 0x20, 0x4F, 0x78, 0x20, 0x72, 0x78, 0xD0,
    0x97, 0xA0, 0x07, 0x20, 0x4F, 0x78, 0xA0, 0x0A, 0x4C, 0x51, 0x76, 0x20,
    0xF5, 0x7A, 0xA0, 0x0C, 0x20, 0x1E, 0x7C, 0xA9, 0x00, 0x8D, 0xE7, 0x03,
    0x8D, 0xE8, 0x03, 0xA0, 0x13, 0xB1, 0x1D, 0xA0, 0x08, 0x91, 0x1D, 0xA0,
    0x12, 0xB1, 0x1D, 0xA0, 0x09, 0x91, 0x1D, 0xA0, 0x11, 0xB1, 0x1D, 0xA0,
    0x0A, 0x91, 0x1D, 0xA0, 0x10, 0xB1, 0x1D, 0xA0, 0x0B, 0x91, 0x1D, 0xA0,
    0x14, 0xB1, 0x1D, 0x29, 0x07, 0x85, 0x25, 0x18, 0xA9, 0x81, 0x85, 0x26,
    0xA0, 0xA2, 0xB1, 0x25, 0xA0, 0x07, 0x91, 0x1D, 0xA0, 0x14, 0xB1, 0x1D,
    0x29, 0x07, 0x85, 0x25, 0x18, 0xA9, 0x81, 0x85, 0x26, 0xA0, 0xAA, 0xB1,
    0x25, 0xA0, 0x06, 0x91, 0x1D, 0xB1, 0x1D, 0xF0, 0x0D, 0xC8, 0xB1, 0x1D,
    0x20, 0xF3, 0x7A, 0xA0, 0x08, 0xB1, 0x1D, 0x20, 0x2B, 0x7C, 0xA0, 0x05,
    0x91, 0x1D, 0xA0, 0x14, 0xB1, 0x1D, 0x29, 0x08, 0xF0, 0x31, 0xA2, 0x00,
    0xA0, 0x07, 0xB1, 0x1D, 0x18, 0x88, 0x71, 0x1D, 0x90, 0x01, 0xE8, 0x85,
    0x25, 0x86, 0x26, 0xA0, 0x0D, 0x20, 0x46, 0x78, 0x18, 0x65, 0x25, 0x48,
    0x8A, 0x65, 0x26, 0xAA, 0x68, 0xC9, 0x41, 0x8A, 0xE9, 0x01, 0x90, 0x0B,
    0xA9, 0x04, 0x8D, 0xE9, 0x03, 0xA2, 0x00, 0x8A, 0x4C, 0x5D, 0x73, 0xA9,
    0x05, 0x20, 0xDF, 0x7A, 0xA9, 0x00, 0x20, 0xF3, 0x74, 0xA9, 0x00, 0x20,
    0xDF, 0x7A, 0xA0, 0x17, 0xB1, 0x1D, 0x20, 0xF3, 0x74, 0xA9, 0x01, 0x20,
    0xDF, 0x7A, 0xA0, 0x16, 0xB1, 0x1D, 0x20, 0xF3, 0x74, 0xA9, 0x02, 0x20,
    0xDF, 0x7A, 0xA9, 0x00, 0x20, 0xF3, 0x74, 0xA9, 0x00, 0xA0, 0x04, 0x91,
    0x1D, 0x88, 0x91, 0x1D, 0xA0, 0x06, 0xD1, 0x1D, 0xB0, 0x48, 0x88, 0xB1,
    0x1D, 0x20, 0xEE, 0x74, 0xA9, 0x00, 0xA0, 0x02, 0x91, 0x1D, 0xA0, 0x05,
    0xD1, 0x1D, 0xB0, 0x2C, 0xA9, 0x08, 0x20, 0x60, 0x78, 0x88, 0x18, 0x71,
    0x1D, 0x90, 0x01, 0xE8, 0x85, 0x25, 0x86, 0x26, 0xA0, 0x00, 0xB1, 0x25,
    0x48, 0xA0, 0x04, 0x18, 0xA9, 0x01, 0x71, 0x1D, 0x91, 0x1D, 0x68, 0x20,
    0xEE, 0x74, 0xA0, 0x02, 0x18, 0xA9, 0x01, 0x71, 0x1D, 0x4C, 0x00, 0x72,
    0xA0, 0x03, 0x18, 0xA9, 0x01, 0x71, 0x1D, 0x4C, 0xEE, 0x71, 0xB1, 0x1D,
    0xF0, 0x0C, 0xA9, 0x02, 0x20, 0xDF, 0x7A, 0xA0, 0x07, 0xB1, 0x1D, 0x20,
    0xF3, 0x74, 0xA0, 0x14, 0xB1, 0x1D, 0x29, 0x08, 0xF0, 0x39, 0xA0, 0x11,
    0x20, 0x1C, 0x7B, 0xA0, 0x11, 0x20, 0x1C, 0x7B, 0x4C, 0x7A, 0x72, 0xA0,
    0x03, 0x20, 0xB0, 0x7C, 0xA0, 0x00, 0xB1, 0x25, 0x48, 0xA0, 0x02, 0xA2,
    0x00, 0xA9, 0x01, 0x20, 0x41, 0x76, 0x68, 0x20, 0xEE, 0x74, 0xA0, 0x01,
    0xB1, 0x1D, 0x88, 0x11, 0x1D, 0x08, 0xA2, 0x00, 0xA9, 0x01, 0x20, 0x09,
    0x7C, 0x28, 0xD0, 0xD7, 0x20, 0xF0, 0x77, 0xA0, 0x16, 0xB1, 0x1D, 0x20,
    0xDF, 0x7A, 0xA0, 0x16, 0xB1, 0x1D, 0x20, 0xE8, 0x73, 0x20, 0x68, 0x73,
    0x8D, 0xE9, 0x03, 0xAD, 0xE9, 0x03, 0xF0, 0x06, 0xA2, 0x00, 0x8A, 0x4C,
    0x5D, 0x73, 0xAD, 0x03, 0xB4, 0xC9, 0x06, 0xF0, 0x0B, 0xA9, 0x90, 0x8D,
    0xE9, 0x03, 0xA2, 0x00, 0x8A, 0x4C, 0x5D, 0x73, 0xAE, 0x05, 0xB4, 0xAD,
    0x04, 0xB4, 0x20, 0x9F, 0x7B, 0xC9, 0x01, 0x8A, 0xE9, 0x04, 0x90, 0x07,
    0xA2, 0x04, 0xA9, 0x00, 0x20, 0x9F, 0x7B, 0xA0, 0x14, 0xB1, 0x1D, 0x29,
    0x10, 0xF0, 0x71, 0xA0, 0x11, 0x20, 0x1C, 0x7B, 0xA2, 0xB0, 0xA9, 0x00,
    0x20, 0xF5, 0x7A, 0x20, 0x12, 0x77, 0xA0, 0x07, 0x20, 0x46, 0x78, 0x38,
    0xA0, 0x12, 0xF1, 0x1D, 0x85, 0x2D, 0x8A, 0xC8, 0xF1, 0x1D, 0x05, 0x2D,
    0x90, 0x0A, 0xF0, 0x08, 0x20, 0x46, 0x78, 0xA0, 0x06, 0x20, 0xA1, 0x7B,
    0xA0, 0x07, 0x20, 0x46, 0x78, 0x20, 0x9F, 0x7B, 0xA0, 0x01, 0xB1, 0x1D,
    0x88, 0x11, 0x1D, 0xF0, 0x30, 0xA0, 0x05, 0x20, 0x46, 0x78, 0x85, 0x1F,
    0x86, 0x20, 0xA0, 0x03, 0x20, 0xB0, 0x7C, 0xA0, 0x00, 0xB1, 0x25, 0x91,
    0x1F, 0xA0, 0x04, 0xA2, 0x00, 0xA9, 0x01, 0x20, 0x41, 0x76, 0xA0, 0x02,
    0xA2, 0x00, 0xA9, 0x01, 0x20, 0x41, 0x76, 0xA2, 0x00, 0xA9, 0x01, 0x20,
    0x09, 0x7C, 0x4C, 0x14, 0x73, 0x20, 0xFA, 0x77, 0x20, 0x44, 0x78, 0x8D,
    0xE7, 0x03, 0x8E, 0xE8, 0x03, 0xA2, 0x00, 0xA9, 0x01, 0xA0, 0x17, 0x4C,
    0x51, 0x76, 0xAD, 0x26, 0x02, 0x4C, 0x68, 0x73, 0x20, 0xDF, 0x7A, 0xAD,
    0x00, 0xB4, 0x18, 0x69, 0x01, 0x20, 0xDF, 0x7A, 0x20, 0x2C, 0x77, 0xA0,
    0x05, 0xB1, 0x1D, 0xC9, 0x06, 0xB0, 0x05, 0xA9, 0x06, 0x4C, 0x86, 0x73,
    0xB1, 0x1D, 0x20, 0xF3, 0x7A, 0xA9, 0x3C, 0x20, 0x3E, 0x7A, 0xA0, 0x02,
    0x20, 0xA1, 0x7B, 0xA0, 0x04, 0xB1, 0x1D, 0xD0, 0x04, 0xA9, 0x01, 0x91,
    0x1D, 0xA5, 0x02, 0xA0, 0x01, 0x91, 0x1D, 0xA9, 0x10, 0x20, 0xDF, 0x7A,
    0xA0, 0x05, 0xB1, 0x1D, 0x20, 0xF3, 0x74, 0x4C, 0xD7, 0x73, 0xA5, 0x02,
    0xA0, 0x00, 0x91, 0x1D, 0xC8, 0xD1, 0x1D, 0xF0, 0x1A, 0x88, 0xB1, 0x1D,
    0xC8, 0x91, 0x1D, 0xA2, 0x00, 0x98, 0xC8, 0x20, 0x0B, 0x7C, 0xE0, 0x00,
    0xD0, 0x09, 0xC9, 0x00, 0xD0, 0x05, 0xA9, 0xFF, 0x4C, 0xFA, 0x77, 0xAD,
    0x00, 0xB4, 0xA0, 0x04, 0xD1, 0x1D, 0xD0, 0xD2, 0xA2, 0x00, 0xAD, 0x02,
    0xB4, 0x4C, 0xFA, 0x77, 0x20, 0xDF, 0x7A, 0xAD, 0x26, 0x02, 0x20, 0xDF,
    0x7A, 0xA0, 0x01, 0xB1, 0x1D, 0xC9, 0xF8, 0xF0, 0x04, 0xC9, 0xD8, 0xD0,
    0x0E, 0x88, 0xA2, 0x00, 0xB1, 0x1D, 0xC9, 0x3D, 0xB0, 0x32, 0xA9, 0x3D,
    0x4C, 0x34, 0x74, 0xC8, 0xB1, 0x1D, 0xC9, 0x71, 0x90, 0x24, 0xC9, 0x79,
    0xB0, 0x20, 0x88, 0xB1, 0x1D, 0xC9, 0x4F, 0xF0, 0x0C, 0xC9, 0x43, 0xF0,
    0x08, 0xC9, 0x53, 0xF0, 0x04, 0xC9, 0x52, 0xD0, 0x0D, 0x88, 0xA2, 0x00,
    0xB1, 0x1D, 0xC9, 0x5B, 0xB0, 0x06, 0xA9, 0x5B, 0x91, 0x1D, 0xA2, 0x00,
    0xA1, 0x1D, 0x4C, 0xEB, 0x77, 0x48, 0x8A, 0x48, 0x98, 0x48, 0xE6, 0x02,
    0xD0, 0x04, 0xE6, 0x04, 0xE6, 0x01, 0xAD, 0xEC, 0x03, 0xF0, 0x03, 0xCE,
    0xEC, 0x03, 0xA5, 0x03, 0xD0, 0x39, 0xA5, 0x06, 0x8D, 0x03, 0xD4, 0xA5,
    0x05, 0x8D, 0x02, 0xD4, 0xA5, 0x07, 0x8D, 0x00, 0xD4, 0xA4, 0x04, 0x10,
    0x04, 0xA0, 0x80, 0x84, 0x04, 0xA2, 0x08, 0xB5, 0x08, 0xC0, 0x80, 0x90,
    0x04, 0x45, 0x01, 0x29, 0xF6, 0x9D, 0x12, 0xC0, 0xCA, 0x10, 0xF0, 0xA2,
    0x07, 0xBD, 0x00, 0xE8, 0x95, 0x11, 0xCA, 0x10, 0xF8, 0x8D, 0x0B, 0xE8,
    0x6C, 0x04, 0x02, 0x68, 0xA8, 0x68, 0xAA, 0x68, 0x40, 0x40, 0x48, 0xAD,
    0x0E, 0xE8, 0x29, 0x40, 0xD0, 0x0D, 0xA9, 0xBF, 0x8D, 0x0E, 0xE8, 0xA5,
    0x00, 0x8D, 0x0E, 0xE8, 0x6C, 0x08, 0x02, 0xA9, 0x00, 0x8D, 0x0E, 0xE8,
    0xA5, 0x00, 0x8D, 0x0E, 0xE8, 0x68, 0x40, 0x68, 0x40, 0x8A, 0x48, 0x98,
    0x48, 0xAD, 0x09, 0xE8, 0x4A, 0x29, 0x0F, 0xAA, 0xBD, 0xCE, 0x81, 0x6C,
    0x0A, 0x02, 0xA2, 0x04, 0xCD, 0xEB, 0x03, 0xD0, 0x0A, 0xAC, 0xEC, 0x03,
    0x8E, 0xEC, 0x03, 0xC0, 0x00, 0xD0, 0x10, 0x8E, 0xEC, 0x03, 0x8D, 0xEB,
    0x03, 0x18, 0x69, 0x01, 0x8D, 0xEA, 0x03, 0xA9, 0x00, 0x85, 0x04, 0x4C,
    0x8F, 0x74, 0xA8, 0xB9, 0x00, 0xB7, 0x60, 0x85, 0x2D, 0x20, 0xC1, 0x7A,
    0xAA, 0xBD, 0x00, 0xB5, 0xA4, 0x2D, 0xB9, 0x00, 0xB6, 0x60, 0xAD, 0x11,
    0xB5, 0xA0, 0xB5, 0xB9, 0x00, 0xB6, 0x4C, 0x18, 0x75, 0xAD, 0x14, 0xB5,
    0xA0, 0xC5, 0xB9, 0x00, 0xB6, 0x4C, 0x18, 0x75, 0xA2, 0x78, 0xA5, 0x02,
    0x85, 0x2D, 0xAD, 0x1C, 0xB4, 0xD0, 0x0F, 0xA5, 0x02, 0xC5, 0x2D, 0xF0,
    0xF5, 0x85, 0x2D, 0xCA, 0xD0, 0xF0, 0xA9, 0x00, 0xAA, 0x60, 0x78, 0xA9,
    0x00, 0x8D, 0x0E, 0xD4, 0x8D, 0x0F, 0xD4, 0x8D, 0x00, 0xD4, 0x8D, 0x1D,
    0xC0, 0x8D, 0x0E, 0xE8, 0xAD, 0x0B, 0xD4, 0xC9, 0x7C, 0x90, 0xF9, 0xA9,
    0x00, 0xAA, 0x9D, 0x00, 0xE8, 0x9D, 0x00, 0xC0, 0x9D, 0x00, 0xD4, 0xE8,
    0xD0, 0xF4, 0x95, 0x00, 0x9D, 0x00, 0x01, 0x9D, 0x00, 0x02, 0x9D, 0x00,
    0x03, 0x9D, 0x00, 0x04, 0x9D, 0x00, 0x05, 0x9D, 0x00, 0x06, 0x9D, 0x00,
    0x07, 0x9D, 0x00, 0x08, 0x9D, 0x00, 0x09, 0x9D, 0x00, 0x0A, 0x9D, 0x00,
    0x0B, 0x9D, 0x00, 0x0C, 0x9D, 0x00, 0x0D, 0x9D, 0x00, 0x0E, 0x9D, 0x00,
    0x0F, 0x9D, 0x00, 0x10, 0x9D, 0x00, 0x11, 0x9D, 0x00, 0x12, 0x9D, 0x00,
    0x13, 0x9D, 0x00, 0x14, 0x9D, 0x00, 0x15, 0x9D, 0x00, 0x16, 0x9D, 0x00,
    0x17, 0x9D, 0x00, 0x18, 0x9D, 0x00, 0x19, 0x9D, 0x00, 0x1A, 0x9D, 0x00,
    0x1B, 0x9D, 0x00, 0x1C, 0x9D, 0x00, 0x1D, 0x9D, 0x00, 0x1E, 0x9D, 0x00,
    0x1F, 0xE8, 0xD0, 0x9E, 0x9D, 0x00, 0x20, 0x9D, 0x00, 0x21, 0x9D, 0x00,
    0x22, 0x9D, 0x00, 0x23, 0x9D, 0x00, 0x24, 0x9D, 0x00, 0x25, 0x9D, 0x00,
    0x26, 0x9D, 0x00, 0x27, 0x9D, 0x00, 0x28, 0x9D, 0x00, 0x29, 0x9D, 0x00,
    0x2A, 0x9D, 0x00, 0x2B, 0x9D, 0x00, 0x2C, 0x9D, 0x00, 0x2D, 0x9D, 0x00,
    0x2E, 0x9D, 0x00, 0x2F, 0x9D, 0x00, 0x30, 0x9D, 0x00, 0x31, 0x9D, 0x00,
    0x32, 0x9D, 0x00, 0x33, 0x9D, 0x00, 0x34, 0x9D, 0x00, 0x35, 0x9D, 0x00,
    0x36, 0x9D, 0x00, 0x37, 0x9D, 0x00, 0x38, 0x9D, 0x00, 0x39, 0x9D, 0x00,
    0x3A, 0x9D, 0x00, 0x3B, 0x9D, 0x00, 0x3C, 0x9D, 0x00, 0x3D, 0x9D, 0x00,
    0x3E, 0x9D, 0x00, 0x3F, 0xE8, 0xD0, 0x9D, 0x18, 0x4C, 0xF0, 0xB5, 0xA2,
    0x00, 0x18, 0xA0, 0x00, 0x71, 0x1D, 0xC8, 0x85, 0x2D, 0x8A, 0x71, 0x1D,
    0xAA, 0x18, 0xA5, 0x1D, 0x69, 0x02, 0x85, 0x1D, 0x90, 0x02, 0xE6, 0x1E,
    0xA5, 0x2D, 0x60, 0xA0, 0x00, 0x18, 0x71, 0x1D, 0x91, 0x1D, 0x48, 0xC8,
    0x8A, 0x71, 0x1D, 0x91, 0x1D, 0xAA, 0x68, 0x60, 0xC8, 0x48, 0x18, 0x98,
    0x65, 0x1D, 0x85, 0x1D, 0x90, 0x02, 0xE6, 0x1E, 0x68, 0x60, 0xA2, 0x00,
    0xA0, 0x00, 0x31, 0x1D, 0xC8, 0x48, 0x8A, 0x31, 0x1D, 0xAA, 0x68, 0x4C,
    0x50, 0x76, 0x86, 0x2D, 0x0A, 0x26, 0x2D, 0xA6, 0x2D, 0x60, 0x86, 0x2D,
    0x0A, 0x26, 0x2D, 0x0A, 0x26, 0x2D, 0x0A, 0x26, 0x2D, 0xA6, 0x2D, 0x60,
    0x86, 0x2D, 0x0A, 0x26, 0x2D, 0x0A, 0x26, 0x2D, 0x0A, 0x26, 0x2D, 0x0A,
    0x26, 0x2D, 0xA6, 0x2D, 0x60, 0xA0, 0xFF, 0xE0, 0x80, 0xB0, 0x02, 0xA0,
    0x00, 0x84, 0x1F, 0x84, 0x20, 0x60, 0xAD, 0x27, 0x02, 0xAE, 0x28, 0x02,
    0x20, 0xF5, 0x7A, 0xAD, 0x29, 0x02, 0xAE, 0x2A, 0x02, 0x20, 0xF5, 0x7A,
    0xA0, 0x04, 0x4C, 0x11, 0x42, 0xA0, 0x00, 0xF0, 0x07, 0xA9, 0xFA, 0xA2,
    0x81, 0x4C, 0x2B, 0x02, 0x60, 0xA9, 0x26, 0x85, 0x25, 0xA9, 0x84, 0x85,
    0x26, 0xA9, 0x1C, 0x85, 0x27, 0xA9, 0x02, 0x85, 0x28, 0xA2, 0xCB, 0xA9,
    0xFF, 0x85, 0x2D, 0xA0, 0x00, 0xE8, 0xF0, 0x0D, 0xB1, 0x25, 0x91, 0x27,
    0xC8, 0xD0, 0xF6, 0xE6, 0x26, 0xE6, 0x28, 0xD0, 0xF0, 0xE6, 0x2D, 0xD0,
    0xEF, 0x60, 0x38, 0xE9, 0x01, 0xB0, 0x01, 0xCA, 0x60, 0x38, 0xE9, 0x02,
    0xB0, 0x01, 0xCA, 0x60, 0x84, 0x2D, 0x38, 0xE5, 0x2D, 0xB0, 0x01, 0xCA,
    0x60, 0xA4, 0x1D, 0xD0, 0x02, 0xC6, 0x1E, 0xC6, 0x1D, 0x60, 0xA5, 0x1D,
    0x38, 0xE9, 0x02, 0x85, 0x1D, 0x90, 0x01, 0x60, 0xC6, 0x1E, 0x60, 0xA5,
    0x1D, 0x38, 0xE9, 0x03, 0x85, 0x1D, 0x90, 0x01, 0x60, 0xC6, 0x1E, 0x60,
    0xA5, 0x1D, 0x38, 0xE9, 0x04, 0x85, 0x1D, 0x90, 0x01, 0x60, 0xC6, 0x1E,
    0x60, 0xA5, 0x1D, 0x38, 0xE9, 0x05, 0x85, 0x1D, 0x90, 0x01, 0x60, 0xC6,
    0x1E, 0x60, 0xA5, 0x1D, 0x38, 0xE9, 0x06, 0x85, 0x1D, 0x90, 0x01, 0x60,
    0xC6, 0x1E, 0x60, 0xA5, 0x1D, 0x38, 0xE9, 0x07, 0x85, 0x1D, 0x90, 0x01,
    0x60, 0xC6, 0x1E, 0x60, 0xA5, 0x1D, 0x38, 0xE9, 0x08, 0x85, 0x1D, 0x90,
    0x01, 0x60, 0xC6, 0x1E, 0x60, 0xA2, 0x00, 0x20, 0x36, 0x7B, 0xA6, 0x26,
    0xA5, 0x2D, 0x45, 0x2E, 0x10, 0x05, 0xA5, 0x25, 0x4C, 0xA1, 0x7A, 0xA5,
    0x25, 0x60, 0xA2, 0x00, 0x85, 0x1F, 0x86, 0x20, 0xA0, 0x00, 0xB1, 0x1D,
    0xAA, 0xE6, 0x1D, 0xD0, 0x02, 0xE6, 0x1E, 0xB1, 0x1D, 0xE6, 0x1D, 0xD0,
    0x02, 0xE6, 0x1E, 0x38, 0xE5, 0x20, 0xD0, 0x09, 0xE4, 0x1F, 0xF0, 0x04,
    0x69, 0xFF, 0x09, 0x01, 0x60, 0x50, 0xFD, 0x49, 0xFF, 0x09, 0x01, 0x60,
    0x18, 0x69, 0x01, 0x90, 0x01, 0xE8, 0x60, 0x18, 0x69, 0x02, 0x90, 0x01,
    0xE8, 0x60, 0xA0, 0x07, 0x4C, 0xC5, 0x77, 0xA0, 0x04, 0x84, 0x2D, 0x18,
    0x65, 0x2D, 0x90, 0x01, 0xE8, 0x60, 0xE6, 0x1D, 0xD0, 0x02, 0xE6, 0x1E,
    0x60, 0xA0, 0x01, 0xB1, 0x1D, 0xAA, 0x88, 0xB1, 0x1D, 0xE6, 0x1D, 0xF0,
    0x05, 0xE6, 0x1D, 0xF0, 0x03, 0x60, 0xE6, 0x1D, 0xE6, 0x1E, 0x60, 0xA0,
    0x03, 0x4C, 0x51, 0x76, 0xA0, 0x04, 0x4C, 0x51, 0x76, 0xA0, 0x05, 0x4C,
    0x51, 0x76, 0xA0, 0x06, 0x4C, 0x51, 0x76, 0xA0, 0x07, 0x4C, 0x51, 0x76,
    0xA0, 0x08, 0x4C, 0x51, 0x76, 0x85, 0x25, 0x86, 0x26, 0xA0, 0x03, 0xB1,
    0x1D, 0x38, 0xE5, 0x20, 0xD0, 0x22, 0x88, 0xB1, 0x1D, 0xC5, 0x1F, 0xD0,
    0x0C, 0x88, 0xB1, 0x1D, 0xC5, 0x26, 0xD0, 0x05, 0x88, 0xB1, 0x1D, 0xC5,
    0x25, 0x08, 0x20, 0xF0, 0x77, 0x28, 0xF0, 0x04, 0xB0, 0x03, 0xA9, 0xFF,
    0x60, 0xA9, 0x01, 0x60, 0x50, 0x04, 0x49, 0xFF, 0x09, 0x01, 0x08, 0x20,
    0xF0, 0x77, 0x28, 0x60, 0xA0, 0x01, 0xB1, 0x1D, 0xAA, 0x88, 0xB1, 0x1D,
    0x60, 0xA0, 0x03, 0xB1, 0x1D, 0x85, 0x20, 0x88, 0xB1, 0x1D, 0x85, 0x1F,
    0x88, 0xB1, 0x1D, 0xAA, 0x88, 0xB1, 0x1D, 0x60, 0xA2, 0x00, 0x18, 0x65,
    0x1D, 0x48, 0x8A, 0x65, 0x1E, 0xAA, 0x68, 0x60, 0x20, 0x09, 0x78, 0x4C,
    0x76, 0x79, 0x20, 0x09, 0x78, 0x4C, 0x70, 0x79, 0x18, 0x49, 0xFF, 0x69,
    0x01, 0x48, 0x8A, 0x49, 0xFF, 0x69, 0x00, 0xAA, 0xA5, 0x1F, 0x49, 0xFF,
    0x69, 0x00, 0x85, 0x1F, 0xA5, 0x20, 0x49, 0xFF, 0x69, 0x00, 0x85, 0x20,
    0x68, 0x60, 0xA0, 0x00, 0x84, 0x1F, 0x84, 0x20, 0xA0, 0x00, 0x11, 0x1D,
    0xC8, 0x85, 0x2D, 0x8A, 0x11, 0x1D, 0xAA, 0xC8, 0xA5, 0x1F, 0x11, 0x1D,
    0x85, 0x1F, 0xC8, 0xA5, 0x20, 0x11, 0x1D, 0x85, 0x20, 0xA5, 0x2D, 0x4C,
    0x50, 0x76, 0xA9, 0x00, 0xAA, 0xA0, 0x00, 0x84, 0x1F, 0x84, 0x20, 0x48,
    0x20, 0x2C, 0x77, 0xA0, 0x03, 0xA5, 0x20, 0x91, 0x1D, 0x88, 0xA5, 0x1F,
    0x91, 0x1D, 0x88, 0x8A, 0x91, 0x1D, 0x68, 0x88, 0x91, 0x1D, 0x60, 0x85,
    0x2D, 0x20, 0xD5, 0x77, 0x85, 0x27, 0x86, 0x28, 0x85, 0x29, 0x86, 0x2A,
    0x20, 0xCD, 0x7A, 0x20, 0xD5, 0x77, 0x85, 0x1F, 0x86, 0x20, 0x60, 0x20,
    0xDB, 0x78, 0xA6, 0x20, 0xA4, 0x2D, 0xC0, 0x0A, 0xD0, 0x39, 0xA5, 0x1F,
    0x05, 0x26, 0x05, 0x25, 0xD0, 0x11, 0xE0, 0x80, 0xD0, 0x0D, 0xA0, 0x0B,
    0xB9, 0xEE, 0x81, 0x91, 0x27, 0x88, 0x10, 0xF8, 0x4C, 0x6B, 0x79, 0x8A,
    0x10, 0x1D, 0xA9, 0x2D, 0xA0, 0x00, 0x91, 0x27, 0xE6, 0x27, 0xD0, 0x02,
    0xE6, 0x28, 0xA5, 0x25, 0xA6, 0x26, 0x20, 0x78, 0x78, 0x85, 0x25, 0x86,
    0x26, 0x4C, 0x37, 0x79, 0x20, 0xDB, 0x78, 0xA9, 0x00, 0x48, 0xA0, 0x20,
    0xA9, 0x00, 0x06, 0x25, 0x26, 0x26, 0x26, 0x1F, 0x26, 0x20, 0x2A, 0xC5,
    0x2D, 0x90, 0x04, 0xE5, 0x2D, 0xE6, 0x25, 0x88, 0xD0, 0xEC, 0xA8, 0xB9,
    0xDE, 0x81, 0x48, 0xA5, 0x25, 0x05, 0x26, 0x05, 0x1F, 0x05, 0x20, 0xD0,
    0xD9, 0xA0, 0x00, 0x68, 0x91, 0x27, 0xF0, 0x03, 0xC8, 0xD0, 0xF8, 0xA5,
    0x29, 0xA6, 0x2A, 0x60, 0xD0, 0x06, 0xA2, 0x00, 0x8A, 0x60, 0xD0, 0xFA,
    0xA2, 0x00, 0xA9, 0x01, 0x60, 0xF0, 0xF9, 0x30, 0xF7, 0xA2, 0x00, 0x8A,
    0x60, 0xF0, 0x02, 0x10, 0xEF, 0xA2, 0x00, 0x8A, 0x60, 0xF0, 0xE9, 0x90,
    0xE7, 0xA2, 0x00, 0x8A, 0x60, 0xF0, 0xDB, 0xA2, 0x00, 0x8A, 0x2A, 0x60,
    0x85, 0x29, 0x86, 0x2A, 0xA2, 0x00, 0xF0, 0x08, 0x85, 0x29, 0x86, 0x2A,
    0x20, 0xD5, 0x77, 0xAA, 0xA0, 0x01, 0xB1, 0x1D, 0x85, 0x26, 0x88, 0xB1,
    0x1D, 0x85, 0x25, 0x46, 0x2A, 0x66, 0x29, 0x90, 0x09, 0x8A, 0x91, 0x25,
    0xE6, 0x25, 0xD0, 0x02, 0xE6, 0x26, 0xA5, 0x25, 0x18, 0x65, 0x29, 0x85,
    0x27, 0xA5, 0x26, 0x65, 0x2A, 0x85, 0x28, 0x8A, 0xA6, 0x2A, 0xF0, 0x13,
    0x91, 0x25, 0x91, 0x27, 0xC8, 0x91, 0x25, 0x91, 0x27, 0xC8, 0xD0, 0xF4,
    0xE6, 0x26, 0xE6, 0x28, 0xCA, 0xD0, 0xED, 0xA4, 0x29, 0xF0, 0x07, 0x88,
    0x91, 0x25, 0x91, 0x27, 0xD0, 0xF9, 0x4C, 0xD5, 0x77, 0x85, 0x2B, 0x8A,
    0xF0, 0x2E, 0x86, 0x2C, 0x20, 0xCD, 0x7A, 0x98, 0xA4, 0x26, 0xF0, 0x27,
    0x85, 0x2D, 0xA0, 0x10, 0x46, 0x2C, 0x66, 0x2B, 0x90, 0x0B, 0x18, 0x65,
    0x25, 0xAA, 0xA5, 0x26, 0x65, 0x2D, 0x85, 0x2D, 0x8A, 0x66, 0x2D, 0x6A,
    0x66, 0x2C, 0x66, 0x2B, 0x88, 0xD0, 0xE9, 0xA5, 0x2B, 0xA6, 0x2C, 0x60,
    0x4C, 0x40, 0x7A, 0x86, 0x26, 0xA4, 0x25, 0xA6, 0x2B, 0x86, 0x25, 0x84,
    0x2B, 0xA0, 0x08, 0x4C, 0x4A, 0x7A, 0x85, 0x2B, 0x20, 0xCD, 0x7A, 0x98,
    0xA0, 0x08, 0xA6, 0x26, 0xF0, 0x1D, 0x85, 0x2C, 0x46, 0x2B, 0x90, 0x0B,
    0x18, 0x65, 0x25, 0xAA, 0xA5, 0x26, 0x65, 0x2C, 0x85, 0x2C, 0x8A, 0x66,
    0x2C, 0x6A, 0x66, 0x2B, 0x88, 0xD0, 0xEB, 0xAA, 0xA5, 0x2B, 0x60, 0x46,
    0x2B, 0x90, 0x03, 0x18, 0x65, 0x25, 0x6A, 0x66, 0x2B, 0x88, 0xD0, 0xF5,
    0xAA, 0xA5, 0x2B, 0x60, 0x85, 0x25, 0x86, 0x26, 0x0A, 0x26, 0x26, 0x18,
    0x65, 0x25, 0x48, 0x8A, 0x65, 0x26, 0xAA, 0x68, 0x60, 0x85, 0x25, 0x86,
    0x26, 0x0A, 0x26, 0x26, 0x0A, 0x26, 0x26, 0x18, 0x65, 0x25, 0x48, 0x8A,
    0x65, 0x26, 0xAA, 0x68, 0x60, 0xE0, 0x00, 0x10, 0x0D, 0x18, 0x49, 0xFF,
    0x69, 0x01, 0x48, 0x8A, 0x49, 0xFF, 0x69, 0x00, 0xAA, 0x68, 0x60, 0xA2,
    0x00, 0xA0, 0x00, 0x11, 0x1D, 0xC8, 0x85, 0x2D, 0x8A, 0x11, 0x1D, 0xAA,
    0xA5, 0x2D, 0x4C, 0x50, 0x76, 0xA0, 0x00, 0xB1, 0x1D, 0xE6, 0x1D, 0xF0,
    0x01, 0x60, 0xE6, 0x1E, 0x60, 0xA0, 0x01, 0xB1, 0x1D, 0x85, 0x26, 0x88,
    0xB1, 0x1D, 0x85, 0x25, 0x4C, 0xDD, 0x77, 0xA0, 0x00, 0xB1, 0x1D, 0xA4,
    0x1D, 0xF0, 0x07, 0xC6, 0x1D, 0xA0, 0x00, 0x91, 0x1D, 0x60, 0xC6, 0x1E,
    0xC6, 0x1D, 0x91, 0x1D, 0x60, 0xA9, 0x00, 0xA2, 0x00, 0x48, 0xA5, 0x1D,
    0x38, 0xE9, 0x02, 0x85, 0x1D, 0xB0, 0x02, 0xC6, 0x1E, 0xA0, 0x01, 0x8A,
    0x91, 0x1D, 0x68, 0x88, 0x91, 0x1D, 0x60, 0xA0, 0x01, 0x85, 0x25, 0x86,
    0x26, 0xB1, 0x25, 0xAA, 0x88, 0xB1, 0x25, 0x4C, 0xF5, 0x7A, 0xA0, 0x03,
    0xA5, 0x1D, 0x38, 0xE9, 0x02, 0x85, 0x1D, 0xB0, 0x02, 0xC6, 0x1E, 0xB1,
    0x1D, 0xAA, 0x88, 0xB1, 0x1D, 0xA0, 0x00, 0x91, 0x1D, 0xC8, 0x8A, 0x91,
    0x1D, 0x60, 0x86, 0x2E, 0xE0, 0x00, 0x10, 0x03, 0x20, 0xA1, 0x7A, 0x85,
    0x2B, 0x86, 0x2C, 0x20, 0xD5, 0x77, 0x86, 0x2D, 0xE0, 0x00, 0x10, 0x03,
    0x20, 0xA1, 0x7A, 0x85, 0x25, 0x86, 0x26, 0x4C, 0x3C, 0x7C, 0x85, 0x2D,
    0x20, 0xD5, 0x77, 0xA4, 0x2D, 0x48, 0x98, 0x29, 0x0F, 0xF0, 0x10, 0x38,
    0xE9, 0x08, 0xF0, 0x0D, 0x90, 0x10, 0xA8, 0x68, 0x0A, 0x88, 0xD0, 0xFC,
    0xAA, 0x98, 0x60, 0x68, 0x60, 0x68, 0xAA, 0xA9, 0x00, 0x60, 0x69, 0x08,
    0xA8, 0x68, 0x86, 0x2D, 0x0A, 0x26, 0x2D, 0x88, 0xD0, 0xFA, 0xA6, 0x2D,
    0x60, 0x48, 0x84, 0x2D, 0xA0, 0x01, 0xB1, 0x1D, 0x85, 0x26, 0x88, 0xB1,
    0x1D, 0x85, 0x25, 0xA4, 0x2D, 0x68, 0x91, 0x25, 0x4C, 0xDD, 0x77, 0xA0,
    0x00, 0x91, 0x1D, 0xC8, 0x48, 0x8A, 0x91, 0x1D, 0x68, 0x60, 0xA0, 0x00,
    0x91, 0x1D, 0xC8, 0x48, 0x8A, 0x91, 0x1D, 0xC8, 0xA5, 0x1F, 0x91, 0x1D,
    0xC8, 0xA5, 0x20, 0x91, 0x1D, 0x68, 0x60, 0x85, 0x25, 0x86, 0x26, 0x20,
    0xD5, 0x77, 0x85, 0x27, 0x86, 0x28, 0xA0, 0x00, 0xB1, 0x25, 0x91, 0x27,
    0xF0, 0x09, 0xC8, 0xD0, 0xF7, 0xE6, 0x26, 0xE6, 0x28, 0xD0, 0xF1, 0xA5,
    0x27, 0x60, 0x85, 0x2B, 0x86, 0x2C, 0xA2, 0x00, 0xA0, 0x00, 0xB1, 0x2B,
    0xF0, 0x08, 0xC8, 0xD0, 0xF9, 0xE6, 0x2C, 0xE8, 0xD0, 0xF4, 0x98, 0x60,
    0xA2, 0x00, 0x38, 0x49, 0xFF, 0xA0, 0x00, 0x71, 0x1D, 0xC8, 0x48, 0x8A,
    0x49, 0xFF, 0x71, 0x1D, 0xAA, 0x68, 0x4C, 0x50, 0x76, 0xA0, 0x00, 0x38,
    0x49, 0xFF, 0x71, 0x1D, 0x91, 0x1D, 0x48, 0xC8, 0x8A, 0x49, 0xFF, 0x71,
    0x1D, 0x91, 0x1D, 0xAA, 0x68, 0x60, 0x98, 0x49, 0xFF, 0x38, 0x65, 0x1D,
    0x85, 0x1D, 0xB0, 0x02, 0xC6, 0x1E, 0x60, 0xA2, 0x00, 0x85, 0x2B, 0x86,
    0x2C, 0x20, 0xCD, 0x7A, 0x20, 0x3C, 0x7C, 0xA5, 0x25, 0xA6, 0x26, 0x60,
    0xA9, 0x00, 0x85, 0x20, 0xA0, 0x10, 0xA6, 0x2C, 0xF0, 0x1F, 0x06, 0x25,
    0x26, 0x26, 0x2A, 0x26, 0x20, 0xAA, 0xC5, 0x2B, 0xA5, 0x20, 0xE5, 0x2C,
    0x90, 0x08, 0x85, 0x20, 0x8A, 0xE5, 0x2B, 0xAA, 0xE6, 0x25, 0x8A, 0x88,
    0xD0, 0xE4, 0x85, 0x1F, 0x60, 0x06, 0x25, 0x26, 0x26, 0x2A, 0xB0, 0x04,
    0xC5, 0x2B, 0x90, 0x04, 0xE5, 0x2B, 0xE6, 0x25, 0x88, 0xD0, 0xEE, 0x85,
    0x1F, 0x60, 0xA2, 0x00, 0x85, 0x2B, 0x86, 0x2C, 0x20, 0xCD, 0x7A, 0x20,
    0x3C, 0x7C, 0xA5, 0x1F, 0xA6, 0x20, 0x60, 0xA9, 0x50, 0x85, 0x25, 0xA9,
    0x02, 0x85, 0x26, 0xA9, 0x00, 0xA8, 0xA2, 0x01, 0xF0, 0x0A, 0x91, 0x25,
    0xC8, 0xD0, 0xFB, 0xE6, 0x26, 0xCA, 0xD0, 0xF6, 0xC0, 0x9D, 0xF0, 0x05,
    0x91, 0x25, 0xC8, 0xD0, 0xF7, 0x60, 0xA0, 0x01, 0xB1, 0x1D, 0x85, 0x26,
    0x88, 0xB1, 0x1D, 0x85, 0x25, 0x60, 0x28, 0x43, 0x29, 0x20, 0x46, 0x55,
    0x4A, 0x49, 0x4E, 0x45, 0x54, 0x20, 0x50, 0x52, 0x4F, 0x4A, 0x45, 0x43,
    0x54, 0x00, 0x46, 0x4F, 0x52, 0x20, 0x54, 0x48, 0x45, 0x20, 0x41, 0x54,
    0x41, 0x52, 0x49, 0x20, 0x35, 0x32, 0x30, 0x30, 0x00, 0x3F, 0x4E, 0x4F,
    0x20, 0x46, 0x55, 0x4A, 0x49, 0x4E, 0x45, 0x54, 0x20, 0x43, 0x41, 0x52,
    0x54, 0x00, 0x20, 0x45, 0x52, 0x52, 0x4F, 0x52, 0x20, 0x00, 0x4F, 0x4B,
    0x00, 0x3F, 0x00, 0x46, 0x55, 0x4A, 0x49, 0x4E, 0x45, 0x54, 0x20, 0x43,
    0x4F, 0x4E, 0x46, 0x49, 0x47, 0x00, 0x23, 0x2D, 0x2D, 0x53, 0x45, 0x4C,
    0x45, 0x43, 0x54, 0x20, 0x20, 0x53, 0x54, 0x41, 0x52, 0x54, 0x2D, 0x2D,
    0x52, 0x45, 0x53, 0x43, 0x41, 0x4E, 0x00, 0x50, 0x4C, 0x45, 0x41, 0x53,
    0x45, 0x20, 0x57, 0x41, 0x49, 0x54, 0x20, 0x20, 0x2A, 0x2D, 0x2D, 0x43,
    0x41, 0x4E, 0x43, 0x45, 0x4C, 0x00, 0x4F, 0x54, 0x48, 0x45, 0x52, 0x20,
    0x28, 0x54, 0x59, 0x50, 0x45, 0x20, 0x41, 0x4E, 0x20, 0x53, 0x53, 0x49,
    0x44, 0x29, 0x00, 0x3F, 0x4E, 0x4F, 0x20, 0x53, 0x53, 0x49, 0x44, 0x20,
    0x41, 0x56, 0x41, 0x49, 0x4C, 0x41, 0x42, 0x4C, 0x45, 0x00, 0x3F, 0x55,
    0x4E, 0x41, 0x42, 0x4C, 0x45, 0x20, 0x54, 0x4F, 0x20, 0x43, 0x4F, 0x4E,
    0x4E, 0x45, 0x43, 0x54, 0x00, 0x3F, 0x43, 0x4F, 0x4E, 0x4E, 0x45, 0x43,
    0x54, 0x49, 0x4F, 0x4E, 0x20, 0x4C, 0x4F, 0x53, 0x54, 0x00, 0x3F, 0x43,
    0x4F, 0x4E, 0x4E, 0x45, 0x43, 0x54, 0x20, 0x46, 0x41, 0x49, 0x4C, 0x45,
    0x44, 0x00, 0x53, 0x45, 0x54, 0x54, 0x49, 0x4E, 0x47, 0x20, 0x53, 0x53,
    0x49, 0x44, 0x2E, 0x2E, 0x2E, 0x00, 0x4A, 0x4F, 0x49, 0x4E, 0x49, 0x4E,
    0x47, 0x20, 0x4E, 0x45, 0x54, 0x57, 0x4F, 0x52, 0x4B, 0x00, 0x53, 0x45,
    0x4C, 0x45, 0x43, 0x54, 0x20, 0x4E, 0x45, 0x54, 0x57, 0x4F, 0x52, 0x4B,
    0x00, 0x53, 0x43, 0x41, 0x4E, 0x4E, 0x49, 0x4E, 0x47, 0x2E, 0x2E, 0x2E,
    0x00, 0x43, 0x4F, 0x4E, 0x4E, 0x45, 0x43, 0x54, 0x45, 0x44, 0x00, 0x50,
    0x41, 0x53, 0x53, 0x57, 0x4F, 0x52, 0x44, 0x00, 0x2A, 0x2D, 0x2D, 0x48,
    0x4F, 0x53, 0x54, 0x53, 0x00, 0x53, 0x53, 0x49, 0x44, 0x00, 0x4F, 0x4B,
    0x00, 0x2D, 0x00, 0x20, 0x00, 0x3F, 0x45, 0x4D, 0x50, 0x54, 0x59, 0x20,
    0x53, 0x4C, 0x4F, 0x54, 0x20, 0x20, 0x50, 0x41, 0x55, 0x53, 0x45, 0x2D,
    0x2D, 0x52, 0x45, 0x4E, 0x41, 0x4D, 0x45, 0x00, 0x23, 0x2D, 0x2D, 0x4F,
    0x50, 0x45, 0x4E, 0x20, 0x20, 0x50, 0x41, 0x55, 0x53, 0x45, 0x2D, 0x2D,
    0x52, 0x45, 0x4E, 0x41, 0x4D, 0x45, 0x00, 0x2A, 0x2D, 0x2D, 0x57, 0x49,
    0x46, 0x49, 0x20, 0x20, 0x53, 0x54, 0x41, 0x52, 0x54, 0x2D, 0x2D, 0x49,
    0x4E, 0x46, 0x4F, 0x00, 0x23, 0x2D, 0x2D, 0x50, 0x49, 0x43, 0x4B, 0x20,
    0x44, 0x45, 0x53, 0x54, 0x49, 0x4E, 0x41, 0x54, 0x49, 0x4F, 0x4E, 0x00,
    0x43, 0x4F, 0x50, 0x59, 0x20, 0x54, 0x4F, 0x20, 0x57, 0x48, 0x49, 0x43,
    0x48, 0x20, 0x48, 0x4F, 0x53, 0x54, 0x3F, 0x00, 0x4D, 0x4F, 0x55, 0x4E,
    0x54, 0x49, 0x4E, 0x47, 0x20, 0x48, 0x4F, 0x53, 0x54, 0x2E, 0x2E, 0x2E,
    0x00, 0x50, 0x4C, 0x41, 0x59, 0x20, 0x47, 0x41, 0x4D, 0x45, 0x20, 0x4C,
    0x4F, 0x42, 0x42, 0x59, 0x00, 0x2A, 0x2D, 0x2D, 0x43, 0x41, 0x4E, 0x43,
    0x45, 0x4C, 0x20, 0x43, 0x4F, 0x50, 0x59, 0x00, 0x3F, 0x45, 0x4D, 0x50,
    0x54, 0x59, 0x20, 0x53, 0x4C, 0x4F, 0x54, 0x00, 0x48, 0x4F, 0x53, 0x54,
    0x20, 0x53, 0x4C, 0x4F, 0x54, 0x53, 0x00, 0x48, 0x4F, 0x53, 0x54, 0x20,
    0x4E, 0x41, 0x4D, 0x45, 0x00, 0x28, 0x45, 0x4D, 0x50, 0x54, 0x59, 0x29,
    0x00, 0x48, 0x4F, 0x53, 0x54, 0x53, 0x00, 0x57, 0x52, 0x49, 0x54, 0x45,
    0x00, 0x4F, 0x50, 0x45, 0x4E, 0x00, 0x48, 0x4F, 0x53, 0x54, 0x00, 0x23,
    0x2D, 0x2D, 0x4F, 0x50, 0x45, 0x4E, 0x20, 0x2A, 0x2D, 0x2D, 0x42, 0x41,
    0x43, 0x4B, 0x20, 0x50, 0x41, 0x55, 0x53, 0x45, 0x2D, 0x2D, 0x46, 0x49,
    0x4C, 0x54, 0x45, 0x52, 0x00, 0x23, 0x2D, 0x2D, 0x4F, 0x50, 0x45, 0x4E,
    0x20, 0x44, 0x49, 0x52, 0x20, 0x2A, 0x2D, 0x2D, 0x42, 0x41, 0x43, 0x4B,
    0x20, 0x3C, 0x3E, 0x2D, 0x2D, 0x50, 0x41, 0x47, 0x45, 0x00, 0x3C, 0x3E,
    0x2D, 0x2D, 0x50, 0x41, 0x47, 0x45, 0x20, 0x20, 0x53, 0x54, 0x41, 0x52,
    0x54, 0x2D, 0x2D, 0x43, 0x4F, 0x50, 0x59, 0x00, 0x53, 0x54, 0x41, 0x52,
    0x54, 0x2D, 0x2D, 0x43, 0x4F, 0x50, 0x59, 0x20, 0x48, 0x45, 0x52, 0x45,
    0x00, 0x3F, 0x50, 0x41, 0x54, 0x48, 0x20, 0x54, 0x4F, 0x4F, 0x20, 0x4C,
    0x4F, 0x4E, 0x47, 0x00, 0x28, 0x4E, 0x4F, 0x20, 0x4D, 0x41, 0x54, 0x43,
    0x48, 0x45, 0x53, 0x29, 0x00, 0x52, 0x45, 0x41, 0x44, 0x49, 0x4E, 0x47,
    0x2E, 0x2E, 0x2E, 0x00, 0x28, 0x45, 0x4D, 0x50, 0x54, 0x59, 0x29, 0x00,
    0x48, 0x4F, 0x53, 0x54, 0x20, 0x31, 0x00, 0x52, 0x45, 0x41, 0x44, 0x00,
    0x4F, 0x50, 0x45, 0x4E, 0x00, 0x53, 0x45, 0x45, 0x4B, 0x00, 0x4E, 0x41,
    0x4D, 0x45, 0x00, 0x3F, 0x43, 0x41, 0x4E, 0x4E, 0x4F, 0x54, 0x20, 0x43,
    0x4F, 0x50, 0x59, 0x20, 0x41, 0x20, 0x46, 0x4F, 0x4C, 0x44, 0x45, 0x52,
    0x00, 0x3F, 0x50, 0x41, 0x54, 0x48, 0x20, 0x54, 0x4F, 0x4F, 0x20, 0x4C,
    0x4F, 0x4E, 0x47, 0x00, 0x43, 0x4F, 0x50, 0x59, 0x49, 0x4E, 0x47, 0x2E,
    0x2E, 0x2E, 0x00, 0x52, 0x45, 0x41, 0x44, 0x49, 0x4E, 0x47, 0x2E, 0x2E,
    0x2E, 0x00, 0x43, 0x4F, 0x50, 0x49, 0x45, 0x44, 0x00, 0x52, 0x45, 0x41,
    0x44, 0x00, 0x43, 0x4F, 0x50, 0x59, 0x00, 0x4F, 0x50, 0x45, 0x4E, 0x00,
    0x4E, 0x41, 0x4D, 0x45, 0x00, 0x41, 0x44, 0x41, 0x50, 0x54, 0x45, 0x52,
    0x20, 0x49, 0x4E, 0x46, 0x4F, 0x00, 0x52, 0x45, 0x41, 0x44, 0x49, 0x4E,
    0x47, 0x2E, 0x2E, 0x2E, 0x00, 0x23, 0x2C, 0x2A, 0x2D, 0x2D, 0x42, 0x41,
    0x43, 0x4B, 0x00, 0x56, 0x45, 0x52, 0x53, 0x49, 0x4F, 0x4E, 0x00, 0x47,
    0x41, 0x54, 0x45, 0x57, 0x41, 0x59, 0x00, 0x4E, 0x45, 0x54, 0x4D, 0x41,
    0x53, 0x4B, 0x00, 0x42, 0x53, 0x53, 0x49, 0x44, 0x00, 0x48, 0x4F, 0x53,
    0x54, 0x00, 0x44, 0x4E, 0x53, 0x00, 0x4D, 0x41, 0x43, 0x00, 0x49, 0x50,
    0x00, 0x3F, 0x4E, 0x4F, 0x54, 0x20, 0x41, 0x20, 0x43, 0x41, 0x52, 0x54,
    0x52, 0x49, 0x44, 0x47, 0x45, 0x20, 0x49, 0x4D, 0x41, 0x47, 0x45, 0x00,
    0x53, 0x45, 0x54, 0x54, 0x49, 0x4E, 0x47, 0x20, 0x50, 0x41, 0x54, 0x48,
    0x2E, 0x2E, 0x2E, 0x00, 0x3F, 0x4C, 0x4F, 0x41, 0x44, 0x20, 0x45, 0x52,
    0x52, 0x4F, 0x52, 0x00, 0x4C, 0x4F, 0x41, 0x44, 0x49, 0x4E, 0x47, 0x2E,
    0x2E, 0x2E, 0x00, 0x46, 0x52, 0x4F, 0x4D, 0x20, 0x48, 0x4F, 0x53, 0x54,
    0x00, 0x42, 0x4F, 0x4F, 0x54, 0x49, 0x4E, 0x47, 0x00, 0x4C, 0x4F, 0x41,
    0x44, 0x49, 0x4E, 0x47, 0x00, 0x20, 0x42, 0x59, 0x54, 0x45, 0x53, 0x00,
    0x4D, 0x4F, 0x55, 0x4E, 0x54, 0x00, 0x50, 0x41, 0x54, 0x48, 0x00, 0x20,
    0x20, 0x20, 0x20, 0x00, 0x42, 0x4F, 0x4F, 0x54, 0x00, 0x4F, 0x4B, 0x00,
    0x2F, 0x00, 0x25, 0x00, 0x65, 0x63, 0x2E, 0x74, 0x6E, 0x66, 0x73, 0x2E,
    0x69, 0x6F, 0x00, 0x46, 0x49, 0x4E, 0x44, 0x49, 0x4E, 0x47, 0x20, 0x4C,
    0x4F, 0x42, 0x42, 0x59, 0x20, 0x48, 0x4F, 0x53, 0x54, 0x2E, 0x2E, 0x2E,
    0x00, 0x2F, 0x61, 0x74, 0x61, 0x72, 0x69, 0x35, 0x32, 0x30, 0x30, 0x2F,
    0x6C, 0x6F, 0x62, 0x62, 0x79, 0x2E, 0x61, 0x35, 0x32, 0x00, 0x41, 0x44,
    0x44, 0x49, 0x4E, 0x47, 0x20, 0x4C, 0x4F, 0x42, 0x42, 0x59, 0x20, 0x48,
    0x4F, 0x53, 0x54, 0x2E, 0x2E, 0x2E, 0x00, 0x4D, 0x4F, 0x55, 0x4E, 0x54,
    0x49, 0x4E, 0x47, 0x20, 0x48, 0x4F, 0x53, 0x54, 0x2E, 0x2E, 0x2E, 0x00,
    0x53, 0x45, 0x54, 0x54, 0x49, 0x4E, 0x47, 0x20, 0x50, 0x41, 0x54, 0x48,
    0x2E, 0x2E, 0x2E, 0x00, 0x47, 0x41, 0x4D, 0x45, 0x20, 0x4C, 0x4F, 0x42,
    0x42, 0x59, 0x00, 0x57, 0x52, 0x49, 0x54, 0x45, 0x00, 0x48, 0x4F, 0x53,
    0x54, 0x53, 0x00, 0x50, 0x41, 0x54, 0x48, 0x00, 0x48, 0x4F, 0x53, 0x54,
    0x00, 0x30, 0x31, 0x32, 0x33, 0x34, 0x35, 0x36, 0x37, 0x38, 0x39, 0x41,
    0x42, 0x43, 0x44, 0x45, 0x46, 0x00, 0x0B, 0x10, 0x14, 0x18, 0x1B, 0x23,
    0x2D, 0x2D, 0x50, 0x49, 0x43, 0x4B, 0x20, 0x20, 0x2A, 0x2D, 0x2D, 0x44,
    0x45, 0x4C, 0x20, 0x20, 0x50, 0x41, 0x55, 0x53, 0x45, 0x2D, 0x2D, 0x43,
    0x41, 0x53, 0x45, 0x00, 0x53, 0x54, 0x41, 0x52, 0x54, 0x2D, 0x2D, 0x4F,
    0x4B, 0x20, 0x20, 0x45, 0x53, 0x43, 0x20, 0x43, 0x45, 0x4C, 0x4C, 0x2D,
    0x2D, 0x43, 0x41, 0x4E, 0x43, 0x45, 0x4C, 0x00, 0x4B, 0x45, 0x59, 0x42,
    0x4F, 0x41, 0x52, 0x44, 0x00, 0x53, 0x50, 0x43, 0x00, 0x44, 0x45, 0x4C,
    0x00, 0x45, 0x53, 0x43, 0x00, 0x4F, 0x4B, 0x00, 0x3F, 0x00, 0x3C, 0x2F,
    0x28, 0x1E, 0x00, 0x01, 0x02, 0x03, 0x04, 0x02, 0x04, 0x04, 0x00, 0x01,
    0x02, 0x03, 0x04, 0x01, 0x02, 0x01, 0x96, 0x74, 0x3D, 0x74, 0x8F, 0x74,
    0x95, 0x74, 0xB9, 0x74, 0xCA, 0x74, 0xB7, 0x74, 0xB7, 0x74, 0xB7, 0x74,
    0xB7, 0x74, 0xB7, 0x74, 0xB7, 0x74, 0xB7, 0x74, 0xB7, 0x74, 0xFF, 0x0B,
    0x00, 0x0A, 0x0E, 0x09, 0x08, 0x07, 0x0D, 0x06, 0x05, 0x04, 0x0C, 0x03,
    0x02, 0x01, 0x30, 0x31, 0x32, 0x33, 0x34, 0x35, 0x36, 0x37, 0x38, 0x39,
    0x41, 0x42, 0x43, 0x44, 0x45, 0x46, 0x2D, 0x32, 0x31, 0x34, 0x37, 0x34,
    0x38, 0x33, 0x36, 0x34, 0x38, 0x00, 0xFF, 0xFF, 0xFF, 0xFF, 0xFF, 0xFF,
    0xFF, 0xFF, 0xFF, 0xFF, 0xFF, 0xFF, 0xFF, 0xFF, 0xFF, 0xFF, 0xFF, 0xFF,
    0xFF, 0xFF, 0xFF, 0xFF, 0xFF, 0xFF, 0xFF, 0xFF, 0xFF, 0xFF, 0xFF, 0xFF,
    0xFF, 0xFF, 0xFF, 0xFF, 0xFF, 0xFF, 0xFF, 0xFF, 0xFF, 0xFF, 0xFF, 0xFF,
    0xFF, 0xFF, 0xFF, 0xFF, 0xFF, 0xFF, 0xFF, 0xFF, 0xFF, 0xFF, 0xFF, 0xFF,
    0xFF, 0xFF, 0xFF, 0xFF, 0xFF, 0xFF, 0xFF, 0xFF, 0xFF, 0xFF, 0xFF, 0xFF,
    0xFF, 0xFF, 0xFF, 0xFF, 0xFF, 0xFF, 0xFF, 0xFF, 0xFF, 0xFF, 0xFF, 0xFF,
    0xFF, 0xFF, 0xFF, 0xFF, 0xFF, 0xFF, 0xFF, 0xFF, 0xFF, 0xFF, 0xFF, 0xFF,
    0xFF, 0xFF, 0xFF, 0xFF, 0xFF, 0xFF, 0xFF, 0xFF, 0xFF, 0xFF, 0xFF, 0xFF,
    0xFF, 0xFF, 0xFF, 0xFF, 0xFF, 0xFF, 0xFF, 0xFF, 0xFF, 0xFF, 0xFF, 0xFF,
    0xFF, 0xFF, 0xFF, 0xFF, 0xFF, 0xFF, 0xFF, 0xFF, 0xFF, 0xFF, 0xFF, 0xFF,
    0xFF, 0xFF, 0xFF, 0xFF, 0xFF, 0xFF, 0xFF, 0xFF, 0xFF, 0xFF, 0xFF, 0xFF,
    0xFF, 0xFF, 0xFF, 0xFF, 0xFF, 0xFF, 0xFF, 0xFF, 0xFF, 0xFF, 0xFF, 0xFF,
    0xFF, 0xFF, 0xFF, 0xFF, 0xFF, 0xFF, 0xFF, 0xFF, 0xFF, 0xFF, 0xFF, 0xFF,
    0xFF, 0xFF, 0xFF, 0xFF, 0xFF, 0xFF, 0xFF, 0xFF, 0xFF, 0xFF, 0xFF, 0xFF,
    0xFF, 0xFF, 0xFF, 0xFF, 0xFF, 0xFF, 0xFF, 0xFF, 0xFF, 0xFF, 0xFF, 0xFF,
    0xFF, 0xFF, 0xFF, 0xFF, 0xFF, 0xFF, 0xFF, 0xFF, 0xFF, 0xFF, 0xFF, 0xFF,
    0xFF, 0xFF, 0xFF, 0xFF, 0xFF, 0xFF, 0xFF, 0xFF, 0xFF, 0xFF, 0xFF, 0xFF,
    0xFF, 0xFF, 0xFF, 0xFF, 0xFF, 0xFF, 0xFF, 0xFF, 0xFF, 0xFF, 0xFF, 0xFF,
    0xFF, 0xFF, 0xFF, 0xFF, 0xFF, 0xFF, 0xFF, 0xFF, 0xFF, 0xFF, 0xFF, 0xFF,
    0xFF, 0xFF, 0xFF, 0xFF, 0xFF, 0xFF, 0xFF, 0xFF, 0xFF, 0xFF, 0xFF, 0xFF,
    0xFF, 0xFF, 0xFF, 0xFF, 0xFF, 0xFF, 0xFF, 0xFF, 0xFF, 0xFF, 0xFF, 0xFF,
    0xFF, 0xFF, 0xFF, 0xFF, 0xFF, 0xFF, 0xFF, 0xFF, 0xFF, 0xFF, 0xFF, 0xFF,
    0xFF, 0xFF, 0xFF, 0xFF, 0xFF, 0xFF, 0xFF, 0xFF, 0xFF, 0xFF, 0xFF, 0xFF,
    0xFF, 0xFF, 0xFF, 0xFF, 0xFF, 0xFF, 0xFF, 0xFF, 0xFF, 0xFF, 0xFF, 0xFF,
    0xFF, 0xFF, 0xFF, 0xFF, 0xFF, 0xFF, 0xFF, 0xFF, 0xFF, 0xFF, 0xFF, 0xFF,
    0xFF, 0xFF, 0xFF, 0xFF, 0xFF, 0xFF, 0xFF, 0xFF, 0xFF, 0xFF, 0xFF, 0xFF,
    0xFF, 0xFF, 0xFF, 0xFF, 0xFF, 0xFF, 0xFF, 0xFF, 0xFF, 0xFF, 0xFF, 0xFF,
    0xFF, 0xFF, 0xFF, 0xFF, 0xFF, 0xFF, 0xFF, 0xFF, 0xFF, 0xFF, 0xFF, 0xFF,
    0xFF, 0xFF, 0xFF, 0xFF, 0xFF, 0xFF, 0xFF, 0xFF, 0xFF, 0xFF, 0xFF, 0xFF,
    0xFF, 0xFF, 0xFF, 0xFF, 0xFF, 0xFF, 0xFF, 0xFF, 0xFF, 0xFF, 0xFF, 0xFF,
    0xFF, 0xFF, 0xFF, 0xFF, 0xFF, 0xFF, 0xFF, 0xFF, 0xFF, 0xFF, 0xFF, 0xFF,
    0xFF, 0xFF, 0xFF, 0xFF, 0xFF, 0xFF, 0xFF, 0xFF, 0xFF, 0xFF, 0xFF, 0xFF,
    0xFF, 0xFF, 0xFF, 0xFF, 0xFF, 0xFF, 0xFF, 0xFF, 0xFF, 0xFF, 0xFF, 0xFF,
    0xFF, 0xFF, 0xFF, 0xFF, 0xFF, 0xFF, 0xFF, 0xFF, 0xFF, 0xFF, 0xFF, 0xFF,
    0xFF, 0xFF, 0xFF, 0xFF, 0xFF, 0xFF, 0xFF, 0xFF, 0xFF, 0xFF, 0xFF, 0xFF,
    0xFF, 0xFF, 0xFF, 0xFF, 0xFF, 0xFF, 0xFF, 0xFF, 0xFF, 0xFF, 0xFF, 0xFF,
    0xFF, 0xFF, 0xFF, 0xFF, 0xFF, 0xFF, 0xFF, 0xFF, 0xFF, 0xFF, 0xFF, 0xFF,
    0xFF, 0xFF, 0xFF, 0xFF, 0xFF, 0xFF, 0xFF, 0xFF, 0xFF, 0xFF, 0xFF, 0xFF,
    0xFF, 0xFF, 0xFF, 0xFF, 0xFF, 0xFF, 0xFF, 0xFF, 0xFF, 0xFF, 0xFF, 0xFF,
    0xFF, 0xFF, 0xFF, 0xFF, 0xFF, 0xFF, 0xFF, 0xFF, 0xFF, 0xFF, 0xFF, 0xFF,
    0xFF, 0xFF, 0xFF, 0xFF, 0xFF, 0xFF, 0xFF, 0xFF, 0xFF, 0xFF, 0xFF, 0xFF,
    0xFF, 0xFF, 0xFF, 0xFF, 0xFF, 0xFF, 0xFF, 0xFF, 0xFF, 0xFF, 0xFF, 0xFF,
    0xFF, 0xFF, 0xFF, 0xFF, 0xFF, 0xFF, 0xFF, 0xFF, 0x70, 0x70, 0x70, 0x42,
    0x00, 0x3C, 0x02, 0x02, 0x02, 0x02, 0x02, 0x02, 0x02, 0x02, 0x02, 0x02,
    0x02, 0x02, 0x02, 0x02, 0x02, 0x02, 0x02, 0x02, 0x02, 0x02, 0x02, 0x02,
    0x02, 0x41, 0x00, 0x84, 0x70, 0x70, 0x70, 0x41, 0x20, 0x84, 0x63, 0x81,
    0x8D, 0x81, 0x91, 0x81, 0x99, 0x81, 0x95, 0x81, 0x0F, 0x00, 0x00, 0x00,
    0x00, 0x8D, 0x39, 0x02, 0x8E, 0x3A, 0x02, 0x8D, 0x40, 0x02, 0x8E, 0x41,
    0x02, 0x88, 0xB9, 0xFF, 0xFF, 0x8D, 0x4A, 0x02, 0x88, 0xB9, 0xFF, 0xFF,
    0x8D, 0x49, 0x02, 0x8C, 0x4C, 0x02, 0x20, 0xFF, 0xFF, 0xA0, 0xFF, 0xD0,
    0xE8, 0x60, 0xFF, 0xFF, 0xFF, 0xFF, 0xFF, 0xFF, 0xFF, 0xFF, 0xFF, 0xFF,
    0xFF, 0xFF, 0xFF, 0xFF, 0xFF, 0xFF, 0xFF, 0xFF, 0xFF, 0xFF, 0xFF, 0xFF,
    0xFF, 0xFF, 0xFF, 0xFF, 0xFF, 0xFF, 0xFF, 0xFF, 0xFF, 0xFF, 0xFF, 0xFF,
    0xFF, 0xFF, 0xFF, 0xFF, 0xFF, 0xFF, 0xFF, 0xFF, 0xFF, 0xFF, 0xFF, 0xFF,
    0xFF, 0xFF, 0xFF, 0xFF, 0xFF, 0xFF, 0xFF, 0xFF, 0xFF, 0xFF, 0xFF, 0xFF,
    0xFF, 0xFF, 0xFF, 0xFF, 0xFF, 0xFF, 0xFF, 0xFF, 0xFF, 0xFF, 0xFF, 0xFF,
    0xFF, 0xFF, 0xFF, 0xFF, 0xFF, 0xFF, 0xFF, 0xFF, 0xFF, 0xFF, 0xFF, 0xFF,
    0xFF, 0xFF, 0xFF, 0xFF, 0xFF, 0xFF, 0xFF, 0xFF, 0xFF, 0xFF, 0xFF, 0xFF,
    0xFF, 0xFF, 0xFF, 0xFF, 0xFF, 0xFF, 0xFF, 0xFF, 0xFF, 0xFF, 0xFF, 0xFF,
    0xFF, 0xFF, 0xFF, 0xFF, 0xFF, 0xFF, 0xFF, 0xFF, 0xFF, 0xFF, 0xFF, 0xFF,
    0xFF, 0xFF, 0xFF, 0xFF, 0xFF, 0xFF, 0xFF, 0xFF, 0xFF, 0xFF, 0xFF, 0xFF,
    0xFF, 0xFF, 0xFF, 0xFF, 0xFF, 0xFF, 0xFF, 0xFF, 0xFF, 0xFF, 0xFF, 0xFF,
    0xFF, 0xFF, 0xFF, 0xFF, 0xFF, 0xFF, 0xFF, 0xFF, 0xFF, 0xFF, 0xFF, 0xFF,
    0xFF, 0xFF, 0xFF, 0xFF, 0xFF, 0xFF, 0xFF, 0xFF, 0xFF, 0xFF, 0xFF, 0xFF,
    0xFF, 0xFF, 0xFF, 0xFF, 0xFF, 0xFF, 0xFF, 0xFF, 0xFF, 0xFF, 0xFF, 0xFF,
    0xFF, 0xFF, 0xFF, 0xFF, 0xFF, 0xFF, 0xFF, 0xFF, 0xFF, 0xFF, 0xFF, 0xFF,
    0xFF, 0xFF, 0xFF, 0xFF, 0xFF, 0xFF, 0xFF, 0xFF, 0xFF, 0xFF, 0xFF, 0xFF,
    0xFF, 0xFF, 0xFF, 0xFF, 0xFF, 0xFF, 0xFF, 0xFF, 0xFF, 0xFF, 0xFF, 0xFF,
    0xFF, 0xFF, 0xFF, 0xFF, 0xFF, 0xFF, 0xFF, 0xFF, 0xFF, 0xFF, 0xFF, 0xFF,
    0xFF, 0xFF, 0xFF, 0xFF, 0xFF, 0xFF, 0xFF, 0xFF, 0xFF, 0xFF, 0xFF, 0xFF,
    0xFF, 0xFF, 0xFF, 0xFF, 0xFF, 0xFF, 0xFF, 0xFF, 0xFF, 0xFF, 0xFF, 0xFF,
    0xFF, 0xFF, 0xFF, 0xFF, 0xFF, 0xFF, 0xFF, 0xFF, 0xFF, 0xFF, 0xFF, 0xFF,
    0xFF, 0xFF, 0xFF, 0xFF, 0xFF, 0xFF, 0xFF, 0xFF, 0xFF, 0xFF, 0xFF, 0xFF,
    0xFF, 0xFF, 0xFF, 0xFF, 0xFF, 0xFF, 0xFF, 0xFF, 0xFF, 0xFF, 0xFF, 0xFF,
    0xFF, 0xFF, 0xFF, 0xFF, 0xFF, 0xFF, 0xFF, 0xFF, 0xFF, 0xFF, 0xFF, 0xFF,
    0xFF, 0xFF, 0xFF, 0xFF, 0xFF, 0xFF, 0xFF, 0xFF, 0xFF, 0xFF, 0xFF, 0xFF,
    0xFF, 0xFF, 0xFF, 0xFF, 0xFF, 0xFF, 0xFF, 0xFF, 0xFF, 0xFF, 0xFF, 0xFF,
    0xFF, 0xFF, 0xFF, 0xFF, 0xFF, 0xFF, 0xFF, 0xFF, 0xFF, 0xFF, 0xFF, 0xFF,
    0xFF, 0xFF, 0xFF, 0xFF, 0xFF, 0xFF, 0xFF, 0xFF, 0xFF, 0xFF, 0xFF, 0xFF,
    0xFF, 0xFF, 0xFF, 0xFF, 0xFF, 0xFF, 0xFF, 0xFF, 0xFF, 0xFF, 0xFF, 0xFF,
    0xFF, 0xFF, 0xFF, 0xFF, 0xFF, 0xFF, 0xFF, 0xFF, 0xFF, 0xFF, 0xFF, 0xFF,
    0xFF, 0xFF, 0xFF, 0xFF, 0xFF, 0xFF, 0xFF, 0xFF, 0xFF, 0xFF, 0xFF, 0xFF,
    0xFF, 0xFF, 0xFF, 0xFF, 0xFF, 0xFF, 0xFF, 0xFF, 0xFF, 0xFF, 0xFF, 0xFF,
    0xFF, 0xFF, 0xFF, 0xFF, 0xFF, 0xFF, 0xFF, 0xFF, 0xFF, 0xFF, 0xFF, 0xFF,
    0xFF, 0xFF, 0xFF, 0xFF, 0xFF, 0xFF, 0xFF, 0xFF, 0xFF, 0xFF, 0xFF, 0xFF,
    0xFF, 0xFF, 0xFF, 0xFF, 0xFF, 0xFF, 0xFF, 0xFF, 0xFF, 0xFF, 0xFF, 0xFF,
    0xFF, 0xFF, 0xFF, 0xFF, 0xFF, 0xFF, 0xFF, 0xFF, 0xFF, 0xFF, 0xFF, 0xFF,
    0xFF, 0xFF, 0xFF, 0xFF, 0xFF, 0xFF, 0xFF, 0xFF, 0xFF, 0xFF, 0xFF, 0xFF,
    0xFF, 0xFF, 0xFF, 0xFF, 0xFF, 0xFF, 0xFF, 0xFF, 0xFF, 0xFF, 0xFF, 0xFF,
    0xFF, 0xFF, 0xFF, 0xFF, 0xFF, 0xFF, 0xFF, 0xFF, 0xFF, 0xFF, 0xFF, 0xFF,
    0xFF, 0xFF, 0xFF, 0xFF, 0xFF, 0xFF, 0xFF, 0xFF, 0xFF, 0xFF, 0xFF, 0xFF,
    0xFF, 0xFF, 0xFF, 0xFF, 0xFF, 0xFF, 0xFF, 0xFF, 0xFF, 0xFF, 0xFF, 0xFF,
    0xFF, 0xFF, 0xFF, 0xFF, 0xFF, 0xFF, 0xFF, 0xFF, 0xFF, 0xFF, 0xFF, 0xFF,
    0xFF, 0xFF, 0xFF, 0xFF, 0xFF, 0xFF, 0xFF, 0xFF, 0xFF, 0xFF, 0xFF, 0xFF,
    0xFF, 0xFF, 0xFF, 0xFF, 0xFF, 0xFF, 0xFF, 0xFF, 0xFF, 0xFF, 0xFF, 0xFF,
    0xFF, 0xFF, 0xFF, 0xFF, 0xFF, 0xFF, 0xFF, 0xFF, 0xFF, 0xFF, 0xFF, 0xFF,
    0xFF, 0xFF, 0xFF, 0xFF, 0xFF, 0xFF, 0xFF, 0xFF, 0xFF, 0xFF, 0xFF, 0xFF,
    0xFF, 0xFF, 0xFF, 0xFF, 0xFF, 0xFF, 0xFF, 0xFF, 0xFF, 0xFF, 0xFF, 0xFF,
    0xFF, 0xFF, 0xFF, 0xFF, 0xFF, 0xFF, 0xFF, 0xFF, 0xFF, 0xFF, 0xFF, 0xFF,
    0xFF, 0xFF, 0xFF, 0xFF, 0xFF, 0xFF, 0xFF, 0xFF, 0xFF, 0xFF, 0xFF, 0xFF,
    0xFF, 0xFF, 0xFF, 0xFF, 0xFF, 0xFF, 0xFF, 0xFF, 0xFF, 0xFF, 0xFF, 0xFF,
    0xFF, 0xFF, 0xFF, 0xFF, 0xFF, 0xFF, 0xFF, 0xFF, 0xFF, 0xFF, 0xFF, 0xFF,
    0xFF, 0xFF, 0xFF, 0xFF, 0xFF, 0xFF, 0xFF, 0xFF, 0xFF, 0xFF, 0xFF, 0xFF,
    0xFF, 0xFF, 0xFF, 0xFF, 0xFF, 0xFF, 0xFF, 0xFF, 0xFF, 0xFF, 0xFF, 0xFF,
    0xFF, 0xFF, 0xFF, 0xFF, 0xFF, 0xFF, 0xFF, 0xFF, 0xFF, 0xFF, 0xFF, 0xFF,
    0xFF, 0xFF, 0xFF, 0xFF, 0xFF, 0xFF, 0xFF, 0xFF, 0xFF, 0xFF, 0xFF, 0xFF,
    0xFF, 0xFF, 0xFF, 0xFF, 0xFF, 0xFF, 0xFF, 0xFF, 0xFF, 0xFF, 0xFF, 0xFF,
    0xFF, 0xFF, 0xFF, 0xFF, 0xFF, 0xFF, 0xFF, 0xFF, 0xFF, 0xFF, 0xFF, 0xFF,
    0xFF, 0xFF, 0xFF, 0xFF, 0xFF, 0xFF, 0xFF, 0xFF, 0xFF, 0xFF, 0xFF, 0xFF,
    0xFF, 0xFF, 0xFF, 0xFF, 0xFF, 0xFF, 0xFF, 0xFF, 0xFF, 0xFF, 0xFF, 0xFF,
    0xFF, 0xFF, 0xFF, 0xFF, 0xFF, 0xFF, 0xFF, 0xFF, 0xFF, 0xFF, 0xFF, 0xFF,
    0xFF, 0xFF, 0xFF, 0xFF, 0xFF, 0xFF, 0xFF, 0xFF, 0xFF, 0xFF, 0xFF, 0xFF,
    0xFF, 0xFF, 0xFF, 0xFF, 0xFF, 0xFF, 0xFF, 0xFF, 0xFF, 0xFF, 0xFF, 0xFF,
    0xFF, 0xFF, 0xFF, 0xFF, 0xFF, 0xFF, 0xFF, 0xFF, 0xFF, 0xFF, 0xFF, 0xFF,
    0xFF, 0xFF, 0xFF, 0xFF, 0xFF, 0xFF, 0xFF, 0xFF, 0xFF, 0xFF, 0xFF, 0xFF,
    0xFF, 0xFF, 0xFF, 0xFF, 0xFF, 0xFF, 0xFF, 0xFF, 0xFF, 0xFF, 0xFF, 0xFF,
    0xFF, 0xFF, 0xFF, 0xFF, 0xFF, 0xFF, 0xFF, 0xFF, 0xFF, 0xFF, 0xFF, 0xFF,
    0xFF, 0xFF, 0xFF, 0xFF, 0xFF, 0xFF, 0xFF, 0xFF, 0xFF, 0xFF, 0xFF, 0xFF,
    0xFF, 0xFF, 0xFF, 0xFF, 0xFF, 0xFF, 0xFF, 0xFF, 0xFF, 0xFF, 0xFF, 0xFF,
    0xFF, 0xFF, 0xFF, 0xFF, 0xFF, 0xFF, 0xFF, 0xFF, 0xFF, 0xFF, 0xFF, 0xFF,
    0xFF, 0xFF, 0xFF, 0xFF, 0xFF, 0xFF, 0xFF, 0xFF, 0xFF, 0xFF, 0xFF, 0xFF,
    0xFF, 0xFF, 0xFF, 0xFF, 0xFF, 0xFF, 0xFF, 0xFF, 0xFF, 0xFF, 0xFF, 0xFF,
    0xFF, 0xFF, 0xFF, 0xFF, 0xFF, 0xFF, 0xFF, 0xFF, 0xFF, 0xFF, 0xFF, 0xFF,
    0xFF, 0xFF, 0xFF, 0xFF, 0xFF, 0xFF, 0xFF, 0xFF, 0xFF, 0xFF, 0xFF, 0xFF,
    0xFF, 0xFF, 0xFF, 0xFF, 0xFF, 0xFF, 0xFF, 0xFF, 0xFF, 0xFF, 0xFF, 0xFF,
    0xFF, 0xFF, 0xFF, 0xFF, 0xFF, 0xFF, 0xFF, 0xFF, 0xFF, 0xFF, 0xFF, 0xFF,
    0xFF, 0xFF, 0xFF, 0xFF, 0xFF, 0xFF, 0xFF, 0xFF, 0xFF, 0xFF, 0xFF, 0xFF,
    0xFF, 0xFF, 0xFF, 0xFF, 0xFF, 0xFF, 0xFF, 0xFF, 0xFF, 0xFF, 0xFF, 0xFF,
    0xFF, 0xFF, 0xFF, 0xFF, 0xFF, 0xFF, 0xFF, 0xFF, 0xFF, 0xFF, 0xFF, 0xFF,
    0xFF, 0xFF, 0xFF, 0xFF, 0xFF, 0xFF, 0xFF, 0xFF, 0xFF, 0xFF, 0xFF, 0xFF,
    0xFF, 0xFF, 0xFF, 0xFF, 0xFF, 0xFF, 0xFF, 0xFF, 0xFF, 0xFF, 0xFF, 0xFF,
    0xFF, 0xFF, 0xFF, 0xFF, 0xFF, 0xFF, 0xFF, 0xFF, 0xFF, 0xFF, 0xFF, 0xFF,
    0xFF, 0xFF, 0xFF, 0xFF, 0xFF, 0xFF, 0xFF, 0xFF, 0xFF, 0xFF, 0xFF, 0xFF,
    0xFF, 0xFF, 0xFF, 0xFF, 0xFF, 0xFF, 0xFF, 0xFF, 0xFF, 0xFF, 0xFF, 0xFF,
    0xFF, 0xFF, 0xFF, 0xFF, 0xFF, 0xFF, 0xFF, 0xFF, 0xFF, 0xFF, 0xFF, 0xFF,
    0xFF, 0xFF, 0xFF, 0xFF, 0xFF, 0xFF, 0xFF, 0xFF, 0xFF, 0xFF, 0xFF, 0xFF,
    0xFF, 0xFF, 0xFF, 0xFF, 0xFF, 0xFF, 0xFF, 0xFF, 0xFF, 0xFF, 0xFF, 0xFF,
    0xFF, 0xFF, 0xFF, 0xFF, 0xFF, 0xFF, 0xFF, 0xFF, 0xFF, 0xFF, 0xFF, 0xFF,
    0xFF, 0xFF, 0xFF, 0xFF, 0xFF, 0xFF, 0xFF, 0xFF, 0xFF, 0xFF, 0xFF, 0xFF,
    0xFF, 0xFF, 0xFF, 0xFF, 0xFF, 0xFF, 0xFF, 0xFF, 0xFF, 0xFF, 0xFF, 0xFF,
    0xFF, 0xFF, 0xFF, 0xFF, 0xFF, 0xFF, 0xFF, 0xFF, 0xFF, 0xFF, 0xFF, 0xFF,
    0xFF, 0xFF, 0xFF, 0xFF, 0xFF, 0xFF, 0xFF, 0xFF, 0xFF, 0xFF, 0xFF, 0xFF,
    0xFF, 0xFF, 0xFF, 0xFF, 0xFF, 0xFF, 0xFF, 0xFF, 0xFF, 0xFF, 0xFF, 0xFF,
    0xFF, 0xFF, 0xFF, 0xFF, 0xFF, 0xFF, 0xFF, 0xFF, 0xFF, 0xFF, 0xFF, 0xFF,
    0xFF, 0xFF, 0xFF, 0xFF, 0xFF, 0xFF, 0xFF, 0xFF, 0xFF, 0xFF, 0xFF, 0xFF,
    0xFF, 0xFF, 0xFF, 0xFF, 0xFF, 0xFF, 0xFF, 0xFF, 0xFF, 0xFF, 0xFF, 0xFF,
    0xFF, 0xFF, 0xFF, 0xFF, 0xFF, 0xFF, 0xFF, 0xFF, 0xFF, 0xFF, 0xFF, 0xFF,
    0xFF, 0xFF, 0xFF, 0xFF, 0xFF, 0xFF, 0xFF, 0xFF, 0xFF, 0xFF, 0xFF, 0xFF,
    0xFF, 0xFF, 0xFF, 0xFF, 0xFF, 0xFF, 0xFF, 0xFF, 0xFF, 0xFF, 0xFF, 0xFF,
    0xFF, 0xFF, 0xFF, 0xFF, 0xFF, 0xFF, 0xFF, 0xFF, 0xFF, 0xFF, 0xFF, 0xFF,
    0xFF, 0xFF, 0xFF, 0xFF, 0xFF, 0xFF, 0xFF, 0xFF, 0xFF, 0xFF, 0xFF, 0xFF,
    0xFF, 0xFF, 0xFF, 0xFF, 0xFF, 0xFF, 0xFF, 0xFF, 0xFF, 0xFF, 0xFF, 0xFF,
    0xFF, 0xFF, 0xFF, 0xFF, 0xFF, 0xFF, 0xFF, 0xFF, 0xFF, 0xFF, 0xFF, 0xFF,
    0xFF, 0xFF, 0xFF, 0xFF, 0xFF, 0xFF, 0xFF, 0xFF, 0xFF, 0xFF, 0xFF, 0xFF,
    0xFF, 0xFF, 0xFF, 0xFF, 0xFF, 0xFF, 0xFF, 0xFF, 0xFF, 0xFF, 0xFF, 0xFF,
    0xFF, 0xFF, 0xFF, 0xFF, 0xFF, 0xFF, 0xFF, 0xFF, 0xFF, 0xFF, 0xFF, 0xFF,
    0xFF, 0xFF, 0xFF, 0xFF, 0xFF, 0xFF, 0xFF, 0xFF, 0xFF, 0xFF, 0xFF, 0xFF,
    0xFF, 0xFF, 0xFF, 0xFF, 0xFF, 0xFF, 0xFF, 0xFF, 0xFF, 0xFF, 0xFF, 0xFF,
    0xFF, 0xFF, 0xFF, 0xFF, 0xFF, 0xFF, 0xFF, 0xFF, 0xFF, 0xFF, 0xFF, 0xFF,
    0xFF, 0xFF, 0xFF, 0xFF, 0xFF, 0xFF, 0xFF, 0xFF, 0xFF, 0xFF, 0xFF, 0xFF,
    0xFF, 0xFF, 0xFF, 0xFF, 0xFF, 0xFF, 0xFF, 0xFF, 0xFF, 0xFF, 0xFF, 0xFF,
    0xFF, 0xFF, 0xFF, 0xFF, 0xFF, 0xFF, 0xFF, 0xFF, 0xFF, 0xFF, 0xFF, 0xFF,
    0xFF, 0xFF, 0xFF, 0xFF, 0xFF, 0xFF, 0xFF, 0xFF, 0xFF, 0xFF, 0xFF, 0xFF,
    0xFF, 0xFF, 0xFF, 0xFF, 0xFF, 0xFF, 0xFF, 0xFF, 0xFF, 0xFF, 0xFF, 0xFF,
    0xFF, 0xFF, 0xFF, 0xFF, 0xFF, 0xFF, 0xFF, 0xFF, 0xFF, 0xFF, 0xFF, 0xFF,
    0xFF, 0xFF, 0xFF, 0xFF, 0xFF, 0xFF, 0xFF, 0xFF, 0xFF, 0xFF, 0xFF, 0xFF,
    0xFF, 0xFF, 0xFF, 0xFF, 0xFF, 0xFF, 0xFF, 0xFF, 0xFF, 0xFF, 0xFF, 0xFF,
    0xFF, 0xFF, 0xFF, 0xFF, 0xFF, 0xFF, 0xFF, 0xFF, 0xFF, 0xFF, 0xFF, 0xFF,
    0xFF, 0xFF, 0xFF, 0xFF, 0xFF, 0xFF, 0xFF, 0xFF, 0xFF, 0xFF, 0xFF, 0xFF,
    0xFF, 0xFF, 0xFF, 0xFF, 0xFF, 0xFF, 0xFF, 0xFF, 0xFF, 0xFF, 0xFF, 0xFF,
    0xFF, 0xFF, 0xFF, 0xFF, 0xFF, 0xFF, 0xFF, 0xFF, 0xFF, 0xFF, 0xFF, 0xFF,
    0xFF, 0xFF, 0xFF, 0xFF, 0xFF, 0xFF, 0xFF, 0xFF, 0xFF, 0xFF, 0xFF, 0xFF,
    0xFF, 0xFF, 0xFF, 0xFF, 0xFF, 0xFF, 0xFF, 0xFF, 0xFF, 0xFF, 0xFF, 0xFF,
    0xFF, 0xFF, 0xFF, 0xFF, 0xFF, 0xFF, 0xFF, 0xFF, 0xFF, 0xFF, 0xFF, 0xFF,
    0xFF, 0xFF, 0xFF, 0xFF, 0xFF, 0xFF, 0xFF, 0xFF, 0xFF, 0xFF, 0xFF, 0xFF,
    0xFF, 0xFF, 0xFF, 0xFF, 0xFF, 0xFF, 0xFF, 0xFF, 0xFF, 0xFF, 0xFF, 0xFF,
    0xFF, 0xFF, 0xFF, 0xFF, 0xFF, 0xFF, 0xFF, 0xFF, 0xFF, 0xFF, 0xFF, 0xFF,
    0xFF, 0xFF, 0xFF, 0xFF, 0xFF, 0xFF, 0xFF, 0xFF, 0xFF, 0xFF, 0xFF, 0xFF,
    0xFF, 0xFF, 0xFF, 0xFF, 0xFF, 0xFF, 0xFF, 0xFF, 0xFF, 0xFF, 0xFF, 0xFF,
    0xFF, 0xFF, 0xFF, 0xFF, 0xFF, 0xFF, 0xFF, 0xFF, 0xFF, 0xFF, 0xFF, 0xFF,
    0xFF, 0xFF, 0xFF, 0xFF, 0xFF, 0xFF, 0xFF, 0xFF, 0xFF, 0xFF, 0xFF, 0xFF,
    0xFF, 0xFF, 0xFF, 0xFF, 0xFF, 0xFF, 0xFF, 0xFF, 0xFF, 0xFF, 0xFF, 0xFF,
    0xFF, 0xFF, 0xFF, 0xFF, 0xFF, 0xFF, 0xFF, 0xFF, 0xFF, 0xFF, 0xFF, 0xFF,
    0xFF, 0xFF, 0xFF, 0xFF, 0xFF, 0xFF, 0xFF, 0xFF, 0xFF, 0xFF, 0xFF, 0xFF,
    0xFF, 0xFF, 0xFF, 0xFF, 0xFF, 0xFF, 0xFF, 0xFF, 0xFF, 0xFF, 0xFF, 0xFF,
    0xFF, 0xFF, 0xFF, 0xFF, 0xFF, 0xFF, 0xFF, 0xFF, 0xFF, 0xFF, 0xFF, 0xFF,
    0xFF, 0xFF, 0xFF, 0xFF, 0xFF, 0xFF, 0xFF, 0xFF, 0xFF, 0xFF, 0xFF, 0xFF,
    0xFF, 0xFF, 0xFF, 0xFF, 0xFF, 0xFF, 0xFF, 0xFF, 0xFF, 0xFF, 0xFF, 0xFF,
    0xFF, 0xFF, 0xFF, 0xFF, 0xFF, 0xFF, 0xFF, 0xFF, 0xFF, 0xFF, 0xFF, 0xFF,
    0xFF, 0xFF, 0xFF, 0xFF, 0xFF, 0xFF, 0xFF, 0xFF, 0xFF, 0xFF, 0xFF, 0xFF,
    0xFF, 0xFF, 0xFF, 0xFF, 0xFF, 0xFF, 0xFF, 0xFF, 0xFF, 0xFF, 0xFF, 0xFF,
    0xFF, 0xFF, 0xFF, 0xFF, 0xFF, 0xFF, 0xFF, 0xFF, 0xFF, 0xFF, 0xFF, 0xFF,
    0xFF, 0xFF, 0xFF, 0xFF, 0xFF, 0xFF, 0xFF, 0xFF, 0xFF, 0xFF, 0xFF, 0xFF,
    0xFF, 0xFF, 0xFF, 0xFF, 0xFF, 0xFF, 0xFF, 0xFF, 0xFF, 0xFF, 0xFF, 0xFF,
    0xFF, 0xFF, 0xFF, 0xFF, 0xFF, 0xFF, 0xFF, 0xFF, 0xFF, 0xFF, 0xFF, 0xFF,
    0xFF, 0xFF, 0xFF, 0xFF, 0xFF, 0xFF, 0xFF, 0xFF, 0xFF, 0xFF, 0xFF, 0xFF,
    0xFF, 0xFF, 0xFF, 0xFF, 0xFF, 0xFF, 0xFF, 0xFF, 0xFF, 0xFF, 0xFF, 0xFF,
    0xFF, 0xFF, 0xFF, 0xFF, 0xFF, 0xFF, 0xFF, 0xFF, 0xFF, 0xFF, 0xFF, 0xFF,
    0xFF, 0xFF, 0xFF, 0xFF, 0xFF, 0xFF, 0xFF, 0xFF, 0xFF, 0xFF, 0xFF, 0xFF,
    0xFF, 0xFF, 0xFF, 0xFF, 0xFF, 0xFF, 0xFF, 0xFF, 0xFF, 0xFF, 0xFF, 0xFF,
    0xFF, 0xFF, 0xFF, 0xFF, 0xFF, 0xFF, 0xFF, 0xFF, 0xFF, 0xFF, 0xFF, 0xFF,
    0xFF, 0xFF, 0xFF, 0xFF, 0xFF, 0xFF, 0xFF, 0xFF, 0xFF, 0xFF, 0xFF, 0xFF,
    0xFF, 0xFF, 0xFF, 0xFF, 0xFF, 0xFF, 0xFF, 0xFF, 0xFF, 0xFF, 0xFF, 0xFF,
    0xFF, 0xFF, 0xFF, 0xFF, 0xFF, 0xFF, 0xFF, 0xFF, 0xFF, 0xFF, 0xFF, 0xFF,
    0xFF, 0xFF, 0xFF, 0xFF, 0xFF, 0xFF, 0xFF, 0xFF, 0xFF, 0xFF, 0xFF, 0xFF,
    0xFF, 0xFF, 0xFF, 0xFF, 0xFF, 0xFF, 0xFF, 0xFF, 0xFF, 0xFF, 0xFF, 0xFF,
    0xFF, 0xFF, 0xFF, 0xFF, 0xFF, 0xFF, 0xFF, 0xFF, 0xFF, 0xFF, 0xFF, 0xFF,
    0xFF, 0xFF, 0xFF, 0xFF, 0xFF, 0xFF, 0xFF, 0xFF, 0xFF, 0xFF, 0xFF, 0xFF,
    0xFF, 0xFF, 0xFF, 0xFF, 0xFF, 0xFF, 0xFF, 0xFF, 0xFF, 0xFF, 0xFF, 0xFF,
    0xFF, 0xFF, 0xFF, 0xFF, 0xFF, 0xFF, 0xFF, 0xFF, 0xFF, 0xFF, 0xFF, 0xFF,
    0xFF, 0xFF, 0xFF, 0xFF, 0xFF, 0xFF, 0xFF, 0xFF, 0xFF, 0xFF, 0xFF, 0xFF,
    0xFF, 0xFF, 0xFF, 0xFF, 0xFF, 0xFF, 0xFF, 0xFF, 0xFF, 0xFF, 0xFF, 0xFF,
    0xFF, 0xFF, 0xFF, 0xFF, 0xFF, 0xFF, 0xFF, 0xFF, 0xFF, 0xFF, 0xFF, 0xFF,
    0xFF, 0xFF, 0xFF, 0xFF, 0xFF, 0xFF, 0xFF, 0xFF, 0xFF, 0xFF, 0xFF, 0xFF,
    0xFF, 0xFF, 0xFF, 0xFF, 0xFF, 0xFF, 0xFF, 0xFF, 0xFF, 0xFF, 0xFF, 0xFF,
    0xFF, 0xFF, 0xFF, 0xFF, 0xFF, 0xFF, 0xFF, 0xFF, 0xFF, 0xFF, 0xFF, 0xFF,
    0xFF, 0xFF, 0xFF, 0xFF, 0xFF, 0xFF, 0xFF, 0xFF, 0xFF, 0xFF, 0xFF, 0xFF,
    0xFF, 0xFF, 0xFF, 0xFF, 0xFF, 0xFF, 0xFF, 0xFF, 0xFF, 0xFF, 0xFF, 0xFF,
    0xFF, 0xFF, 0xFF, 0xFF, 0xFF, 0xFF, 0xFF, 0xFF, 0xFF, 0xFF, 0xFF, 0xFF,
    0xFF, 0xFF, 0xFF, 0xFF, 0xFF, 0xFF, 0xFF, 0xFF, 0xFF, 0xFF, 0xFF, 0xFF,
    0xFF, 0xFF, 0xFF, 0xFF, 0xFF, 0xFF, 0xFF, 0xFF, 0xFF, 0xFF, 0xFF, 0xFF,
    0xFF, 0xFF, 0xFF, 0xFF, 0xFF, 0xFF, 0xFF, 0xFF, 0xFF, 0xFF, 0xFF, 0xFF,
    0xFF, 0xFF, 0xFF, 0xFF, 0xFF, 0xFF, 0xFF, 0xFF, 0xFF, 0xFF, 0xFF, 0xFF,
    0xFF, 0xFF, 0xFF, 0xFF, 0xFF, 0xFF, 0xFF, 0xFF, 0xFF, 0xFF, 0xFF, 0xFF,
    0xFF, 0xFF, 0xFF, 0xFF, 0xFF, 0xFF, 0xFF, 0xFF, 0xFF, 0xFF, 0xFF, 0xFF,
    0xFF, 0xFF, 0xFF, 0xFF, 0xFF, 0xFF, 0xFF, 0xFF, 0xFF, 0xFF, 0xFF, 0xFF,
    0xFF, 0xFF, 0xFF, 0xFF, 0xFF, 0xFF, 0xFF, 0xFF, 0xFF, 0xFF, 0xFF, 0xFF,
    0xFF, 0xFF, 0xFF, 0xFF, 0xFF, 0xFF, 0xFF, 0xFF, 0xFF, 0xFF, 0xFF, 0xFF,
    0xFF, 0xFF, 0xFF, 0xFF, 0xFF, 0xFF, 0xFF, 0xFF, 0xFF, 0xFF, 0xFF, 0xFF,
    0xFF, 0xFF, 0xFF, 0xFF, 0xFF, 0xFF, 0xFF, 0xFF, 0xFF, 0xFF, 0xFF, 0xFF,
    0xFF, 0xFF, 0xFF, 0xFF, 0xFF, 0xFF, 0xFF, 0xFF, 0xFF, 0xFF, 0xFF, 0xFF,
    0xFF, 0xFF, 0xFF, 0xFF, 0xFF, 0xFF, 0xFF, 0xFF, 0xFF, 0xFF, 0xFF, 0xFF,
    0xFF, 0xFF, 0xFF, 0xFF, 0xFF, 0xFF, 0xFF, 0xFF, 0xFF, 0xFF, 0xFF, 0xFF,
    0xFF, 0xFF, 0xFF, 0xFF, 0xFF, 0xFF, 0xFF, 0xFF, 0xFF, 0xFF, 0xFF, 0xFF,
    0xFF, 0xFF, 0xFF, 0xFF, 0xFF, 0xFF, 0xFF, 0xFF, 0xFF, 0xFF, 0xFF, 0xFF,
    0xFF, 0xFF, 0xFF, 0xFF, 0xFF, 0xFF, 0xFF, 0xFF, 0xFF, 0xFF, 0xFF, 0xFF,
    0xFF, 0xFF, 0xFF, 0xFF, 0xFF, 0xFF, 0xFF, 0xFF, 0xFF, 0xFF, 0xFF, 0xFF,
    0xFF, 0xFF, 0xFF, 0xFF, 0xFF, 0xFF, 0xFF, 0xFF, 0xFF, 0xFF, 0xFF, 0xFF,
    0xFF, 0xFF, 0xFF, 0xFF, 0xFF, 0xFF, 0xFF, 0xFF, 0xFF, 0xFF, 0xFF, 0xFF,
    0xFF, 0xFF, 0xFF, 0xFF, 0xFF, 0xFF, 0xFF, 0xFF, 0xFF, 0xFF, 0xFF, 0xFF,
    0xFF, 0xFF, 0xFF, 0xFF, 0xFF, 0xFF, 0xFF, 0xFF, 0xFF, 0xFF, 0xFF, 0xFF,
    0xFF, 0xFF, 0xFF, 0xFF, 0xFF, 0xFF, 0xFF, 0xFF, 0xFF, 0xFF, 0xFF, 0xFF,
    0xFF, 0xFF, 0xFF, 0xFF, 0xFF, 0xFF, 0xFF, 0xFF, 0xFF, 0xFF, 0xFF, 0xFF,
    0xFF, 0xFF, 0xFF, 0xFF, 0xFF, 0xFF, 0xFF, 0xFF, 0xFF, 0xFF, 0xFF, 0xFF,
    0xFF, 0xFF, 0xFF, 0xFF, 0xFF, 0xFF, 0xFF, 0xFF, 0xFF, 0xFF, 0xFF, 0xFF,
    0xFF, 0xFF, 0xFF, 0xFF, 0xFF, 0xFF, 0xFF, 0xFF, 0xFF, 0xFF, 0xFF, 0xFF,
    0xFF, 0xFF, 0xFF, 0xFF, 0xFF, 0xFF, 0xFF, 0xFF, 0xFF, 0xFF, 0xFF, 0xFF,
    0xFF, 0xFF, 0xFF, 0xFF, 0xFF, 0xFF, 0xFF, 0xFF, 0xFF, 0xFF, 0xFF, 0xFF,
    0xFF, 0xFF, 0xFF, 0xFF, 0xFF, 0xFF, 0xFF, 0xFF, 0xFF, 0xFF, 0xFF, 0xFF,
    0xFF, 0xFF, 0xFF, 0xFF, 0xFF, 0xFF, 0xFF, 0xFF, 0xFF, 0xFF, 0xFF, 0xFF,
    0xFF, 0xFF, 0xFF, 0xFF, 0xFF, 0xFF, 0xFF, 0xFF, 0xFF, 0xFF, 0xFF, 0xFF,
    0xFF, 0xFF, 0xFF, 0xFF, 0xFF, 0xFF, 0xFF, 0xFF, 0xFF, 0xFF, 0xFF, 0xFF,
    0xFF, 0xFF, 0xFF, 0xFF, 0xFF, 0xFF, 0xFF, 0xFF, 0xFF, 0xFF, 0xFF, 0xFF,
    0xFF, 0xFF, 0xFF, 0xFF, 0xFF, 0xFF, 0xFF, 0xFF, 0xFF, 0xFF, 0xFF, 0xFF,
    0xFF, 0xFF, 0xFF, 0xFF, 0xFF, 0xFF, 0xFF, 0xFF, 0xFF, 0xFF, 0xFF, 0xFF,
    0xFF, 0xFF, 0xFF, 0xFF, 0xFF, 0xFF, 0xFF, 0xFF, 0xFF, 0xFF, 0xFF, 0xFF,
    0xFF, 0xFF, 0xFF, 0xFF, 0xFF, 0xFF, 0xFF, 0xFF, 0xFF, 0xFF, 0xFF, 0xFF,
    0xFF, 0xFF, 0xFF, 0xFF, 0xFF, 0xFF, 0xFF, 0xFF, 0xFF, 0xFF, 0xFF, 0xFF,
    0xFF, 0xFF, 0xFF, 0xFF, 0xFF, 0xFF, 0xFF, 0xFF, 0xFF, 0xFF, 0xFF, 0xFF,
    0xFF, 0xFF, 0xFF, 0xFF, 0xFF, 0xFF, 0xFF, 0xFF, 0xFF, 0xFF, 0xFF, 0xFF,
    0xFF, 0xFF, 0xFF, 0xFF, 0xFF, 0xFF, 0xFF, 0xFF, 0xFF, 0xFF, 0xFF, 0xFF,
    0xFF, 0xFF, 0xFF, 0xFF, 0xFF, 0xFF, 0xFF, 0xFF, 0xFF, 0xFF, 0xFF, 0xFF,
    0xFF, 0xFF, 0xFF, 0xFF, 0xFF, 0xFF, 0xFF, 0xFF, 0xFF, 0xFF, 0xFF, 0xFF,
    0xFF, 0xFF, 0xFF, 0xFF, 0xFF, 0xFF, 0xFF, 0xFF, 0xFF, 0xFF, 0xFF, 0xFF,
    0xFF, 0xFF, 0xFF, 0xFF, 0xFF, 0xFF, 0xFF, 0xFF, 0xFF, 0xFF, 0xFF, 0xFF,
    0xFF, 0xFF, 0xFF, 0xFF, 0xFF, 0xFF, 0xFF, 0xFF, 0xFF, 0xFF, 0xFF, 0xFF,
    0xFF, 0xFF, 0xFF, 0xFF, 0xFF, 0xFF, 0xFF, 0xFF, 0xFF, 0xFF, 0xFF, 0xFF,
    0xFF, 0xFF, 0xFF, 0xFF, 0xFF, 0xFF, 0xFF, 0xFF, 0xFF, 0xFF, 0xFF, 0xFF,
    0xFF, 0xFF, 0xFF, 0xFF, 0xFF, 0xFF, 0xFF, 0xFF, 0xFF, 0xFF, 0xFF, 0xFF,
    0xFF, 0xFF, 0xFF, 0xFF, 0xFF, 0xFF, 0xFF, 0xFF, 0xFF, 0xFF, 0xFF, 0xFF,
    0xFF, 0xFF, 0xFF, 0xFF, 0xFF, 0xFF, 0xFF, 0xFF, 0xFF, 0xFF, 0xFF, 0xFF,
    0xFF, 0xFF, 0xFF, 0xFF, 0xFF, 0xFF, 0xFF, 0xFF, 0xFF, 0xFF, 0xFF, 0xFF,
    0xFF, 0xFF, 0xFF, 0xFF, 0xFF, 0xFF, 0xFF, 0xFF, 0xFF, 0xFF, 0xFF, 0xFF,
    0xFF, 0xFF, 0xFF, 0xFF, 0xFF, 0xFF, 0xFF, 0xFF, 0xFF, 0xFF, 0xFF, 0xFF,
    0xFF, 0xFF, 0xFF, 0xFF, 0xFF, 0xFF, 0xFF, 0xFF, 0xFF, 0xFF, 0xFF, 0xFF,
    0xFF, 0xFF, 0xFF, 0xFF, 0xFF, 0xFF, 0xFF, 0xFF, 0xFF, 0xFF, 0xFF, 0xFF,
    0xFF, 0xFF, 0xFF, 0xFF, 0xFF, 0xFF, 0xFF, 0xFF, 0xFF, 0xFF, 0xFF, 0xFF,
    0xFF, 0xFF, 0xFF, 0xFF, 0xFF, 0xFF, 0xFF, 0xFF, 0xFF, 0xFF, 0xFF, 0xFF,
    0xFF, 0xFF, 0xFF, 0xFF, 0xFF, 0xFF, 0xFF, 0xFF, 0xFF, 0xFF, 0xFF, 0xFF,
    0xFF, 0xFF, 0xFF, 0xFF, 0xFF, 0xFF, 0xFF, 0xFF, 0xFF, 0xFF, 0xFF, 0xFF,
    0xFF, 0xFF, 0xFF, 0xFF, 0xFF, 0xFF, 0xFF, 0xFF, 0xFF, 0xFF, 0xFF, 0xFF,
    0xFF, 0xFF, 0xFF, 0xFF, 0xFF, 0xFF, 0xFF, 0xFF, 0xFF, 0xFF, 0xFF, 0xFF,
    0xFF, 0xFF, 0xFF, 0xFF, 0xFF, 0xFF, 0xFF, 0xFF, 0xFF, 0xFF, 0xFF, 0xFF,
    0xFF, 0xFF, 0xFF, 0xFF, 0xFF, 0xFF, 0xFF, 0xFF, 0xFF, 0xFF, 0xFF, 0xFF,
    0xFF, 0xFF, 0xFF, 0xFF, 0xFF, 0xFF, 0xFF, 0xFF, 0xFF, 0xFF, 0xFF, 0xFF,
    0xFF, 0xFF, 0xFF, 0xFF, 0xFF, 0xFF, 0xFF, 0xFF, 0xFF, 0xFF, 0xFF, 0xFF,
    0xFF, 0xFF, 0xFF, 0xFF, 0xFF, 0xFF, 0xFF, 0xFF, 0xFF, 0xFF, 0xFF, 0xFF,
    0xFF, 0xFF, 0xFF, 0xFF, 0xFF, 0xFF, 0xFF, 0xFF, 0xFF, 0xFF, 0xFF, 0xFF,
    0xFF, 0xFF, 0xFF, 0xFF, 0xFF, 0xFF, 0xFF, 0xFF, 0xFF, 0xFF, 0xFF, 0xFF,
    0xFF, 0xFF, 0xFF, 0xFF, 0xFF, 0xFF, 0xFF, 0xFF, 0xFF, 0xFF, 0xFF, 0xFF,
    0xFF, 0xFF, 0xFF, 0xFF, 0xFF, 0xFF, 0xFF, 0xFF, 0xFF, 0xFF, 0xFF, 0xFF,
    0xFF, 0xFF, 0xFF, 0xFF, 0xFF, 0xFF, 0xFF, 0xFF, 0xFF, 0xFF, 0xFF, 0xFF,
    0xFF, 0xFF, 0xFF, 0xFF, 0xFF, 0xFF, 0xFF, 0xFF, 0xFF, 0xFF, 0xFF, 0xFF,
    0xFF, 0xFF, 0xFF, 0xFF, 0xFF, 0xFF, 0xFF, 0xFF, 0xFF, 0xFF, 0xFF, 0xFF,
    0xFF, 0xFF, 0xFF, 0xFF, 0xFF, 0xFF, 0xFF, 0xFF, 0xFF, 0xFF, 0xFF, 0xFF,
    0xFF, 0xFF, 0xFF, 0xFF, 0xFF, 0xFF, 0xFF, 0xFF, 0xFF, 0xFF, 0xFF, 0xFF,
    0xFF, 0xFF, 0xFF, 0xFF, 0xFF, 0xFF, 0xFF, 0xFF, 0xFF, 0xFF, 0xFF, 0xFF,
    0xFF, 0xFF, 0xFF, 0xFF, 0xFF, 0xFF, 0xFF, 0xFF, 0xFF, 0xFF, 0xFF, 0xFF,
    0xFF, 0xFF, 0xFF, 0xFF, 0xFF, 0xFF, 0xFF, 0xFF, 0xFF, 0xFF, 0xFF, 0xFF,
    0xFF, 0xFF, 0xFF, 0xFF, 0xFF, 0xFF, 0xFF, 0xFF, 0xFF, 0xFF, 0xFF, 0xFF,
    0xFF, 0xFF, 0xFF, 0xFF, 0xFF, 0xFF, 0xFF, 0xFF, 0xFF, 0xFF, 0xFF, 0xFF,
    0xFF, 0xFF, 0xFF, 0xFF, 0xFF, 0xFF, 0xFF, 0xFF, 0xFF, 0xFF, 0xFF, 0xFF,
    0xFF, 0xFF, 0xFF, 0xFF, 0xFF, 0xFF, 0xFF, 0xFF, 0xFF, 0xFF, 0xFF, 0xFF,
    0xFF, 0xFF, 0xFF, 0xFF, 0xFF, 0xFF, 0xFF, 0xFF, 0xFF, 0xFF, 0xFF, 0xFF,
    0xFF, 0xFF, 0xFF, 0xFF, 0xFF, 0xFF, 0xFF, 0xFF, 0xFF, 0xFF, 0xFF, 0xFF,
    0xFF, 0xFF, 0xFF, 0xFF, 0xFF, 0xFF, 0xFF, 0xFF, 0xFF, 0xFF, 0xFF, 0xFF,
    0xFF, 0xFF, 0xFF, 0xFF, 0xFF, 0xFF, 0xFF, 0xFF, 0xFF, 0xFF, 0xFF, 0xFF,
    0xFF, 0xFF, 0xFF, 0xFF, 0xFF, 0xFF, 0xFF, 0xFF, 0xFF, 0xFF, 0xFF, 0xFF,
    0xFF, 0xFF, 0xFF, 0xFF, 0xFF, 0xFF, 0xFF, 0xFF, 0xFF, 0xFF, 0xFF, 0xFF,
    0xFF, 0xFF, 0xFF, 0xFF, 0xFF, 0xFF, 0xFF, 0xFF, 0xFF, 0xFF, 0xFF, 0xFF,
    0xFF, 0xFF, 0xFF, 0xFF, 0xFF, 0xFF, 0xFF, 0xFF, 0xFF, 0xFF, 0xFF, 0xFF,
    0xFF, 0xFF, 0xFF, 0xFF, 0xFF, 0xFF, 0xFF, 0xFF, 0xFF, 0xFF, 0xFF, 0xFF,
    0xFF, 0xFF, 0xFF, 0xFF, 0xFF, 0xFF, 0xFF, 0xFF, 0xFF, 0xFF, 0xFF, 0xFF,
    0xFF, 0xFF, 0xFF, 0xFF, 0xFF, 0xFF, 0xFF, 0xFF, 0xFF, 0xFF, 0xFF, 0xFF,
    0xFF, 0xFF, 0xFF, 0xFF, 0xFF, 0xFF, 0xFF, 0xFF, 0xFF, 0xFF, 0xFF, 0xFF,
    0xFF, 0xFF, 0xFF, 0xFF, 0xFF, 0xFF, 0xFF, 0xFF, 0xFF, 0xFF, 0xFF, 0xFF,
    0xFF, 0xFF, 0xFF, 0xFF, 0xFF, 0xFF, 0xFF, 0xFF, 0xFF, 0xFF, 0xFF, 0xFF,
    0xFF, 0xFF, 0xFF, 0xFF, 0xFF, 0xFF, 0xFF, 0xFF, 0xFF, 0xFF, 0xFF, 0xFF,
    0xFF, 0xFF, 0xFF, 0xFF, 0xFF, 0xFF, 0xFF, 0xFF, 0xFF, 0xFF, 0xFF, 0xFF,
    0xFF, 0xFF, 0xFF, 0xFF, 0xFF, 0xFF, 0xFF, 0xFF, 0xFF, 0xFF, 0xFF, 0xFF,
    0xFF, 0xFF, 0xFF, 0xFF, 0xFF, 0xFF, 0xFF, 0xFF, 0xFF, 0xFF, 0xFF, 0xFF,
    0xFF, 0xFF, 0xFF, 0xFF, 0xFF, 0xFF, 0xFF, 0xFF, 0xFF, 0xFF, 0xFF, 0xFF,
    0xFF, 0xFF, 0xFF, 0xFF, 0xFF, 0xFF, 0xFF, 0xFF, 0xFF, 0xFF, 0xFF, 0xFF,
    0xFF, 0xFF, 0xFF, 0xFF, 0xFF, 0xFF, 0xFF, 0xFF, 0xFF, 0xFF, 0xFF, 0xFF,
    0xFF, 0xFF, 0xFF, 0xFF, 0xFF, 0xFF, 0xFF, 0xFF, 0xFF, 0xFF, 0xFF, 0xFF,
    0xFF, 0xFF, 0xFF, 0xFF, 0xFF, 0xFF, 0xFF, 0xFF, 0xFF, 0xFF, 0xFF, 0xFF,
    0xFF, 0xFF, 0xFF, 0xFF, 0xFF, 0xFF, 0xFF, 0xFF, 0xFF, 0xFF, 0xFF, 0xFF,
    0xFF, 0xFF, 0xFF, 0xFF, 0xFF, 0xFF, 0xFF, 0xFF, 0xFF, 0xFF, 0xFF, 0xFF,
    0xFF, 0xFF, 0xFF, 0xFF, 0xFF, 0xFF, 0xFF, 0xFF, 0xFF, 0xFF, 0xFF, 0xFF,
    0xFF, 0xFF, 0xFF, 0xFF, 0xFF, 0xFF, 0xFF, 0xFF, 0xFF, 0xFF, 0xFF, 0xFF,
    0xFF, 0xFF, 0xFF, 0xFF, 0xFF, 0xFF, 0xFF, 0xFF, 0xFF, 0xFF, 0xFF, 0xFF,
    0xFF, 0xFF, 0xFF, 0xFF, 0xFF, 0xFF, 0xFF, 0xFF, 0xFF, 0xFF, 0xFF, 0xFF,
    0xFF, 0xFF, 0xFF, 0xFF, 0xFF, 0xFF, 0xFF, 0xFF, 0xFF, 0xFF, 0xFF, 0xFF,
    0xFF, 0xFF, 0xFF, 0xFF, 0xFF, 0xFF, 0xFF, 0xFF, 0xFF, 0xFF, 0xFF, 0xFF,
    0xFF, 0xFF, 0xFF, 0xFF, 0xFF, 0xFF, 0xFF, 0xFF, 0xFF, 0xFF, 0xFF, 0xFF,
    0xFF, 0xFF, 0xFF, 0xFF, 0xFF, 0xFF, 0xFF, 0xFF, 0xFF, 0xFF, 0xFF, 0xFF,
    0xFF, 0xFF, 0xFF, 0xFF, 0xFF, 0xFF, 0xFF, 0xFF, 0xFF, 0xFF, 0xFF, 0xFF,
    0xFF, 0xFF, 0xFF, 0xFF, 0xFF, 0xFF, 0xFF, 0xFF, 0xFF, 0xFF, 0xFF, 0xFF,
    0xFF, 0xFF, 0xFF, 0xFF, 0xFF, 0xFF, 0xFF, 0xFF, 0xFF, 0xFF, 0xFF, 0xFF,
    0xFF, 0xFF, 0xFF, 0xFF, 0xFF, 0xFF, 0xFF, 0xFF, 0xFF, 0xFF, 0xFF, 0xFF,
    0xFF, 0xFF, 0xFF, 0xFF, 0xFF, 0xFF, 0xFF, 0xFF, 0xFF, 0xFF, 0xFF, 0xFF,
    0xFF, 0xFF, 0xFF, 0xFF, 0xFF, 0xFF, 0xFF, 0xFF, 0xFF, 0xFF, 0xFF, 0xFF,
    0xFF, 0xFF, 0xFF, 0xFF, 0xFF, 0xFF, 0xFF, 0xFF, 0xFF, 0xFF, 0xFF, 0xFF,
    0xFF, 0xFF, 0xFF, 0xFF, 0xFF, 0xFF, 0xFF, 0xFF, 0xFF, 0xFF, 0xFF, 0xFF,
    0xFF, 0xFF, 0xFF, 0xFF, 0xFF, 0xFF, 0xFF, 0xFF, 0xFF, 0xFF, 0xFF, 0xFF,
    0xFF, 0xFF, 0xFF, 0xFF, 0xFF, 0xFF, 0xFF, 0xFF, 0xFF, 0xFF, 0xFF, 0xFF,
    0xFF, 0xFF, 0xFF, 0xFF, 0xFF, 0xFF, 0xFF, 0xFF, 0xFF, 0xFF, 0xFF, 0xFF,
    0xFF, 0xFF, 0xFF, 0xFF, 0xFF, 0xFF, 0xFF, 0xFF, 0xFF, 0xFF, 0xFF, 0xFF,
    0xFF, 0xFF, 0xFF, 0xFF, 0xFF, 0xFF, 0xFF, 0xFF, 0xFF, 0xFF, 0xFF, 0xFF,
    0xFF, 0xFF, 0xFF, 0xFF, 0xFF, 0xFF, 0xFF, 0xFF, 0xFF, 0xFF, 0xFF, 0xFF,
    0xFF, 0xFF, 0xFF, 0xFF, 0xFF, 0xFF, 0xFF, 0xFF, 0xFF, 0xFF, 0xFF, 0xFF,
    0xFF, 0xFF, 0xFF, 0xFF, 0xFF, 0xFF, 0xFF, 0xFF, 0xFF, 0xFF, 0xFF, 0xFF,
    0xFF, 0xFF, 0xFF, 0xFF, 0xFF, 0xFF, 0xFF, 0xFF, 0xFF, 0xFF, 0xFF, 0xFF,
    0xFF, 0xFF, 0xFF, 0xFF, 0xFF, 0xFF, 0xFF, 0xFF, 0xFF, 0xFF, 0xFF, 0xFF,
    0xFF, 0xFF, 0xFF, 0xFF, 0xFF, 0xFF, 0xFF, 0xFF, 0xFF, 0xFF, 0xFF, 0xFF,
    0xFF, 0xFF, 0xFF, 0xFF, 0xFF, 0xFF, 0xFF, 0xFF, 0xFF, 0xFF, 0xFF, 0xFF,
    0xFF, 0xFF, 0xFF, 0xFF, 0xFF, 0xFF, 0xFF, 0xFF, 0xFF, 0xFF, 0xFF, 0xFF,
    0xFF, 0xFF, 0xFF, 0xFF, 0xFF, 0xFF, 0xFF, 0xFF, 0xFF, 0xFF, 0xFF, 0xFF,
    0xFF, 0xFF, 0xFF, 0xFF, 0xFF, 0xFF, 0xFF, 0xFF, 0xFF, 0xFF, 0xFF, 0xFF,
    0xFF, 0xFF, 0xFF, 0xFF, 0xFF, 0xFF, 0xFF, 0xFF, 0xFF, 0xFF, 0xFF, 0xFF,
    0xFF, 0xFF, 0xFF, 0xFF, 0xFF, 0xFF, 0xFF, 0xFF, 0xFF, 0xFF, 0xFF, 0xFF,
    0xFF, 0xFF, 0xFF, 0xFF, 0xFF, 0xFF, 0xFF, 0xFF, 0xFF, 0xFF, 0xFF, 0xFF,
    0xFF, 0xFF, 0xFF, 0xFF, 0xFF, 0xFF, 0xFF, 0xFF, 0xFF, 0xFF, 0xFF, 0xFF,
    0xFF, 0xFF, 0xFF, 0xFF, 0xFF, 0xFF, 0xFF, 0xFF, 0xFF, 0xFF, 0xFF, 0xFF,
    0xFF, 0xFF, 0xFF, 0xFF, 0xFF, 0xFF, 0xFF, 0xFF, 0xFF, 0xFF, 0xFF, 0xFF,
    0xFF, 0xFF, 0xFF, 0xFF, 0xFF, 0xFF, 0xFF, 0xFF, 0xFF, 0xFF, 0xFF, 0xFF,
    0xFF, 0xFF, 0xFF, 0xFF, 0xFF, 0xFF, 0xFF, 0xFF, 0xFF, 0xFF, 0xFF, 0xFF,
    0xFF, 0xFF, 0xFF, 0xFF, 0xFF, 0xFF, 0xFF, 0xFF, 0xFF, 0xFF, 0xFF, 0xFF,
    0xFF, 0xFF, 0xFF, 0xFF, 0xFF, 0xFF, 0xFF, 0xFF, 0xFF, 0xFF, 0xFF, 0xFF,
    0xFF, 0xFF, 0xFF, 0xFF, 0xFF, 0xFF, 0xFF, 0xFF, 0xFF, 0xFF, 0xFF, 0xFF,
    0xFF, 0xFF, 0xFF, 0xFF, 0xFF, 0xFF, 0xFF, 0xFF, 0xFF, 0xFF, 0xFF, 0xFF,
    0xFF, 0xFF, 0xFF, 0xFF, 0xFF, 0xFF, 0xFF, 0xFF, 0xFF, 0xFF, 0xFF, 0xFF,
    0xFF, 0xFF, 0xFF, 0xFF, 0xFF, 0xFF, 0xFF, 0xFF, 0xFF, 0xFF, 0xFF, 0xFF,
    0xFF, 0xFF, 0xFF, 0xFF, 0xFF, 0xFF, 0xFF, 0xFF, 0xFF, 0xFF, 0xFF, 0xFF,
    0xFF, 0xFF, 0xFF, 0xFF, 0xFF, 0xFF, 0xFF, 0xFF, 0xFF, 0xFF, 0xFF, 0xFF,
    0xFF, 0xFF, 0xFF, 0xFF, 0xFF, 0xFF, 0xFF, 0xFF, 0xFF, 0xFF, 0xFF, 0xFF,
    0xFF, 0xFF, 0xFF, 0xFF, 0xFF, 0xFF, 0xFF, 0xFF, 0xFF, 0xFF, 0xFF, 0xFF,
    0xFF, 0xFF, 0xFF, 0xFF, 0xFF, 0xFF, 0xFF, 0xFF, 0xFF, 0xFF, 0xFF, 0xFF,
    0xFF, 0xFF, 0xFF, 0xFF, 0xFF, 0xFF, 0xFF, 0xFF, 0xFF, 0xFF, 0xFF, 0xFF,
    0xFF, 0xFF, 0xFF, 0xFF, 0xFF, 0xFF, 0xFF, 0xFF, 0xFF, 0xFF, 0xFF, 0xFF,
    0xFF, 0xFF, 0xFF, 0xFF, 0xFF, 0xFF, 0xFF, 0xFF, 0xFF, 0xFF, 0xFF, 0xFF,
    0xFF, 0xFF, 0xFF, 0xFF, 0xFF, 0xFF, 0xFF, 0xFF, 0xFF, 0xFF, 0xFF, 0xFF,
    0xFF, 0xFF, 0xFF, 0xFF, 0xFF, 0xFF, 0xFF, 0xFF, 0xFF, 0xFF, 0xFF, 0xFF,
    0xFF, 0xFF, 0xFF, 0xFF, 0xFF, 0xFF, 0xFF, 0xFF, 0xFF, 0xFF, 0xFF, 0xFF,
    0xFF, 0xFF, 0xFF, 0xFF, 0xFF, 0xFF, 0xFF, 0xFF, 0xFF, 0xFF, 0xFF, 0xFF,
    0xFF, 0xFF, 0xFF, 0xFF, 0xFF, 0xFF, 0xFF, 0xFF, 0xFF, 0xFF, 0xFF, 0xFF,
    0xFF, 0xFF, 0xFF, 0xFF, 0xFF, 0xFF, 0xFF, 0xFF, 0xFF, 0xFF, 0xFF, 0xFF,
    0xFF, 0xFF, 0xFF, 0xFF, 0xFF, 0xFF, 0xFF, 0xFF, 0xFF, 0xFF, 0xFF, 0xFF,
    0xFF, 0xFF, 0xFF, 0xFF, 0xFF, 0xFF, 0xFF, 0xFF, 0xFF, 0xFF, 0xFF, 0xFF,
    0xFF, 0xFF, 0xFF, 0xFF, 0xFF, 0xFF, 0xFF, 0xFF, 0xFF, 0xFF, 0xFF, 0xFF,
    0xFF, 0xFF, 0xFF, 0xFF, 0xFF, 0xFF, 0xFF, 0xFF, 0xFF, 0xFF, 0xFF, 0xFF,
    0xFF, 0xFF, 0xFF, 0xFF, 0xFF, 0xFF, 0xFF, 0xFF, 0xFF, 0xFF, 0xFF, 0xFF,
    0xFF, 0xFF, 0xFF, 0xFF, 0xFF, 0xFF, 0xFF, 0xFF, 0xFF, 0xFF, 0xFF, 0xFF,
    0xFF, 0xFF, 0xFF, 0xFF, 0xFF, 0xFF, 0xFF, 0xFF, 0xFF, 0xFF, 0xFF, 0xFF,
    0xFF, 0xFF, 0xFF, 0xFF, 0xFF, 0xFF, 0xFF, 0xFF, 0xFF, 0xFF, 0xFF, 0xFF,
    0xFF, 0xFF, 0xFF, 0xFF, 0xFF, 0xFF, 0xFF, 0xFF, 0xFF, 0xFF, 0xFF, 0xFF,
    0xFF, 0xFF, 0xFF, 0xFF, 0xFF, 0xFF, 0xFF, 0xFF, 0xFF, 0xFF, 0xFF, 0xFF,
    0xFF, 0xFF, 0xFF, 0xFF, 0xFF, 0xFF, 0xFF, 0xFF, 0xFF, 0xFF, 0xFF, 0xFF,
    0xFF, 0xFF, 0xFF, 0xFF, 0xFF, 0xFF, 0xFF, 0xFF, 0xFF, 0xFF, 0xFF, 0xFF,
    0xFF, 0xFF, 0xFF, 0xFF, 0xFF, 0xFF, 0xFF, 0xFF, 0xFF, 0xFF, 0xFF, 0xFF,
    0xFF, 0xFF, 0xFF, 0xFF, 0xFF, 0xFF, 0xFF, 0xFF, 0xFF, 0xFF, 0xFF, 0xFF,
    0xFF, 0xFF, 0xFF, 0xFF, 0xFF, 0xFF, 0xFF, 0xFF, 0xFF, 0xFF, 0xFF, 0xFF,
    0xFF, 0xFF, 0xFF, 0xFF, 0xFF, 0xFF, 0xFF, 0xFF, 0xFF, 0xFF, 0xFF, 0xFF,
    0xFF, 0xFF, 0xFF, 0xFF, 0xFF, 0xFF, 0xFF, 0xFF, 0xFF, 0xFF, 0xFF, 0xFF,
    0xFF, 0xFF, 0xFF, 0xFF, 0xFF, 0xFF, 0xFF, 0xFF, 0xFF, 0xFF, 0xFF, 0xFF,
    0xFF, 0xFF, 0xFF, 0xFF, 0xFF, 0xFF, 0xFF, 0xFF, 0xFF, 0xFF, 0xFF, 0xFF,
    0xFF, 0xFF, 0xFF, 0xFF, 0xFF, 0xFF, 0xFF, 0xFF, 0xFF, 0xFF, 0xFF, 0xFF,
    0xFF, 0xFF, 0xFF, 0xFF, 0xFF, 0xFF, 0xFF, 0xFF, 0xFF, 0xFF, 0xFF, 0xFF,
    0xFF, 0xFF, 0xFF, 0xFF, 0xFF, 0xFF, 0xFF, 0xFF, 0xFF, 0xFF, 0xFF, 0xFF,
    0xFF, 0xFF, 0xFF, 0xFF, 0xFF, 0xFF, 0xFF, 0xFF, 0xFF, 0xFF, 0xFF, 0xFF,
    0xFF, 0xFF, 0xFF, 0xFF, 0xFF, 0xFF, 0xFF, 0xFF, 0xFF, 0xFF, 0xFF, 0xFF,
    0xFF, 0xFF, 0xFF, 0xFF, 0xFF, 0xFF, 0xFF, 0xFF, 0xFF, 0xFF, 0xFF, 0xFF,
    0xFF, 0xFF, 0xFF, 0xFF, 0xFF, 0xFF, 0xFF, 0xFF, 0xFF, 0xFF, 0xFF, 0xFF,
    0xFF, 0xFF, 0xFF, 0xFF, 0xFF, 0xFF, 0xFF, 0xFF, 0xFF, 0xFF, 0xFF, 0xFF,
    0xFF, 0xFF, 0xFF, 0xFF, 0xFF, 0xFF, 0xFF, 0xFF, 0xFF, 0xFF, 0xFF, 0xFF,
    0xFF, 0xFF, 0xFF, 0xFF, 0xFF, 0xFF, 0xFF, 0xFF, 0xFF, 0xFF, 0xFF, 0xFF,
    0xFF, 0xFF, 0xFF, 0xFF, 0xFF, 0xFF, 0xFF, 0xFF, 0xFF, 0xFF, 0xFF, 0xFF,
    0xFF, 0xFF, 0xFF, 0xFF, 0xFF, 0xFF, 0xFF, 0xFF, 0xFF, 0xFF, 0xFF, 0xFF,
    0xFF, 0xFF, 0xFF, 0xFF, 0xFF, 0xFF, 0xFF, 0xFF, 0xFF, 0xFF, 0xFF, 0xFF,
    0xFF, 0xFF, 0xFF, 0xFF, 0xFF, 0xFF, 0xFF, 0xFF, 0xFF, 0xFF, 0xFF, 0xFF,
    0xFF, 0xFF, 0xFF, 0xFF, 0xFF, 0xFF, 0xFF, 0xFF, 0xFF, 0xFF, 0xFF, 0xFF,
    0xFF, 0xFF, 0xFF, 0xFF, 0xFF, 0xFF, 0xFF, 0xFF, 0xFF, 0xFF, 0xFF, 0xFF,
    0xFF, 0xFF, 0xFF, 0xFF, 0xFF, 0xFF, 0xFF, 0xFF, 0xFF, 0xFF, 0xFF, 0xFF,
    0xFF, 0xFF, 0xFF, 0xFF, 0xFF, 0xFF, 0xFF, 0xFF, 0xFF, 0xFF, 0xFF, 0xFF,
    0xFF, 0xFF, 0xFF, 0xFF, 0xFF, 0xFF, 0xFF, 0xFF, 0xFF, 0xFF, 0xFF, 0xFF,
    0xFF, 0xFF, 0xFF, 0xFF, 0xFF, 0xFF, 0xFF, 0xFF, 0xFF, 0xFF, 0xFF, 0xFF,
    0xFF, 0xFF, 0xFF, 0xFF, 0xFF, 0xFF, 0xFF, 0xFF, 0xFF, 0xFF, 0xFF, 0xFF,
    0xFF, 0xFF, 0xFF, 0xFF, 0xFF, 0xFF, 0xFF, 0xFF, 0xFF, 0xFF, 0xFF, 0xFF,
    0xFF, 0xFF, 0xFF, 0xFF, 0xFF, 0xFF, 0xFF, 0xFF, 0xFF, 0xFF, 0xFF, 0xFF,
    0xFF, 0xFF, 0xFF, 0xFF, 0xFF, 0xFF, 0xFF, 0xFF, 0xFF, 0xFF, 0xFF, 0xFF,
    0xFF, 0xFF, 0xFF, 0xFF, 0xFF, 0xFF, 0xFF, 0xFF, 0xFF, 0xFF, 0xFF, 0xFF,
    0xFF, 0xFF, 0xFF, 0xFF, 0xFF, 0xFF, 0xFF, 0xFF, 0xFF, 0xFF, 0xFF, 0xFF,
    0xFF, 0xFF, 0xFF, 0xFF, 0xFF, 0xFF, 0xFF, 0xFF, 0xFF, 0xFF, 0xFF, 0xFF,
    0xFF, 0xFF, 0xFF, 0xFF, 0xFF, 0xFF, 0xFF, 0xFF, 0xFF, 0xFF, 0xFF, 0xFF,
    0xFF, 0xFF, 0xFF, 0xFF, 0xFF, 0xFF, 0xFF, 0xFF, 0xFF, 0xFF, 0xFF, 0xFF,
    0xFF, 0xFF, 0xFF, 0xFF, 0xFF, 0xFF, 0xFF, 0xFF, 0xFF, 0xFF, 0xFF, 0xFF,
    0xFF, 0xFF, 0xFF, 0xFF, 0xFF, 0xFF, 0xFF, 0xFF, 0xFF, 0xFF, 0xFF, 0xFF,
    0xFF, 0xFF, 0xFF, 0xFF, 0xFF, 0xFF, 0xFF, 0xFF, 0xFF, 0xFF, 0xFF, 0xFF,
    0xFF, 0xFF, 0xFF, 0xFF, 0xFF, 0xFF, 0xFF, 0xFF, 0xFF, 0xFF, 0xFF, 0xFF,
    0xFF, 0xFF, 0xFF, 0xFF, 0xFF, 0xFF, 0xFF, 0xFF, 0xFF, 0xFF, 0xFF, 0xFF,
    0xFF, 0xFF, 0xFF, 0xFF, 0xFF, 0xFF, 0xFF, 0xFF, 0xFF, 0xFF, 0xFF, 0xFF,
    0xFF, 0xFF, 0xFF, 0xFF, 0xFF, 0xFF, 0xFF, 0xFF, 0xFF, 0xFF, 0xFF, 0xFF,
    0xFF, 0xFF, 0xFF, 0xFF, 0xFF, 0xFF, 0xFF, 0xFF, 0xFF, 0xFF, 0xFF, 0xFF,
    0xFF, 0xFF, 0xFF, 0xFF, 0xFF, 0xFF, 0xFF, 0xFF, 0xFF, 0xFF, 0xFF, 0xFF,
    0xFF, 0xFF, 0xFF, 0xFF, 0xFF, 0xFF, 0xFF, 0xFF, 0xFF, 0xFF, 0xFF, 0xFF,
    0xFF, 0xFF, 0xFF, 0xFF, 0xFF, 0xFF, 0xFF, 0xFF, 0xFF, 0xFF, 0xFF, 0xFF,
    0xFF, 0xFF, 0xFF, 0xFF, 0xFF, 0xFF, 0xFF, 0xFF, 0xFF, 0xFF, 0xFF, 0xFF,
    0xFF, 0xFF, 0xFF, 0xFF, 0xFF, 0xFF, 0xFF, 0xFF, 0xFF, 0xFF, 0xFF, 0xFF,
    0xFF, 0xFF, 0xFF, 0xFF, 0xFF, 0xFF, 0xFF, 0xFF, 0xFF, 0xFF, 0xFF, 0xFF,
    0xFF, 0xFF, 0xFF, 0xFF, 0xFF, 0xFF, 0xFF, 0xFF, 0xFF, 0xFF, 0xFF, 0xFF,
    0xFF, 0xFF, 0xFF, 0xFF, 0xFF, 0xFF, 0xFF, 0xFF, 0xFF, 0xFF, 0xFF, 0xFF,
    0xFF, 0xFF, 0xFF, 0xFF, 0xFF, 0xFF, 0xFF, 0xFF, 0xFF, 0xFF, 0xFF, 0xFF,
    0xFF, 0xFF, 0xFF, 0xFF, 0xFF, 0xFF, 0xFF, 0xFF, 0xFF, 0xFF, 0xFF, 0xFF,
    0xFF, 0xFF, 0xFF, 0xFF, 0xFF, 0xFF, 0xFF, 0xFF, 0xFF, 0xFF, 0xFF, 0xFF,
    0xFF, 0xFF, 0xFF, 0xFF, 0xFF, 0xFF, 0xFF, 0xFF, 0xFF, 0xFF, 0xFF, 0xFF,
    0xFF, 0xFF, 0xFF, 0xFF, 0xFF, 0xFF, 0xFF, 0xFF, 0xFF, 0xFF, 0xFF, 0xFF,
    0xFF, 0xFF, 0xFF, 0xFF, 0xFF, 0xFF, 0xFF, 0xFF, 0xFF, 0xFF, 0xFF, 0xFF,
    0xFF, 0xFF, 0xFF, 0xFF, 0xFF, 0xFF, 0xFF, 0xFF, 0xFF, 0xFF, 0xFF, 0xFF,
    0xFF, 0xFF, 0xFF, 0xFF, 0xFF, 0xFF, 0xFF, 0xFF, 0xFF, 0xFF, 0xFF, 0xFF,
    0xFF, 0xFF, 0xFF, 0xFF, 0xFF, 0xFF, 0xFF, 0xFF, 0xFF, 0xFF, 0xFF, 0xFF,
    0xFF, 0xFF, 0xFF, 0xFF, 0xFF, 0xFF, 0xFF, 0xFF, 0xFF, 0xFF, 0xFF, 0xFF,
    0xFF, 0xFF, 0xFF, 0xFF, 0xFF, 0xFF, 0xFF, 0xFF, 0xFF, 0xFF, 0xFF, 0xFF,
    0xFF, 0xFF, 0xFF, 0xFF, 0xFF, 0xFF, 0xFF, 0xFF, 0xFF, 0xFF, 0xFF, 0xFF,
    0xFF, 0xFF, 0xFF, 0xFF, 0xFF, 0xFF, 0xFF, 0xFF, 0xFF, 0xFF, 0xFF, 0xFF,
    0xFF, 0xFF, 0xFF, 0xFF, 0xFF, 0xFF, 0xFF, 0xFF, 0xFF, 0xFF, 0xFF, 0xFF,
    0xFF, 0xFF, 0xFF, 0xFF, 0xFF, 0xFF, 0xFF, 0xFF, 0xFF, 0xFF, 0xFF, 0xFF,
    0xFF, 0xFF, 0xFF, 0xFF, 0xFF, 0xFF, 0xFF, 0xFF, 0xFF, 0xFF, 0xFF, 0xFF,
    0xFF, 0xFF, 0xFF, 0xFF, 0xFF, 0xFF, 0xFF, 0xFF, 0xFF, 0xFF, 0xFF, 0xFF,
    0xFF, 0xFF, 0xFF, 0xFF, 0xFF, 0xFF, 0xFF, 0xFF, 0xFF, 0xFF, 0xFF, 0xFF,
    0xFF, 0xFF, 0xFF, 0xFF, 0xFF, 0xFF, 0xFF, 0xFF, 0xFF, 0xFF, 0xFF, 0xFF,
    0xFF, 0xFF, 0xFF, 0xFF, 0xFF, 0xFF, 0xFF, 0xFF, 0xFF, 0xFF, 0xFF, 0xFF,
    0xFF, 0xFF, 0xFF, 0xFF, 0xFF, 0xFF, 0xFF, 0xFF, 0xFF, 0xFF, 0xFF, 0xFF,
    0xFF, 0xFF, 0xFF, 0xFF, 0xFF, 0xFF, 0xFF, 0xFF, 0xFF, 0xFF, 0xFF, 0xFF,
    0xFF, 0xFF, 0xFF, 0xFF, 0xFF, 0xFF, 0xFF, 0xFF, 0xFF, 0xFF, 0xFF, 0xFF,
    0xFF, 0xFF, 0xFF, 0xFF, 0xFF, 0xFF, 0xFF, 0xFF, 0xFF, 0xFF, 0xFF, 0xFF,
    0xFF, 0xFF, 0xFF, 0xFF, 0xFF, 0xFF, 0xFF, 0xFF, 0xFF, 0xFF, 0xFF, 0xFF,
    0xFF, 0xFF, 0xFF, 0xFF, 0xFF, 0xFF, 0xFF, 0xFF, 0xFF, 0xFF, 0xFF, 0xFF,
    0xFF, 0xFF, 0xFF, 0xFF, 0xFF, 0xFF, 0xFF, 0xFF, 0xFF, 0xFF, 0xFF, 0xFF,
    0xFF, 0xFF, 0xFF, 0xFF, 0xFF, 0xFF, 0xFF, 0xFF, 0xFF, 0xFF, 0xFF, 0xFF,
    0xFF, 0xFF, 0xFF, 0xFF, 0xFF, 0xFF, 0xFF, 0xFF, 0xFF, 0xFF, 0xFF, 0xFF,
    0xFF, 0xFF, 0xFF, 0xFF, 0xFF, 0xFF, 0xFF, 0xFF, 0xFF, 0xFF, 0xFF, 0xFF,
    0xFF, 0xFF, 0xFF, 0xFF, 0xFF, 0xFF, 0xFF, 0xFF, 0xFF, 0xFF, 0xFF, 0xFF,
    0xFF, 0xFF, 0xFF, 0xFF, 0xFF, 0xFF, 0xFF, 0xFF, 0xFF, 0xFF, 0xFF, 0xFF,
    0xFF, 0xFF, 0xFF, 0xFF, 0xFF, 0xFF, 0xFF, 0xFF, 0xFF, 0xFF, 0xFF, 0xFF,
    0xFF, 0xFF, 0xFF, 0xFF, 0xFF, 0xFF, 0xFF, 0xFF, 0xFF, 0xFF, 0xFF, 0xFF,
    0xFF, 0xFF, 0xFF, 0xFF, 0xFF, 0xFF, 0xFF, 0xFF, 0xFF, 0xFF, 0xFF, 0xFF,
    0xFF, 0xFF, 0xFF, 0xFF, 0xFF, 0xFF, 0xFF, 0xFF, 0xFF, 0xFF, 0xFF, 0xFF,
    0xFF, 0xFF, 0xFF, 0xFF, 0xFF, 0xFF, 0xFF, 0xFF, 0xFF, 0xFF, 0xFF, 0xFF,
    0xFF, 0xFF, 0xFF, 0xFF, 0xFF, 0xFF, 0xFF, 0xFF, 0xFF, 0xFF, 0xFF, 0xFF,
    0xFF, 0xFF, 0xFF, 0xFF, 0xFF, 0xFF, 0xFF, 0xFF, 0xFF, 0xFF, 0xFF, 0xFF,
    0xFF, 0xFF, 0xFF, 0xFF, 0xFF, 0xFF, 0xFF, 0xFF, 0xFF, 0xFF, 0xFF, 0xFF,
    0xFF, 0xFF, 0xFF, 0xFF, 0xFF, 0xFF, 0xFF, 0xFF, 0xFF, 0xFF, 0xFF, 0xFF,
    0xFF, 0xFF, 0xFF, 0xFF, 0xFF, 0xFF, 0xFF, 0xFF, 0xFF, 0xFF, 0xFF, 0xFF,
    0xFF, 0xFF, 0xFF, 0xFF, 0xFF, 0xFF, 0xFF, 0xFF, 0xFF, 0xFF, 0xFF, 0xFF,
    0xFF, 0xFF, 0xFF, 0xFF, 0xFF, 0xFF, 0xFF, 0xFF, 0xFF, 0xFF, 0xFF, 0xFF,
    0xFF, 0xFF, 0xFF, 0xFF, 0xFF, 0xFF, 0xFF, 0xFF, 0xFF, 0xFF, 0xFF, 0xFF,
    0xFF, 0xFF, 0xFF, 0xFF, 0xFF, 0xFF, 0xFF, 0xFF, 0xFF, 0xFF, 0xFF, 0xFF,
    0xFF, 0xFF, 0xFF, 0xFF, 0xFF, 0xFF, 0xFF, 0xFF, 0xFF, 0xFF, 0xFF, 0xFF,
    0xFF, 0xFF, 0xFF, 0xFF, 0xFF, 0xFF, 0xFF, 0xFF, 0xFF, 0xFF, 0xFF, 0xFF,
    0xFF, 0xFF, 0xFF, 0xFF, 0xFF, 0xFF, 0xFF, 0xFF, 0xFF, 0xFF, 0xFF, 0xFF,
    0xFF, 0xFF, 0xFF, 0xFF, 0xFF, 0xFF, 0xFF, 0xFF, 0xFF, 0xFF, 0xFF, 0xFF,
    0xFF, 0xFF, 0xFF, 0xFF, 0xFF, 0xFF, 0xFF, 0xFF, 0xFF, 0xFF, 0xFF, 0xFF,
    0xFF, 0xFF, 0xFF, 0xFF, 0xFF, 0xFF, 0xFF, 0xFF, 0xFF, 0xFF, 0xFF, 0xFF,
    0xFF, 0xFF, 0xFF, 0xFF, 0xFF, 0xFF, 0xFF, 0xFF, 0xFF, 0xFF, 0xFF, 0xFF,
    0xFF, 0xFF, 0xFF, 0xFF, 0xFF, 0xFF, 0xFF, 0xFF, 0xFF, 0xFF, 0xFF, 0xFF,
    0xFF, 0xFF, 0xFF, 0xFF, 0xFF, 0xFF, 0xFF, 0xFF, 0xFF, 0xFF, 0xFF, 0xFF,
    0xFF, 0xFF, 0xFF, 0xFF, 0xFF, 0xFF, 0xFF, 0xFF, 0xFF, 0xFF, 0xFF, 0xFF,
    0xFF, 0xFF, 0xFF, 0xFF, 0xFF, 0xFF, 0xFF, 0xFF, 0xFF, 0xFF, 0xFF, 0xFF,
    0xFF, 0xFF, 0xFF, 0xFF, 0xFF, 0xFF, 0xFF, 0xFF, 0xFF, 0xFF, 0xFF, 0xFF,
    0xFF, 0xFF, 0xFF, 0xFF, 0xFF, 0xFF, 0xFF, 0xFF, 0xFF, 0xFF, 0xFF, 0xFF,
    0xFF, 0xFF, 0xFF, 0xFF, 0xFF, 0xFF, 0xFF, 0xFF, 0xFF, 0xFF, 0xFF, 0xFF,
    0xFF, 0xFF, 0xFF, 0xFF, 0xFF, 0xFF, 0xFF, 0xFF, 0xFF, 0xFF, 0xFF, 0xFF,
    0xFF, 0xFF, 0xFF, 0xFF, 0xFF, 0xFF, 0xFF, 0xFF, 0xFF, 0xFF, 0xFF, 0xFF,
    0xFF, 0xFF, 0xFF, 0xFF, 0xFF, 0xFF, 0xFF, 0xFF, 0xFF, 0xFF, 0xFF, 0xFF,
    0xFF, 0xFF, 0xFF, 0xFF, 0xFF, 0xFF, 0xFF, 0xFF, 0xFF, 0xFF, 0xFF, 0xFF,
    0xFF, 0xFF, 0xFF, 0xFF, 0xFF, 0xFF, 0xFF, 0xFF, 0xFF, 0xFF, 0xFF, 0xFF,
    0xFF, 0xFF, 0xFF, 0xFF, 0xFF, 0xFF, 0xFF, 0xFF, 0xFF, 0xFF, 0xFF, 0xFF,
    0xFF, 0xFF, 0xFF, 0xFF, 0xFF, 0xFF, 0xFF, 0xFF, 0xFF, 0xFF, 0xFF, 0xFF,
    0xFF, 0xFF, 0xFF, 0xFF, 0xFF, 0xFF, 0xFF, 0xFF, 0xFF, 0xFF, 0xFF, 0xFF,
    0xFF, 0xFF, 0xFF, 0xFF, 0xFF, 0xFF, 0xFF, 0xFF, 0xFF, 0xFF, 0xFF, 0xFF,
    0xFF, 0xFF, 0xFF, 0xFF, 0xFF, 0xFF, 0xFF, 0xFF, 0xFF, 0xFF, 0xFF, 0xFF,
    0xFF, 0xFF, 0xFF, 0xFF, 0xFF, 0xFF, 0xFF, 0xFF, 0xFF, 0xFF, 0xFF, 0xFF,
    0xFF, 0xFF, 0xFF, 0xFF, 0xFF, 0xFF, 0xFF, 0xFF, 0xFF, 0xFF, 0xFF, 0xFF,
    0xFF, 0xFF, 0xFF, 0xFF, 0xFF, 0xFF, 0xFF, 0xFF, 0xFF, 0xFF, 0xFF, 0xFF,
    0xFF, 0xFF, 0xFF, 0xFF, 0xFF, 0xFF, 0xFF, 0xFF, 0xFF, 0xFF, 0xFF, 0xFF,
    0xFF, 0xFF, 0xFF, 0xFF, 0xFF, 0xFF, 0xFF, 0xFF, 0xFF, 0xFF, 0xFF, 0xFF,
    0xFF, 0xFF, 0xFF, 0xFF, 0xFF, 0xFF, 0xFF, 0xFF, 0xFF, 0xFF, 0xFF, 0xFF,
    0xFF, 0xFF, 0xFF, 0xFF, 0xFF, 0xFF, 0xFF, 0xFF, 0xFF, 0xFF, 0xFF, 0xFF,
    0xFF, 0xFF, 0xFF, 0xFF, 0xFF, 0xFF, 0xFF, 0xFF, 0xFF, 0xFF, 0xFF, 0xFF,
    0xFF, 0xFF, 0xFF, 0xFF, 0xFF, 0xFF, 0xFF, 0xFF, 0xFF, 0xFF, 0xFF, 0xFF,
    0xFF, 0xFF, 0xFF, 0xFF, 0xFF, 0xFF, 0xFF, 0xFF, 0xFF, 0xFF, 0xFF, 0xFF,
    0xFF, 0xFF, 0xFF, 0xFF, 0xFF, 0xFF, 0xFF, 0xFF, 0xFF, 0xFF, 0xFF, 0xFF,
    0xFF, 0xFF, 0xFF, 0xFF, 0xFF, 0xFF, 0xFF, 0xFF, 0xFF, 0xFF, 0xFF, 0xFF,
    0xFF, 0xFF, 0xFF, 0xFF, 0xFF, 0xFF, 0xFF, 0xFF, 0xFF, 0xFF, 0xFF, 0xFF,
    0xFF, 0xFF, 0xFF, 0xFF, 0xFF, 0xFF, 0xFF, 0xFF, 0xFF, 0xFF, 0xFF, 0xFF,
    0xFF, 0xFF, 0xFF, 0xFF, 0xFF, 0xFF, 0xFF, 0xFF, 0xFF, 0xFF, 0xFF, 0xFF,
    0xFF, 0xFF, 0xFF, 0xFF, 0xFF, 0xFF, 0xFF, 0xFF, 0xFF, 0xFF, 0xFF, 0xFF,
    0xFF, 0xFF, 0xFF, 0xFF, 0xFF, 0xFF, 0xFF, 0xFF, 0xFF, 0xFF, 0xFF, 0xFF,
    0xFF, 0xFF, 0xFF, 0xFF, 0xFF, 0xFF, 0xFF, 0xFF, 0xFF, 0xFF, 0xFF, 0xFF,
    0xFF, 0xFF, 0xFF, 0xFF, 0xFF, 0xFF, 0xFF, 0xFF, 0xFF, 0xFF, 0xFF, 0xFF,
    0xFF, 0xFF, 0xFF, 0xFF, 0xFF, 0xFF, 0xFF, 0xFF, 0xFF, 0xFF, 0xFF, 0xFF,
    0xFF, 0xFF, 0xFF, 0xFF, 0xFF, 0xFF, 0xFF, 0xFF, 0xFF, 0xFF, 0xFF, 0xFF,
    0xFF, 0xFF, 0xFF, 0xFF, 0xFF, 0xFF, 0xFF, 0xFF, 0xFF, 0xFF, 0xFF, 0xFF,
    0xFF, 0xFF, 0xFF, 0xFF, 0xFF, 0xFF, 0xFF, 0xFF, 0xFF, 0xFF, 0xFF, 0xFF,
    0xFF, 0xFF, 0xFF, 0xFF, 0xFF, 0xFF, 0xFF, 0xFF, 0xFF, 0xFF, 0xFF, 0xFF,
    0xFF, 0xFF, 0xFF, 0xFF, 0xFF, 0xFF, 0xFF, 0xFF, 0xFF, 0xFF, 0xFF, 0xFF,
    0xFF, 0xFF, 0xFF, 0xFF, 0xFF, 0xFF, 0xFF, 0xFF, 0xFF, 0xFF, 0xFF, 0xFF,
    0xFF, 0xFF, 0xFF, 0xFF, 0xFF, 0xFF, 0xFF, 0xFF, 0xFF, 0xFF, 0xFF, 0xFF,
    0xFF, 0xFF, 0xFF, 0xFF, 0xFF, 0xFF, 0xFF, 0xFF, 0xFF, 0xFF, 0xFF, 0xFF,
    0xFF, 0xFF, 0xFF, 0xFF, 0xFF, 0xFF, 0xFF, 0xFF, 0xFF, 0xFF, 0xFF, 0xFF,
    0xFF, 0xFF, 0xFF, 0xFF, 0xFF, 0xFF, 0xFF, 0xFF, 0xFF, 0xFF, 0xFF, 0xFF,
    0xFF, 0xFF, 0xFF, 0xFF, 0xFF, 0xFF, 0xFF, 0xFF, 0xFF, 0xFF, 0xFF, 0xFF,
    0xFF, 0xFF, 0xFF, 0xFF, 0xFF, 0xFF, 0xFF, 0xFF, 0xFF, 0xFF, 0xFF, 0xFF,
    0xFF, 0xFF, 0xFF, 0xFF, 0xFF, 0xFF, 0xFF, 0xFF, 0xFF, 0xFF, 0xFF, 0xFF,
    0xFF, 0xFF, 0xFF, 0xFF, 0xFF, 0xFF, 0xFF, 0xFF, 0xFF, 0xFF, 0xFF, 0xFF,
    0xFF, 0xFF, 0xFF, 0xFF, 0xFF, 0xFF, 0xFF, 0xFF, 0xFF, 0xFF, 0xFF, 0xFF,
    0xFF, 0xFF, 0xFF, 0xFF, 0xFF, 0xFF, 0xFF, 0xFF, 0xFF, 0xFF, 0xFF, 0xFF,
    0xFF, 0xFF, 0xFF, 0xFF, 0xFF, 0xFF, 0xFF, 0xFF, 0xFF, 0xFF, 0xFF, 0xFF,
    0xFF, 0xFF, 0xFF, 0xFF, 0xFF, 0xFF, 0xFF, 0xFF, 0xFF, 0xFF, 0xFF, 0xFF,
    0xFF, 0xFF, 0xFF, 0xFF, 0xFF, 0xFF, 0xFF, 0xFF, 0xFF, 0xFF, 0xFF, 0xFF,
    0xFF, 0xFF, 0xFF, 0xFF, 0xFF, 0xFF, 0xFF, 0xFF, 0xFF, 0xFF, 0xFF, 0xFF,
    0xFF, 0xFF, 0xFF, 0xFF, 0xFF, 0xFF, 0xFF, 0xFF, 0xFF, 0xFF, 0xFF, 0xFF,
    0xFF, 0xFF, 0xFF, 0xFF, 0xFF, 0xFF, 0xFF, 0xFF, 0xFF, 0xFF, 0xFF, 0xFF,
    0xFF, 0xFF, 0xFF, 0xFF, 0xFF, 0xFF, 0xFF, 0xFF, 0xFF, 0xFF, 0xFF, 0xFF,
    0xFF, 0xFF, 0xFF, 0xFF, 0xFF, 0xFF, 0xFF, 0xFF, 0xFF, 0xFF, 0xFF, 0xFF,
    0xFF, 0xFF, 0xFF, 0xFF, 0xFF, 0xFF, 0xFF, 0xFF, 0xFF, 0xFF, 0xFF, 0xFF,
    0xFF, 0xFF, 0xFF, 0xFF, 0xFF, 0xFF, 0xFF, 0xFF, 0xFF, 0xFF, 0xFF, 0xFF,
    0xFF, 0xFF, 0xFF, 0xFF, 0xFF, 0xFF, 0xFF, 0xFF, 0xFF, 0xFF, 0xFF, 0xFF,
    0xFF, 0xFF, 0xFF, 0xFF, 0xFF, 0xFF, 0xFF, 0xFF, 0xFF, 0xFF, 0xFF, 0xFF,
    0xFF, 0xFF, 0xFF, 0xFF, 0xFF, 0xFF, 0xFF, 0xFF, 0xFF, 0xFF, 0xFF, 0xFF,
    0xFF, 0xFF, 0xFF, 0xFF, 0xFF, 0xFF, 0xFF, 0xFF, 0xFF, 0xFF, 0xFF, 0xFF,
    0xFF, 0xFF, 0xFF, 0xFF, 0xFF, 0xFF, 0xFF, 0xFF, 0xFF, 0xFF, 0xFF, 0xFF,
    0xFF, 0xFF, 0xFF, 0xFF, 0xFF, 0xFF, 0xFF, 0xFF, 0xFF, 0xFF, 0xFF, 0xFF,
    0xFF, 0xFF, 0xFF, 0xFF, 0xFF, 0xFF, 0xFF, 0xFF, 0xFF, 0xFF, 0xFF, 0xFF,
    0xFF, 0xFF, 0xFF, 0xFF, 0xFF, 0xFF, 0xFF, 0xFF, 0xFF, 0xFF, 0xFF, 0xFF,
    0xFF, 0xFF, 0xFF, 0xFF, 0xFF, 0xFF, 0xFF, 0xFF, 0xFF, 0xFF, 0xFF, 0xFF,
    0xFF, 0xFF, 0xFF, 0xFF, 0xFF, 0xFF, 0xFF, 0xFF, 0xFF, 0xFF, 0xFF, 0xFF,
    0xFF, 0xFF, 0xFF, 0xFF, 0xFF, 0xFF, 0xFF, 0xFF, 0xFF, 0xFF, 0xFF, 0xFF,
    0xFF, 0xFF, 0xFF, 0xFF, 0xFF, 0xFF, 0xFF, 0xFF, 0xFF, 0xFF, 0xFF, 0xFF,
    0xFF, 0xFF, 0xFF, 0xFF, 0xFF, 0xFF, 0xFF, 0xFF, 0xFF, 0xFF, 0xFF, 0xFF,
    0xFF, 0xFF, 0xFF, 0xFF, 0xFF, 0xFF, 0xFF, 0xFF, 0xFF, 0xFF, 0xFF, 0xFF,
    0xFF, 0xFF, 0xFF, 0xFF, 0xFF, 0xFF, 0xFF, 0xFF, 0xFF, 0xFF, 0xFF, 0xFF,
    0xFF, 0xFF, 0xFF, 0xFF, 0xFF, 0xFF, 0xFF, 0xFF, 0xFF, 0xFF, 0xFF, 0xFF,
    0xFF, 0xFF, 0xFF, 0xFF, 0xFF, 0xFF, 0xFF, 0xFF, 0xFF, 0xFF, 0xFF, 0xFF,
    0xFF, 0xFF, 0xFF, 0xFF, 0xFF, 0xFF, 0xFF, 0xFF, 0xFF, 0xFF, 0xFF, 0xFF,
    0xFF, 0xFF, 0xFF, 0xFF, 0xFF, 0xFF, 0xFF, 0xFF, 0xFF, 0xFF, 0xFF, 0xFF,
    0xFF, 0xFF, 0xFF, 0xFF, 0xFF, 0xFF, 0xFF, 0xFF, 0xFF, 0xFF, 0xFF, 0xFF,
    0xFF, 0xFF, 0xFF, 0xFF, 0xFF, 0xFF, 0xFF, 0xFF, 0xFF, 0xFF, 0xFF, 0xFF,
    0xFF, 0xFF, 0xFF, 0xFF, 0xFF, 0xFF, 0xFF, 0xFF, 0xFF, 0xFF, 0xFF, 0xFF,
    0xFF, 0xFF, 0xFF, 0xFF, 0xFF, 0xFF, 0xFF, 0xFF, 0xFF, 0xFF, 0xFF, 0xFF,
    0xFF, 0xFF, 0xFF, 0xFF, 0xFF, 0xFF, 0xFF, 0xFF, 0xFF, 0xFF, 0xFF, 0xFF,
    0xFF, 0xFF, 0xFF, 0xFF, 0xFF, 0xFF, 0xFF, 0xFF, 0xFF, 0xFF, 0xFF, 0xFF,
    0xFF, 0xFF, 0xFF, 0xFF, 0xFF, 0xFF, 0xFF, 0xFF, 0xFF, 0xFF, 0xFF, 0xFF,
    0xFF, 0xFF, 0xFF, 0xFF, 0xFF, 0xFF, 0xFF, 0xFF, 0xFF, 0xFF, 0xFF, 0xFF,
    0xFF, 0xFF, 0xFF, 0xFF, 0xFF, 0xFF, 0xFF, 0xFF, 0xFF, 0xFF, 0xFF, 0xFF,
    0xFF, 0xFF, 0xFF, 0xFF, 0xFF, 0xFF, 0xFF, 0xFF, 0xFF, 0xFF, 0xFF, 0xFF,
    0xFF, 0xFF, 0xFF, 0xFF, 0xFF, 0xFF, 0xFF, 0xFF, 0xFF, 0xFF, 0xFF, 0xFF,
    0xFF, 0xFF, 0xFF, 0xFF, 0xFF, 0xFF, 0xFF, 0xFF, 0xFF, 0xFF, 0xFF, 0xFF,
    0xFF, 0xFF, 0xFF, 0xFF, 0xFF, 0xFF, 0xFF, 0xFF, 0xFF, 0xFF, 0xFF, 0xFF,
    0xFF, 0xFF, 0xFF, 0xFF, 0xFF, 0xFF, 0xFF, 0xFF, 0xFF, 0xFF, 0xFF, 0xFF,
    0xFF, 0xFF, 0xFF, 0xFF, 0xFF, 0xFF, 0xFF, 0xFF, 0xFF, 0xFF, 0xFF, 0xFF,
    0xFF, 0xFF, 0xFF, 0xFF, 0xFF, 0xFF, 0xFF, 0xFF, 0xFF, 0xFF, 0xFF, 0xFF,
    0xFF, 0xFF, 0xFF, 0xFF, 0xFF, 0xFF, 0xFF, 0xFF, 0xFF, 0xFF, 0xFF, 0xFF,
    0xFF, 0xFF, 0xFF, 0xFF, 0xFF, 0xFF, 0xFF, 0xFF, 0xFF, 0xFF, 0xFF, 0xFF,
    0xFF, 0xFF, 0xFF, 0xFF, 0xFF, 0xFF, 0xFF, 0xFF, 0xFF, 0xFF, 0xFF, 0xFF,
    0xFF, 0xFF, 0xFF, 0xFF, 0xFF, 0xFF, 0xFF, 0xFF, 0xFF, 0xFF, 0xFF, 0xFF,
    0xFF, 0xFF, 0xFF, 0xFF, 0xFF, 0xFF, 0xFF, 0xFF, 0xFF, 0xFF, 0xFF, 0xFF,
    0xFF, 0xFF, 0xFF, 0xFF, 0xFF, 0xFF, 0xFF, 0xFF, 0xFF, 0xFF, 0xFF, 0xFF,
    0xFF, 0xFF, 0xFF, 0xFF, 0xFF, 0xFF, 0xFF, 0xFF, 0xFF, 0xFF, 0xFF, 0xFF,
    0xFF, 0xFF, 0xFF, 0xFF, 0xFF, 0xFF, 0xFF, 0xFF, 0xFF, 0xFF, 0xFF, 0xFF,
    0xFF, 0xFF, 0xFF, 0xFF, 0xFF, 0xFF, 0xFF, 0xFF, 0xFF, 0xFF, 0xFF, 0xFF,
    0xFF, 0xFF, 0xFF, 0xFF, 0xFF, 0xFF, 0xFF, 0xFF, 0xFF, 0xFF, 0xFF, 0xFF,
    0xFF, 0xFF, 0xFF, 0xFF, 0xFF, 0xFF, 0xFF, 0xFF, 0xFF, 0xFF, 0xFF, 0xFF,
    0xFF, 0xFF, 0xFF, 0xFF, 0xFF, 0xFF, 0xFF, 0xFF, 0xFF, 0xFF, 0xFF, 0xFF,
    0xFF, 0xFF, 0xFF, 0xFF, 0xFF, 0xFF, 0xFF, 0xFF, 0xFF, 0xFF, 0xFF, 0xFF,
    0xFF, 0xFF, 0xFF, 0xFF, 0xFF, 0xFF, 0xFF, 0xFF, 0xFF, 0xFF, 0xFF, 0xFF,
    0xFF, 0xFF, 0xFF, 0xFF, 0xFF, 0xFF, 0xFF, 0xFF, 0xFF, 0xFF, 0xFF, 0xFF,
    0xFF, 0xFF, 0xFF, 0xFF, 0xFF, 0xFF, 0xFF, 0xFF, 0xFF, 0xFF, 0xFF, 0xFF,
    0xFF, 0xFF, 0xFF, 0xFF, 0xFF, 0xFF, 0xFF, 0xFF, 0xFF, 0xFF, 0xFF, 0xFF,
    0xFF, 0xFF, 0xFF, 0xFF, 0xFF, 0xFF, 0xFF, 0xFF, 0xFF, 0xFF, 0xFF, 0xFF,
    0xFF, 0xFF, 0xFF, 0xFF, 0xFF, 0xFF, 0xFF, 0xFF, 0xFF, 0xFF, 0xFF, 0xFF,
    0xFF, 0xFF, 0xFF, 0xFF, 0xFF, 0xFF, 0xFF, 0xFF, 0xFF, 0xFF, 0xFF, 0xFF,
    0xFF, 0xFF, 0xFF, 0xFF, 0xFF, 0xFF, 0xFF, 0xFF, 0xFF, 0xFF, 0xFF, 0xFF,
    0xFF, 0xFF, 0xFF, 0xFF, 0xFF, 0xFF, 0xFF, 0xFF, 0xFF, 0xFF, 0xFF, 0xFF,
    0xFF, 0xFF, 0xFF, 0xFF, 0xFF, 0xFF, 0xFF, 0xFF, 0xFF, 0xFF, 0xFF, 0xFF,
    0xFF, 0xFF, 0xFF, 0xFF, 0xFF, 0xFF, 0xFF, 0xFF, 0xFF, 0xFF, 0xFF, 0xFF,
    0xFF, 0xFF, 0xFF, 0xFF, 0xFF, 0xFF, 0xFF, 0xFF, 0xFF, 0xFF, 0xFF, 0xFF,
    0xFF, 0xFF, 0xFF, 0xFF, 0xFF, 0xFF, 0xFF, 0xFF, 0xFF, 0xFF, 0xFF, 0xFF,
    0xFF, 0xFF, 0xFF, 0xFF, 0xFF, 0xFF, 0xFF, 0xFF, 0xFF, 0xFF, 0xFF, 0xFF,
    0xFF, 0xFF, 0xFF, 0xFF, 0xFF, 0xFF, 0xFF, 0xFF, 0xFF, 0xFF, 0xFF, 0xFF,
    0xFF, 0xFF, 0xFF, 0xFF, 0xFF, 0xFF, 0xFF, 0xFF, 0xFF, 0xFF, 0xFF, 0xFF,
    0xFF, 0xFF, 0xFF, 0xFF, 0xFF, 0xFF, 0xFF, 0xFF, 0xFF, 0xFF, 0xFF, 0xFF,
    0xFF, 0xFF, 0xFF, 0xFF, 0xFF, 0xFF, 0xFF, 0xFF, 0xFF, 0xFF, 0xFF, 0xFF,
    0xFF, 0xFF, 0xFF, 0xFF, 0xFF, 0xFF, 0xFF, 0xFF, 0xFF, 0xFF, 0xFF, 0xFF,
    0xFF, 0xFF, 0xFF, 0xFF, 0xFF, 0xFF, 0xFF, 0xFF, 0xFF, 0xFF, 0xFF, 0xFF,
    0xFF, 0xFF, 0xFF, 0xFF, 0xFF, 0xFF, 0xFF, 0xFF, 0xFF, 0xFF, 0xFF, 0xFF,
    0xFF, 0xFF, 0xFF, 0xFF, 0xFF, 0xFF, 0xFF, 0xFF, 0xFF, 0xFF, 0xFF, 0xFF,
    0xFF, 0xFF, 0xFF, 0xFF, 0xFF, 0xFF, 0xFF, 0xFF, 0xFF, 0xFF, 0xFF, 0xFF,
    0xFF, 0xFF, 0xFF, 0xFF, 0xFF, 0xFF, 0xFF, 0xFF, 0xFF, 0xFF, 0xFF, 0xFF,
    0xFF, 0xFF, 0xFF, 0xFF, 0xFF, 0xFF, 0xFF, 0xFF, 0xFF, 0xFF, 0xFF, 0xFF,
    0xFF, 0xFF, 0xFF, 0xFF, 0xFF, 0xFF, 0xFF, 0xFF, 0xFF, 0xFF, 0xFF, 0xFF,
    0xFF, 0xFF, 0xFF, 0xFF, 0xFF, 0xFF, 0xFF, 0xFF, 0xFF, 0xFF, 0xFF, 0xFF,
    0xFF, 0xFF, 0xFF, 0xFF, 0xFF, 0xFF, 0xFF, 0xFF, 0xFF, 0xFF, 0xFF, 0xFF,
    0xFF, 0xFF, 0xFF, 0xFF, 0xFF, 0xFF, 0xFF, 0xFF, 0xFF, 0xFF, 0xFF, 0xFF,
    0xFF, 0xFF, 0xFF, 0xFF, 0xFF, 0xFF, 0xFF, 0xFF, 0xFF, 0xFF, 0xFF, 0xFF,
    0xFF, 0xFF, 0xFF, 0xFF, 0xFF, 0xFF, 0xFF, 0xFF, 0xFF, 0xFF, 0xFF, 0xFF,
    0xFF, 0xFF, 0xFF, 0xFF, 0xFF, 0xFF, 0xFF, 0xFF, 0xFF, 0xFF, 0xFF, 0xFF,
    0xFF, 0xFF, 0xFF, 0xFF, 0xFF, 0xFF, 0xFF, 0xFF, 0xFF, 0xFF, 0xFF, 0xFF,
    0xFF, 0xFF, 0xFF, 0xFF, 0xFF, 0xFF, 0xFF, 0xFF, 0xFF, 0xFF, 0xFF, 0xFF,
    0xFF, 0xFF, 0xFF, 0xFF, 0xFF, 0xFF, 0xFF, 0xFF, 0xFF, 0xFF, 0xFF, 0xFF,
    0xFF, 0xFF, 0xFF, 0xFF, 0xFF, 0xFF, 0xFF, 0xFF, 0xFF, 0xFF, 0xFF, 0xFF,
    0xFF, 0xFF, 0xFF, 0xFF, 0xFF, 0xFF, 0xFF, 0xFF, 0xFF, 0xFF, 0xFF, 0xFF,
    0xFF, 0xFF, 0xFF, 0xFF, 0xFF, 0xFF, 0xFF, 0xFF, 0xFF, 0xFF, 0xFF, 0xFF,
    0xFF, 0xFF, 0xFF, 0xFF, 0xFF, 0xFF, 0xFF, 0xFF, 0xFF, 0xFF, 0xFF, 0xFF,
    0xFF, 0xFF, 0xFF, 0xFF, 0xFF, 0xFF, 0xFF, 0xFF, 0xFF, 0xFF, 0xFF, 0xFF,
    0xFF, 0xFF, 0xFF, 0xFF, 0xFF, 0xFF, 0xFF, 0xFF, 0xFF, 0xFF, 0xFF, 0xFF,
    0xFF, 0xFF, 0xFF, 0xFF, 0xFF, 0xFF, 0xFF, 0xFF, 0xFF, 0xFF, 0xFF, 0xFF,
    0xFF, 0xFF, 0xFF, 0xFF, 0xFF, 0xFF, 0xFF, 0xFF, 0xFF, 0xFF, 0xFF, 0xFF,
    0xFF, 0xFF, 0xFF, 0xFF, 0xFF, 0xFF, 0xFF, 0xFF, 0xFF, 0xFF, 0xFF, 0xFF,
    0xFF, 0xFF, 0xFF, 0xFF, 0xFF, 0xFF, 0xFF, 0xFF, 0xFF, 0xFF, 0xFF, 0xFF,
    0xFF, 0xFF, 0xFF, 0xFF, 0xFF, 0xFF, 0xFF, 0xFF, 0xFF, 0xFF, 0xFF, 0xFF,
    0xFF, 0xFF, 0xFF, 0xFF, 0xFF, 0xFF, 0xFF, 0xFF, 0xFF, 0xFF, 0xFF, 0xFF,
    0xFF, 0xFF, 0xFF, 0xFF, 0xFF, 0xFF, 0xFF, 0xFF, 0xFF, 0xFF, 0xFF, 0xFF,
    0xFF, 0xFF, 0xFF, 0xFF, 0xFF, 0xFF, 0xFF, 0xFF, 0xFF, 0xFF, 0xFF, 0xFF,
    0xFF, 0xFF, 0xFF, 0xFF, 0xFF, 0xFF, 0xFF, 0xFF, 0xFF, 0xFF, 0xFF, 0xFF,
    0xFF, 0xFF, 0xFF, 0xFF, 0xFF, 0xFF, 0xFF, 0xFF, 0xFF, 0xFF, 0xFF, 0xFF,
    0xFF, 0xFF, 0xFF, 0xFF, 0xFF, 0xFF, 0xFF, 0xFF, 0xFF, 0xFF, 0xFF, 0xFF,
    0xFF, 0xFF, 0xFF, 0xFF, 0xFF, 0xFF, 0xFF, 0xFF, 0xFF, 0xFF, 0xFF, 0xFF,
    0xFF, 0xFF, 0xFF, 0xFF, 0xFF, 0xFF, 0xFF, 0xFF, 0xFF, 0xFF, 0xFF, 0xFF,
    0xFF, 0xFF, 0xFF, 0xFF, 0xFF, 0xFF, 0xFF, 0xFF, 0xFF, 0xFF, 0xFF, 0xFF,
    0xFF, 0xFF, 0xFF, 0xFF, 0xFF, 0xFF, 0xFF, 0xFF, 0xFF, 0xFF, 0xFF, 0xFF,
    0xFF, 0xFF, 0xFF, 0xFF, 0xFF, 0xFF, 0xFF, 0xFF, 0xFF, 0xFF, 0xFF, 0xFF,
    0xFF, 0xFF, 0xFF, 0xFF, 0xFF, 0xFF, 0xFF, 0xFF, 0xFF, 0xFF, 0xFF, 0xFF,
    0xFF, 0xFF, 0xFF, 0xFF, 0xFF, 0xFF, 0xFF, 0xFF, 0xFF, 0xFF, 0xFF, 0xFF,
    0xFF, 0xFF, 0xFF, 0xFF, 0xFF, 0xFF, 0xFF, 0xFF, 0xFF, 0xFF, 0xFF, 0xFF,
    0xFF, 0xFF, 0xFF, 0xFF, 0xFF, 0xFF, 0xFF, 0xFF, 0xFF, 0xFF, 0xFF, 0xFF,
    0xFF, 0xFF, 0xFF, 0xFF, 0xFF, 0xFF, 0xFF, 0xFF, 0xFF, 0xFF, 0xFF, 0xFF,
    0xFF, 0xFF, 0xFF, 0xFF, 0xFF, 0xFF, 0xFF, 0xFF, 0xFF, 0xFF, 0xFF, 0xFF,
    0xFF, 0xFF, 0xFF, 0xFF, 0xFF, 0xFF, 0xFF, 0xFF, 0xFF, 0xFF, 0xFF, 0xFF,
    0xFF, 0xFF, 0xFF, 0xFF, 0xFF, 0xFF, 0xFF, 0xFF, 0xFF, 0xFF, 0xFF, 0xFF,
    0xFF, 0xFF, 0xFF, 0xFF, 0xFF, 0xFF, 0xFF, 0xFF, 0xFF, 0xFF, 0xFF, 0xFF,
    0xFF, 0xFF, 0xFF, 0xFF, 0xFF, 0xFF, 0xFF, 0xFF, 0xFF, 0xFF, 0xFF, 0xFF,
    0xFF, 0xFF, 0xFF, 0xFF, 0xFF, 0xFF, 0xFF, 0xFF, 0xFF, 0xFF, 0xFF, 0xFF,
    0xFF, 0xFF, 0xFF, 0xFF, 0xFF, 0xFF, 0xFF, 0xFF, 0xFF, 0xFF, 0xFF, 0xFF,
    0xFF, 0xFF, 0xFF, 0xFF, 0xFF, 0xFF, 0xFF, 0xFF, 0xFF, 0xFF, 0xFF, 0xFF,
    0xFF, 0xFF, 0xFF, 0xFF, 0xFF, 0xFF, 0xFF, 0xFF, 0xFF, 0xFF, 0xFF, 0xFF,
    0xFF, 0xFF, 0xFF, 0xFF, 0xFF, 0xFF, 0xFF, 0xFF, 0xFF, 0xFF, 0xFF, 0xFF,
    0xFF, 0xFF, 0xFF, 0xFF, 0xFF, 0xFF, 0xFF, 0xFF, 0xFF, 0xFF, 0xFF, 0xFF,
    0xFF, 0xFF, 0xFF, 0xFF, 0xFF, 0xFF, 0xFF, 0xFF, 0xFF, 0xFF, 0xFF, 0xFF,
    0xFF, 0xFF, 0xFF, 0xFF, 0xFF, 0xFF, 0xFF, 0xFF, 0xFF, 0xFF, 0xFF, 0xFF,
    0xFF, 0xFF, 0xFF, 0xFF, 0xFF, 0xFF, 0xFF, 0xFF, 0xFF, 0xFF, 0xFF, 0xFF,
    0xFF, 0xFF, 0xFF, 0xFF, 0xFF, 0xFF, 0xFF, 0xFF, 0xFF, 0xFF, 0xFF, 0xFF,
    0xFF, 0xFF, 0xFF, 0xFF, 0xFF, 0xFF, 0xFF, 0xFF, 0xFF, 0xFF, 0xFF, 0xFF,
    0xFF, 0xFF, 0xFF, 0xFF, 0xFF, 0xFF, 0xFF, 0xFF, 0xFF, 0xFF, 0xFF, 0xFF,
    0xFF, 0xFF, 0xFF, 0xFF, 0xFF, 0xFF, 0xFF, 0xFF, 0xFF, 0xFF, 0xFF, 0xFF,
    0xFF, 0xFF, 0xFF, 0xFF, 0xFF, 0xFF, 0xFF, 0xFF, 0xFF, 0xFF, 0xFF, 0xFF,
    0xFF, 0xFF, 0xFF, 0xFF, 0xFF, 0xFF, 0xFF, 0xFF, 0xFF, 0xFF, 0xFF, 0xFF,
    0xFF, 0xFF, 0xFF, 0xFF, 0xFF, 0xFF, 0xFF, 0xFF, 0xFF, 0xFF, 0xFF, 0xFF,
    0xFF, 0xFF, 0xFF, 0xFF, 0xFF, 0xFF, 0xFF, 0xFF, 0xFF, 0xFF, 0xFF, 0xFF,
    0xFF, 0xFF, 0xFF, 0xFF, 0xFF, 0xFF, 0xFF, 0xFF, 0xFF, 0xFF, 0xFF, 0xFF,
    0xFF, 0xFF, 0xFF, 0xFF, 0xFF, 0xFF, 0xFF, 0xFF, 0xFF, 0xFF, 0xFF, 0xFF,
    0xFF, 0xFF, 0xFF, 0xFF, 0xFF, 0xFF, 0xFF, 0xFF, 0xFF, 0xFF, 0xFF, 0xFF,
    0xFF, 0xFF, 0xFF, 0xFF, 0xFF, 0xFF, 0xFF, 0xFF, 0xFF, 0xFF, 0xFF, 0xFF,
    0xFF, 0xFF, 0xFF, 0xFF, 0xFF, 0xFF, 0xFF, 0xFF, 0xFF, 0xFF, 0xFF, 0xFF,
    0xFF, 0xFF, 0xFF, 0xFF, 0xFF, 0xFF, 0xFF, 0xFF, 0xFF, 0xFF, 0xFF, 0xFF,
    0xFF, 0xFF, 0xFF, 0xFF, 0xFF, 0xFF, 0xFF, 0xFF, 0xFF, 0xFF, 0xFF, 0xFF,
    0xFF, 0xFF, 0xFF, 0xFF, 0xFF, 0xFF, 0xFF, 0xFF, 0xFF, 0xFF, 0xFF, 0xFF,
    0xFF, 0xFF, 0xFF, 0xFF, 0xFF, 0xFF, 0xFF, 0xFF, 0xFF, 0xFF, 0xFF, 0xFF,
    0xFF, 0xFF, 0xFF, 0xFF, 0xFF, 0xFF, 0xFF, 0xFF, 0xFF, 0xFF, 0xFF, 0xFF,
    0xFF, 0xFF, 0xFF, 0xFF, 0xFF, 0xFF, 0xFF, 0xFF, 0xFF, 0xFF, 0xFF, 0xFF,
    0xFF, 0xFF, 0xFF, 0xFF, 0xFF, 0xFF, 0xFF, 0xFF, 0xFF, 0xFF, 0xFF, 0xFF,
    0xFF, 0xFF, 0xFF, 0xFF, 0xFF, 0xFF, 0xFF, 0xFF, 0xFF, 0xFF, 0xFF, 0xFF,
    0xFF, 0xFF, 0xFF, 0xFF, 0xFF, 0xFF, 0xFF, 0xFF, 0xFF, 0xFF, 0xFF, 0xFF,
    0xFF, 0xFF, 0xFF, 0xFF, 0xFF, 0xFF, 0xFF, 0xFF, 0xFF, 0xFF, 0xFF, 0xFF,
    0xFF, 0xFF, 0xFF, 0xFF, 0xFF, 0xFF, 0xFF, 0xFF, 0xFF, 0xFF, 0xFF, 0xFF,
    0xFF, 0xFF, 0xFF, 0xFF, 0xFF, 0xFF, 0xFF, 0xFF, 0xFF, 0xFF, 0xFF, 0xFF,
    0xFF, 0xFF, 0xFF, 0xFF, 0xFF, 0xFF, 0xFF, 0xFF, 0xFF, 0xFF, 0xFF, 0xFF,
    0xFF, 0xFF, 0xFF, 0xFF, 0xFF, 0xFF, 0xFF, 0xFF, 0xFF, 0xFF, 0xFF, 0xFF,
    0xFF, 0xFF, 0xFF, 0xFF, 0xFF, 0xFF, 0xFF, 0xFF, 0xFF, 0xFF, 0xFF, 0xFF,
    0xFF, 0xFF, 0xFF, 0xFF, 0xFF, 0xFF, 0xFF, 0xFF, 0xFF, 0xFF, 0xFF, 0xFF,
    0xFF, 0xFF, 0xFF, 0xFF, 0xFF, 0xFF, 0xFF, 0xFF, 0xFF, 0xFF, 0xFF, 0xFF,
    0xFF, 0xFF, 0xFF, 0xFF, 0xFF, 0xFF, 0xFF, 0xFF, 0xFF, 0xFF, 0xFF, 0xFF,
    0xFF, 0xFF, 0xFF, 0xFF, 0xFF, 0xFF, 0xFF, 0xFF, 0xFF, 0xFF, 0xFF, 0xFF,
    0xFF, 0xFF, 0xFF, 0xFF, 0xFF, 0xFF, 0xFF, 0xFF, 0xFF, 0xFF, 0xFF, 0xFF,
    0xFF, 0xFF, 0xFF, 0xFF, 0xFF, 0xFF, 0xFF, 0xFF, 0xFF, 0xFF, 0xFF, 0xFF,
    0xFF, 0xFF, 0xFF, 0xFF, 0xFF, 0xFF, 0xFF, 0xFF, 0xFF, 0xFF, 0xFF, 0xFF,
    0xFF, 0xFF, 0xFF, 0xFF, 0xFF, 0xFF, 0xFF, 0xFF, 0xFF, 0xFF, 0xFF, 0xFF,
    0xFF, 0xFF, 0xFF, 0xFF, 0xFF, 0xFF, 0xFF, 0xFF, 0xFF, 0xFF, 0xFF, 0xFF,
    0xFF, 0xFF, 0xFF, 0xFF, 0xFF, 0xFF, 0xFF, 0xFF, 0xFF, 0xFF, 0xFF, 0xFF,
    0xFF, 0xFF, 0xFF, 0xFF, 0xFF, 0xFF, 0xFF, 0xFF, 0xFF, 0xFF, 0xFF, 0xFF,
    0xFF, 0xFF, 0xFF, 0xFF, 0xFF, 0xFF, 0xFF, 0xFF, 0xFF, 0xFF, 0xFF, 0xFF,
    0xFF, 0xFF, 0xFF, 0xFF, 0xFF, 0xFF, 0xFF, 0xFF, 0xFF, 0xFF, 0xFF, 0xFF,
    0xFF, 0xFF, 0xFF, 0xFF, 0xFF, 0xFF, 0xFF, 0xFF, 0xFF, 0xFF, 0xFF, 0xFF,
    0xFF, 0xFF, 0xFF, 0xFF, 0xFF, 0xFF, 0xFF, 0xFF, 0xFF, 0xFF, 0xFF, 0xFF,
    0xFF, 0xFF, 0xFF, 0xFF, 0xFF, 0xFF, 0xFF, 0xFF, 0xFF, 0xFF, 0xFF, 0xFF,
    0xFF, 0xFF, 0xFF, 0xFF, 0xFF, 0xFF, 0xFF, 0xFF, 0xFF, 0xFF, 0xFF, 0xFF,
    0xFF, 0xFF, 0xFF, 0xFF, 0xFF, 0xFF, 0xFF, 0xFF, 0xFF, 0xFF, 0xFF, 0xFF,
    0xFF, 0xFF, 0xFF, 0xFF, 0xFF, 0xFF, 0xFF, 0xFF, 0xFF, 0xFF, 0xFF, 0xFF,
    0xFF, 0xFF, 0xFF, 0xFF, 0xFF, 0xFF, 0xFF, 0xFF, 0xFF, 0xFF, 0xFF, 0xFF,
    0xFF, 0xFF, 0xFF, 0xFF, 0xFF, 0xFF, 0xFF, 0xFF, 0xFF, 0xFF, 0xFF, 0xFF,
    0xFF, 0xFF, 0xFF, 0xFF, 0xFF, 0xFF, 0xFF, 0xFF, 0xFF, 0xFF, 0xFF, 0xFF,
    0xFF, 0xFF, 0xFF, 0xFF, 0xFF, 0xFF, 0xFF, 0xFF, 0xFF, 0xFF, 0xFF, 0xFF,
    0xFF, 0xFF, 0xFF, 0xFF, 0xFF, 0xFF, 0xFF, 0xFF, 0xFF, 0xFF, 0xFF, 0xFF,
    0xFF, 0xFF, 0xFF, 0xFF, 0xFF, 0xFF, 0xFF, 0xFF, 0xFF, 0xFF, 0xFF, 0xFF,
    0xFF, 0xFF, 0xFF, 0xFF, 0xFF, 0xFF, 0xFF, 0xFF, 0xFF, 0xFF, 0xFF, 0xFF,
    0xFF, 0xFF, 0xFF, 0xFF, 0xFF, 0xFF, 0xFF, 0xFF, 0xFF, 0xFF, 0xFF, 0xFF,
    0xFF, 0xFF, 0xFF, 0xFF, 0xFF, 0xFF, 0xFF, 0xFF, 0xFF, 0xFF, 0xFF, 0xFF,
    0xFF, 0xFF, 0xFF, 0xFF, 0xFF, 0xFF, 0xFF, 0xFF, 0xFF, 0xFF, 0xFF, 0xFF,
    0xFF, 0xFF, 0xFF, 0xFF, 0xFF, 0xFF, 0xFF, 0xFF, 0xFF, 0xFF, 0xFF, 0xFF,
    0xFF, 0xFF, 0xFF, 0xFF, 0xFF, 0xFF, 0xFF, 0xFF, 0xFF, 0xFF, 0xFF, 0xFF,
    0xFF, 0xFF, 0xFF, 0xFF, 0xFF, 0xFF, 0xFF, 0xFF, 0xFF, 0xFF, 0xFF, 0xFF,
    0xFF, 0xFF, 0xFF, 0xFF, 0xFF, 0xFF, 0xFF, 0xFF, 0xFF, 0xFF, 0xFF, 0xFF,
    0xFF, 0xFF, 0xFF, 0xFF, 0xFF, 0xFF, 0xFF, 0xFF, 0xFF, 0xFF, 0xFF, 0xFF,
    0xFF, 0xFF, 0xFF, 0xFF, 0xFF, 0xFF, 0xFF, 0xFF, 0xFF, 0xFF, 0xFF, 0xFF,
    0xFF, 0xFF, 0xFF, 0xFF, 0xFF, 0xFF, 0xFF, 0xFF, 0xFF, 0xFF, 0xFF, 0xFF,
    0xFF, 0xFF, 0xFF, 0xFF, 0xFF, 0xFF, 0xFF, 0xFF, 0xFF, 0xFF, 0xFF, 0xFF,
    0xFF, 0xFF, 0xFF, 0xFF, 0xFF, 0xFF, 0xFF, 0xFF, 0xFF, 0xFF, 0xFF, 0xFF,
    0xFF, 0xFF, 0xFF, 0xFF, 0xFF, 0xFF, 0xFF, 0xFF, 0xFF, 0xFF, 0xFF, 0xFF,
    0xFF, 0xFF, 0xFF, 0xFF, 0xFF, 0xFF, 0xFF, 0xFF, 0xFF, 0xFF, 0xFF, 0xFF,
    0xFF, 0xFF, 0xFF, 0xFF, 0xFF, 0xFF, 0xFF, 0xFF, 0xFF, 0xFF, 0xFF, 0xFF,
    0xFF, 0xFF, 0xFF, 0xFF, 0xFF, 0xFF, 0xFF, 0xFF, 0xFF, 0xFF, 0xFF, 0xFF,
    0xFF, 0xFF, 0xFF, 0xFF, 0xFF, 0xFF, 0xFF, 0xFF, 0xFF, 0xFF, 0xFF, 0xFF,
    0xFF, 0xFF, 0xFF, 0xFF, 0xFF, 0xFF, 0xFF, 0xFF, 0xFF, 0xFF, 0xFF, 0xFF,
    0xFF, 0xFF, 0xFF, 0xFF, 0xFF, 0xFF, 0xFF, 0xFF, 0xFF, 0xFF, 0xFF, 0xFF,
    0xFF, 0xFF, 0xFF, 0xFF, 0xFF, 0xFF, 0xFF, 0xFF, 0xFF, 0xFF, 0xFF, 0xFF,
    0xFF, 0xFF, 0xFF, 0xFF, 0xFF, 0xFF, 0xFF, 0xFF, 0xFF, 0xFF, 0xFF, 0xFF,
    0xFF, 0xFF, 0xFF, 0xFF, 0xFF, 0xFF, 0xFF, 0xFF, 0xFF, 0xFF, 0xFF, 0xFF,
    0xFF, 0xFF, 0xFF, 0xFF, 0xFF, 0xFF, 0xFF, 0xFF, 0xFF, 0xFF, 0xFF, 0xFF,
    0xFF, 0xFF, 0xFF, 0xFF, 0xFF, 0xFF, 0xFF, 0xFF, 0xFF, 0xFF, 0xFF, 0xFF,
    0xFF, 0xFF, 0xFF, 0xFF, 0xFF, 0xFF, 0xFF, 0xFF, 0xFF, 0xFF, 0xFF, 0xFF,
    0xFF, 0xFF, 0xFF, 0xFF, 0xFF, 0xFF, 0xFF, 0xFF, 0xFF, 0xFF, 0xFF, 0xFF,
    0xFF, 0xFF, 0xFF, 0xFF, 0xFF, 0xFF, 0xFF, 0xFF, 0xFF, 0xFF, 0xFF, 0xFF,
    0xFF, 0xFF, 0xFF, 0xFF, 0xFF, 0xFF, 0xFF, 0xFF, 0xFF, 0xFF, 0xFF, 0xFF,
    0xFF, 0xFF, 0xFF, 0xFF, 0xFF, 0xFF, 0xFF, 0xFF, 0xFF, 0xFF, 0xFF, 0xFF,
    0xFF, 0xFF, 0xFF, 0xFF, 0xFF, 0xFF, 0xFF, 0xFF, 0xFF, 0xFF, 0xFF, 0xFF,
    0xFF, 0xFF, 0xFF, 0xFF, 0xFF, 0xFF, 0xFF, 0xFF, 0xFF, 0xFF, 0xFF, 0xFF,
    0xFF, 0xFF, 0xFF, 0xFF, 0xFF, 0xFF, 0xFF, 0xFF, 0xFF, 0xFF, 0xFF, 0xFF,
    0xFF, 0xFF, 0xFF, 0xFF, 0xFF, 0xFF, 0xFF, 0xFF, 0xFF, 0xFF, 0xFF, 0xFF,
    0xFF, 0xFF, 0xFF, 0xFF, 0xFF, 0xFF, 0xFF, 0xFF, 0xFF, 0xFF, 0xFF, 0xFF,
    0xFF, 0xFF, 0xFF, 0xFF, 0xFF, 0xFF, 0xFF, 0xFF, 0xFF, 0xFF, 0xFF, 0xFF,
    0xFF, 0xFF, 0xFF, 0xFF, 0xFF, 0xFF, 0xFF, 0xFF, 0xFF, 0xFF, 0xFF, 0xFF,
    0xFF, 0xFF, 0xFF, 0xFF, 0xFF, 0xFF, 0xFF, 0xFF, 0xFF, 0xFF, 0xFF, 0xFF,
    0xFF, 0xFF, 0xFF, 0xFF, 0xFF, 0xFF, 0xFF, 0xFF, 0xFF, 0xFF, 0xFF, 0xFF,
    0xFF, 0xFF, 0xFF, 0xFF, 0xFF, 0xFF, 0xFF, 0xFF, 0xFF, 0xFF, 0xFF, 0xFF,
    0xFF, 0xFF, 0xFF, 0xFF, 0xFF, 0xFF, 0xFF, 0xFF, 0xFF, 0xFF, 0xFF, 0xFF,
    0xFF, 0xFF, 0xFF, 0xFF, 0xFF, 0xFF, 0xFF, 0xFF, 0xFF, 0xFF, 0xFF, 0xFF,
    0xFF, 0xFF, 0xFF, 0xFF, 0xFF, 0xFF, 0xFF, 0xFF, 0xFF, 0xFF, 0xFF, 0xFF,
    0xFF, 0xFF, 0xFF, 0xFF, 0xFF, 0xFF, 0xFF, 0xFF, 0xFF, 0xFF, 0xFF, 0xFF,
    0xFF, 0xFF, 0xFF, 0xFF, 0xFF, 0xFF, 0xFF, 0xFF, 0xFF, 0xFF, 0xFF, 0xFF,
    0xFF, 0xFF, 0xFF, 0xFF, 0xFF, 0xFF, 0xFF, 0xFF, 0xFF, 0xFF, 0xFF, 0xFF,
    0xFF, 0xFF, 0xFF, 0xFF, 0xFF, 0xFF, 0xFF, 0xFF, 0xFF, 0xFF, 0xFF, 0xFF,
    0xFF, 0xFF, 0xFF, 0xFF, 0xFF, 0xFF, 0xFF, 0xFF, 0xFF, 0xFF, 0xFF, 0xFF,
    0xFF, 0xFF, 0xFF, 0xFF, 0xFF, 0xFF, 0xFF, 0xFF, 0xFF, 0xFF, 0xFF, 0xFF,
    0xFF, 0xFF, 0xFF, 0xFF, 0xFF, 0xFF, 0xFF, 0xFF, 0xFF, 0xFF, 0xFF, 0xFF,
    0xFF, 0xFF, 0xFF, 0xFF, 0xFF, 0xFF, 0xFF, 0xFF, 0xFF, 0xFF, 0xFF, 0xFF,
    0xFF, 0xFF, 0xFF, 0xFF, 0xFF, 0xFF, 0xFF, 0xFF, 0xFF, 0xFF, 0xFF, 0xFF,
    0xFF, 0xFF, 0xFF, 0xFF, 0xFF, 0xFF, 0xFF, 0xFF, 0xFF, 0xFF, 0xFF, 0xFF,
    0xFF, 0xFF, 0xFF, 0xFF, 0xFF, 0xFF, 0xFF, 0xFF, 0xFF, 0xFF, 0xFF, 0xFF,
    0xFF, 0xFF, 0xFF, 0xFF, 0xFF, 0xFF, 0xFF, 0xFF, 0xFF, 0xFF, 0xFF, 0xFF,
    0xFF, 0xFF, 0xFF, 0xFF, 0xFF, 0xFF, 0xFF, 0xFF, 0xFF, 0xFF, 0xFF, 0xFF,
    0xFF, 0xFF, 0xFF, 0xFF, 0xFF, 0xFF, 0xFF, 0xFF, 0xFF, 0xFF, 0xFF, 0xFF,
    0xFF, 0xFF, 0xFF, 0xFF, 0xFF, 0xFF, 0xFF, 0xFF, 0xFF, 0xFF, 0xFF, 0xFF,
    0xFF, 0xFF, 0xFF, 0xFF, 0xFF, 0xFF, 0xFF, 0xFF, 0xFF, 0xFF, 0xFF, 0xFF,
    0xFF, 0xFF, 0xFF, 0xFF, 0xFF, 0xFF, 0xFF, 0xFF, 0xFF, 0xFF, 0xFF, 0xFF,
    0xFF, 0xFF, 0xFF, 0xFF, 0xFF, 0xFF, 0xFF, 0xFF, 0xFF, 0xFF, 0xFF, 0xFF,
    0xFF, 0xFF, 0xFF, 0xFF, 0xFF, 0xFF, 0xFF, 0xFF, 0xFF, 0xFF, 0xFF, 0xFF,
    0xFF, 0xFF, 0xFF, 0xFF, 0xFF, 0xFF, 0xFF, 0xFF, 0xFF, 0xFF, 0xFF, 0xFF,
    0xFF, 0xFF, 0xFF, 0xFF, 0xFF, 0xFF, 0xFF, 0xFF, 0xFF, 0xFF, 0xFF, 0xFF,
    0xFF, 0xFF, 0xFF, 0xFF, 0xFF, 0xFF, 0xFF, 0xFF, 0xFF, 0xFF, 0xFF, 0xFF,
    0xFF, 0xFF, 0xFF, 0xFF, 0xFF, 0xFF, 0xFF, 0xFF, 0xFF, 0xFF, 0xFF, 0xFF,
    0xFF, 0xFF, 0xFF, 0xFF, 0xFF, 0xFF, 0xFF, 0xFF, 0xFF, 0xFF, 0xFF, 0xFF,
    0xFF, 0xFF, 0xFF, 0xFF, 0xFF, 0xFF, 0xFF, 0xFF, 0xFF, 0xFF, 0xFF, 0xFF,
    0xFF, 0xFF, 0xFF, 0xFF, 0xFF, 0xFF, 0xFF, 0xFF, 0xFF, 0xFF, 0xFF, 0xFF,
    0xFF, 0xFF, 0xFF, 0xFF, 0xFF, 0xFF, 0xFF, 0xFF, 0xFF, 0xFF, 0xFF, 0xFF,
    0xFF, 0xFF, 0xFF, 0xFF, 0xFF, 0xFF, 0xFF, 0xFF, 0xFF, 0xFF, 0xFF, 0xFF,
    0xFF, 0xFF, 0xFF, 0xFF, 0xFF, 0xFF, 0xFF, 0xFF, 0xFF, 0xFF, 0xFF, 0xFF,
    0xFF, 0xFF, 0xFF, 0xFF, 0xFF, 0xFF, 0xFF, 0xFF, 0xFF, 0xFF, 0xFF, 0xFF,
    0xFF, 0xFF, 0xFF, 0xFF, 0xFF, 0xFF, 0xFF, 0xFF, 0xFF, 0xFF, 0xFF, 0xFF,
    0xFF, 0xFF, 0xFF, 0xFF, 0xFF, 0xFF, 0xFF, 0xFF, 0xFF, 0xFF, 0xFF, 0xFF,
    0xFF, 0xFF, 0xFF, 0xFF, 0xFF, 0xFF, 0xFF, 0xFF, 0xFF, 0xFF, 0xFF, 0xFF,
    0xFF, 0xFF, 0xFF, 0xFF, 0xFF, 0xFF, 0xFF, 0xFF, 0xFF, 0xFF, 0xFF, 0xFF,
    0xFF, 0xFF, 0xFF, 0xFF, 0xFF, 0xFF, 0xFF, 0xFF, 0xFF, 0xFF, 0xFF, 0xFF,
    0xFF, 0xFF, 0xFF, 0xFF, 0xFF, 0xFF, 0xFF, 0xFF, 0xFF, 0xFF, 0xFF, 0xFF,
    0xFF, 0xFF, 0xFF, 0xFF, 0xFF, 0xFF, 0xFF, 0xFF, 0xFF, 0xFF, 0xFF, 0xFF,
    0xFF, 0xFF, 0xFF, 0xFF, 0xFF, 0xFF, 0xFF, 0xFF, 0xFF, 0xFF, 0xFF, 0xFF,
    0xFF, 0xFF, 0xFF, 0xFF, 0xFF, 0xFF, 0xFF, 0xFF, 0xFF, 0xFF, 0xFF, 0xFF,
    0xFF, 0xFF, 0xFF, 0xFF, 0xFF, 0xFF, 0xFF, 0xFF, 0xFF, 0xFF, 0xFF, 0xFF,
    0xFF, 0xFF, 0xFF, 0xFF, 0xFF, 0xFF, 0xFF, 0xFF, 0xFF, 0xFF, 0xFF, 0xFF,
    0xFF, 0xFF, 0xFF, 0xFF, 0xFF, 0xFF, 0xFF, 0xFF, 0xFF, 0xFF, 0xFF, 0xFF,
    0xFF, 0xFF, 0xFF, 0xFF, 0xFF, 0xFF, 0xFF, 0xFF, 0xFF, 0xFF, 0xFF, 0xFF,
    0xFF, 0xFF, 0xFF, 0xFF, 0xFF, 0xFF, 0xFF, 0xFF, 0xFF, 0xFF, 0xFF, 0xFF,
    0xFF, 0xFF, 0xFF, 0xFF, 0xFF, 0xFF, 0xFF, 0xFF, 0xFF, 0xFF, 0xFF, 0xFF,
    0xFF, 0xFF, 0xFF, 0xFF, 0xFF, 0xFF, 0xFF, 0xFF, 0xFF, 0xFF, 0xFF, 0xFF,
    0xFF, 0xFF, 0xFF, 0xFF, 0xFF, 0xFF, 0xFF, 0xFF, 0xFF, 0xFF, 0xFF, 0xFF,
    0xFF, 0xFF, 0xFF, 0xFF, 0xFF, 0xFF, 0xFF, 0xFF, 0xFF, 0xFF, 0xFF, 0xFF,
    0xFF, 0xFF, 0xFF, 0xFF, 0xFF, 0xFF, 0xFF, 0xFF, 0xFF, 0xFF, 0xFF, 0xFF,
    0xFF, 0xFF, 0xFF, 0xFF, 0xFF, 0xFF, 0xFF, 0xFF, 0xFF, 0xFF, 0xFF, 0xFF,
    0xFF, 0xFF, 0xFF, 0xFF, 0xFF, 0xFF, 0xFF, 0xFF, 0xFF, 0xFF, 0xFF, 0xFF,
    0xFF, 0xFF, 0xFF, 0xFF, 0xFF, 0xFF, 0xFF, 0xFF, 0xFF, 0xFF, 0xFF, 0xFF,
    0xFF, 0xFF, 0xFF, 0xFF, 0xFF, 0xFF, 0xFF, 0xFF, 0xFF, 0xFF, 0xFF, 0xFF,
    0xFF, 0xFF, 0xFF, 0xFF, 0xFF, 0xFF, 0xFF, 0xFF, 0xFF, 0xFF, 0xFF, 0xFF,
    0xFF, 0xFF, 0xFF, 0xFF, 0xFF, 0xFF, 0xFF, 0xFF, 0xFF, 0xFF, 0xFF, 0xFF,
    0xFF, 0xFF, 0xFF, 0xFF, 0xFF, 0xFF, 0xFF, 0xFF, 0xFF, 0xFF, 0xFF, 0xFF,
    0xFF, 0xFF, 0xFF, 0xFF, 0xFF, 0xFF, 0xFF, 0xFF, 0xFF, 0xFF, 0xFF, 0xFF,
    0xFF, 0xFF, 0xFF, 0xFF, 0xFF, 0xFF, 0xFF, 0xFF, 0xFF, 0xFF, 0xFF, 0xFF,
    0xFF, 0xFF, 0xFF, 0xFF, 0xFF, 0xFF, 0xFF, 0xFF, 0xFF, 0xFF, 0xFF, 0xFF,
    0xFF, 0xFF, 0xFF, 0xFF, 0xFF, 0xFF, 0xFF, 0xFF, 0xFF, 0xFF, 0xFF, 0xFF,
    0xFF, 0xFF, 0xFF, 0xFF, 0xFF, 0xFF, 0xFF, 0xFF, 0xFF, 0xFF, 0xFF, 0xFF,
    0xFF, 0xFF, 0xFF, 0xFF, 0xFF, 0xFF, 0xFF, 0xFF, 0xFF, 0xFF, 0xFF, 0xFF,
    0xFF, 0xFF, 0xFF, 0xFF, 0xFF, 0xFF, 0xFF, 0xFF, 0xFF, 0xFF, 0xFF, 0xFF,
    0xFF, 0xFF, 0xFF, 0xFF, 0xFF, 0xFF, 0xFF, 0xFF, 0xFF, 0xFF, 0xFF, 0xFF,
    0xFF, 0xFF, 0xFF, 0xFF, 0xFF, 0xFF, 0xFF, 0xFF, 0xFF, 0xFF, 0xFF, 0xFF,
    0xFF, 0xFF, 0xFF, 0xFF, 0xFF, 0xFF, 0xFF, 0xFF, 0xFF, 0xFF, 0xFF, 0xFF,
    0xFF, 0xFF, 0xFF, 0xFF, 0xFF, 0xFF, 0xFF, 0xFF, 0xFF, 0xFF, 0xFF, 0xFF,
    0xFF, 0xFF, 0xFF, 0xFF, 0xFF, 0xFF, 0xFF, 0xFF, 0xFF, 0xFF, 0xFF, 0xFF,
    0xFF, 0xFF, 0xFF, 0xFF, 0xFF, 0xFF, 0xFF, 0xFF, 0xFF, 0xFF, 0xFF, 0xFF,
    0xFF, 0xFF, 0xFF, 0xFF, 0xFF, 0xFF, 0xFF, 0xFF, 0xFF, 0xFF, 0xFF, 0xFF,
    0xFF, 0xFF, 0xFF, 0xFF, 0xFF, 0xFF, 0xFF, 0xFF, 0xFF, 0xFF, 0xFF, 0xFF,
    0xFF, 0xFF, 0xFF, 0xFF, 0xFF, 0xFF, 0xFF, 0xFF, 0xFF, 0xFF, 0xFF, 0xFF,
    0xFF, 0xFF, 0xFF, 0xFF, 0xFF, 0xFF, 0xFF, 0xFF, 0xFF, 0xFF, 0xFF, 0xFF,
    0xFF, 0xFF, 0xFF, 0xFF, 0xFF, 0xFF, 0xFF, 0xFF, 0xFF, 0xFF, 0xFF, 0xFF,
    0xFF, 0xFF, 0xFF, 0xFF, 0xFF, 0xFF, 0xFF, 0xFF, 0xFF, 0xFF, 0xFF, 0xFF,
    0xFF, 0xFF, 0xFF, 0xFF, 0xFF, 0xFF, 0xFF, 0xFF, 0xFF, 0xFF, 0xFF, 0xFF,
    0xFF, 0xFF, 0xFF, 0xFF, 0xFF, 0xFF, 0xFF, 0xFF, 0xFF, 0xFF, 0xFF, 0xFF,
    0xFF, 0xFF, 0xFF, 0xFF, 0xFF, 0xFF, 0xFF, 0xFF, 0xFF, 0xFF, 0xFF, 0xFF,
    0xFF, 0xFF, 0xFF, 0xFF, 0xFF, 0xFF, 0xFF, 0xFF, 0xFF, 0xFF, 0xFF, 0xFF,
    0xFF, 0xFF, 0xFF, 0xFF, 0xFF, 0xFF, 0xFF, 0xFF, 0xFF, 0xFF, 0xFF, 0xFF,
    0xFF, 0xFF, 0xFF, 0xFF, 0xFF, 0xFF, 0xFF, 0xFF, 0xFF, 0xFF, 0xFF, 0xFF,
    0xFF, 0xFF, 0xFF, 0xFF, 0xFF, 0xFF, 0xFF, 0xFF, 0xFF, 0xFF, 0xFF, 0xFF,
    0xFF, 0xFF, 0xFF, 0xFF, 0xFF, 0xFF, 0xFF, 0xFF, 0xFF, 0xFF, 0xFF, 0xFF,
    0xFF, 0xFF, 0xFF, 0xFF, 0xFF, 0xFF, 0xFF, 0xFF, 0xFF, 0xFF, 0xFF, 0xFF,
    0xFF, 0xFF, 0xFF, 0xFF, 0xFF, 0xFF, 0xFF, 0xFF, 0xFF, 0xFF, 0xFF, 0xFF,
    0xFF, 0xFF, 0xFF, 0xFF, 0xFF, 0xFF, 0xFF, 0xFF, 0xFF, 0xFF, 0xFF, 0xFF,
    0xFF, 0xFF, 0xFF, 0xFF, 0xFF, 0xFF, 0xFF, 0xFF, 0xFF, 0xFF, 0xFF, 0xFF,
    0xFF, 0xFF, 0xFF, 0xFF, 0xFF, 0xFF, 0xFF, 0xFF, 0xFF, 0xFF, 0xFF, 0xFF,
    0xFF, 0xFF, 0xFF, 0xFF, 0xFF, 0xFF, 0xFF, 0xFF, 0xFF, 0xFF, 0xFF, 0xFF,
    0xFF, 0xFF, 0xFF, 0xFF, 0xFF, 0xFF, 0xFF, 0xFF, 0xFF, 0xFF, 0xFF, 0xFF,
    0xFF, 0xFF, 0xFF, 0xFF, 0xFF, 0xFF, 0xFF, 0xFF, 0xFF, 0xFF, 0xFF, 0xFF,
    0xFF, 0xFF, 0xFF, 0xFF, 0xFF, 0xFF, 0xFF, 0xFF, 0xFF, 0xFF, 0xFF, 0xFF,
    0xFF, 0xFF, 0xFF, 0xFF, 0xFF, 0xFF, 0xFF, 0xFF, 0xFF, 0xFF, 0xFF, 0xFF,
    0xFF, 0xFF, 0xFF, 0xFF, 0xFF, 0xFF, 0xFF, 0xFF, 0xFF, 0xFF, 0xFF, 0xFF,
    0xFF, 0xFF, 0xFF, 0xFF, 0xFF, 0xFF, 0xFF, 0xFF, 0xFF, 0xFF, 0xFF, 0xFF,
    0xFF, 0xFF, 0xFF, 0xFF, 0xFF, 0xFF, 0xFF, 0xFF, 0xFF, 0xFF, 0xFF, 0xFF,
    0xFF, 0xFF, 0xFF, 0xFF, 0xFF, 0xFF, 0xFF, 0xFF, 0xFF, 0xFF, 0xFF, 0xFF,
    0xFF, 0xFF, 0xFF, 0xFF, 0xFF, 0xFF, 0xFF, 0xFF, 0xFF, 0xFF, 0xFF, 0xFF,
    0xFF, 0xFF, 0xFF, 0xFF, 0xFF, 0xFF, 0xFF, 0xFF, 0xFF, 0xFF, 0xFF, 0xFF,
    0xFF, 0xFF, 0xFF, 0xFF, 0xFF, 0xFF, 0xFF, 0xFF, 0xFF, 0xFF, 0xFF, 0xFF,
    0xFF, 0xFF, 0xFF, 0xFF, 0xFF, 0xFF, 0xFF, 0xFF, 0xFF, 0xFF, 0xFF, 0xFF,
    0xFF, 0xFF, 0xFF, 0xFF, 0xFF, 0xFF, 0xFF, 0xFF, 0xFF, 0xFF, 0xFF, 0xFF,
    0xFF, 0xFF, 0xFF, 0xFF, 0xFF, 0xFF, 0xFF, 0xFF, 0xFF, 0xFF, 0xFF, 0xFF,
    0xFF, 0xFF, 0xFF, 0xFF, 0xFF, 0xFF, 0xFF, 0xFF, 0xFF, 0xFF, 0xFF, 0xFF,
    0xFF, 0xFF, 0xFF, 0xFF, 0xFF, 0xFF, 0xFF, 0xFF, 0xFF, 0xFF, 0xFF, 0xFF,
    0xFF, 0xFF, 0xFF, 0xFF, 0xFF, 0xFF, 0xFF, 0xFF, 0xFF, 0xFF, 0xFF, 0xFF,
    0xFF, 0xFF, 0xFF, 0xFF, 0xFF, 0xFF, 0xFF, 0xFF, 0xFF, 0xFF, 0xFF, 0xFF,
    0xFF, 0xFF, 0xFF, 0xFF, 0xFF, 0xFF, 0xFF, 0xFF, 0xFF, 0xFF, 0xFF, 0xFF,
    0xFF, 0xFF, 0xFF, 0xFF, 0xFF, 0xFF, 0xFF, 0xFF, 0xFF, 0xFF, 0xFF, 0xFF,
    0xFF, 0xFF, 0xFF, 0xFF, 0xFF, 0xFF, 0xFF, 0xFF, 0xFF, 0xFF, 0xFF, 0xFF,
    0xFF, 0xFF, 0xFF, 0xFF, 0xFF, 0xFF, 0xFF, 0xFF, 0xFF, 0xFF, 0xFF, 0xFF,
    0xFF, 0xFF, 0xFF, 0xFF, 0xFF, 0xFF, 0xFF, 0xFF, 0xFF, 0xFF, 0xFF, 0xFF,
    0xFF, 0xFF, 0xFF, 0xFF, 0xFF, 0xFF, 0xFF, 0xFF, 0xFF, 0xFF, 0xFF, 0xFF,
    0xFF, 0xFF, 0xFF, 0xFF, 0xFF, 0xFF, 0xFF, 0xFF, 0xFF, 0xFF, 0xFF, 0xFF,
    0xFF, 0xFF, 0xFF, 0xFF, 0xFF, 0xFF, 0xFF, 0xFF, 0xFF, 0xFF, 0xFF, 0xFF,
    0xFF, 0xFF, 0xFF, 0xFF, 0xFF, 0xFF, 0xFF, 0xFF, 0xFF, 0xFF, 0xFF, 0xFF,
    0xFF, 0xFF, 0xFF, 0xFF, 0xFF, 0xFF, 0xFF, 0xFF, 0xFF, 0xFF, 0xFF, 0xFF,
    0xFF, 0xFF, 0xFF, 0xFF, 0xFF, 0xFF, 0xFF, 0xFF, 0xFF, 0xFF, 0xFF, 0xFF,
    0xFF, 0xFF, 0xFF, 0xFF, 0xFF, 0xFF, 0xFF, 0xFF, 0xFF, 0xFF, 0xFF, 0xFF,
    0xFF, 0xFF, 0xFF, 0xFF, 0xFF, 0xFF, 0xFF, 0xFF, 0xFF, 0xFF, 0xFF, 0xFF,
    0xFF, 0xFF, 0xFF, 0xFF, 0xFF, 0xFF, 0xFF, 0xFF, 0xFF, 0xFF, 0xFF, 0xFF,
    0xFF, 0xFF, 0xFF, 0xFF, 0xFF, 0xFF, 0xFF, 0xFF, 0xFF, 0xFF, 0xFF, 0xFF,
    0xFF, 0xFF, 0xFF, 0xFF, 0xFF, 0xFF, 0xFF, 0xFF, 0xFF, 0xFF, 0xFF, 0xFF,
    0xFF, 0xFF, 0xFF, 0xFF, 0xFF, 0xFF, 0xFF, 0xFF, 0xFF, 0xFF, 0xFF, 0xFF,
    0xFF, 0xFF, 0xFF, 0xFF, 0xFF, 0xFF, 0xFF, 0xFF, 0xFF, 0xFF, 0xFF, 0xFF,
    0xFF, 0xFF, 0xFF, 0xFF, 0xFF, 0xFF, 0xFF, 0xFF, 0xFF, 0xFF, 0xFF, 0xFF,
    0xFF, 0xFF, 0xFF, 0xFF, 0xFF, 0xFF, 0xFF, 0xFF, 0xFF, 0xFF, 0xFF, 0xFF,
    0xFF, 0xFF, 0xFF, 0xFF, 0xFF, 0xFF, 0xFF, 0xFF, 0xFF, 0xFF, 0xFF, 0xFF,
    0xFF, 0xFF, 0xFF, 0xFF, 0xFF, 0xFF, 0xFF, 0xFF, 0xFF, 0xFF, 0xFF, 0xFF,
    0xFF, 0xFF, 0xFF, 0xFF, 0xFF, 0xFF, 0xFF, 0xFF, 0xFF, 0xFF, 0xFF, 0xFF,
    0xFF, 0xFF, 0xFF, 0xFF, 0xFF, 0xFF, 0xFF, 0xFF, 0xFF, 0xFF, 0xFF, 0xFF,
    0xFF, 0xFF, 0xFF, 0xFF, 0xFF, 0xFF, 0xFF, 0xFF, 0xFF, 0xFF, 0xFF, 0xFF,
    0xFF, 0xFF, 0xFF, 0xFF, 0xFF, 0xFF, 0xFF, 0xFF, 0xFF, 0xFF, 0xFF, 0xFF,
    0xFF, 0xFF, 0xFF, 0xFF, 0xFF, 0xFF, 0xFF, 0xFF, 0xFF, 0xFF, 0xFF, 0xFF,
    0xFF, 0xFF, 0xFF, 0xFF, 0xFF, 0xFF, 0xFF, 0xFF, 0xFF, 0xFF, 0xFF, 0xFF,
    0xFF, 0xFF, 0xFF, 0xFF, 0xFF, 0xFF, 0xFF, 0xFF, 0xFF, 0xFF, 0xFF, 0xFF,
    0xFF, 0xFF, 0xFF, 0xFF, 0xFF, 0xFF, 0xFF, 0xFF, 0xFF, 0xFF, 0xFF, 0xFF,
    0xFF, 0xFF, 0xFF, 0xFF, 0xFF, 0xFF, 0xFF, 0xFF, 0xFF, 0xFF, 0xFF, 0xFF,
    0xFF, 0xFF, 0xFF, 0xFF, 0xFF, 0xFF, 0xFF, 0xFF, 0xFF, 0xFF, 0xFF, 0xFF,
    0xFF, 0xFF, 0xFF, 0xFF, 0xFF, 0xFF, 0xFF, 0xFF, 0xFF, 0xFF, 0xFF, 0xFF,
    0xFF, 0xFF, 0xFF, 0xFF, 0xFF, 0xFF, 0xFF, 0xFF, 0xFF, 0xFF, 0xFF, 0xFF,
    0xFF, 0xFF, 0xFF, 0xFF, 0xFF, 0xFF, 0xFF, 0xFF, 0xFF, 0xFF, 0xFF, 0xFF,
    0xFF, 0xFF, 0xFF, 0xFF, 0xFF, 0xFF, 0xFF, 0xFF, 0xFF, 0xFF, 0xFF, 0xFF,
    0xFF, 0xFF, 0xFF, 0xFF, 0xFF, 0xFF, 0xFF, 0xFF, 0xFF, 0xFF, 0xFF, 0xFF,
    0xFF, 0xFF, 0xFF, 0xFF, 0xFF, 0xFF, 0xFF, 0xFF, 0xFF, 0xFF, 0xFF, 0xFF,
    0xFF, 0xFF, 0xFF, 0xFF, 0xFF, 0xFF, 0xFF, 0xFF, 0xFF, 0xFF, 0xFF, 0xFF,
    0xFF, 0xFF, 0xFF, 0xFF, 0xFF, 0xFF, 0xFF, 0xFF, 0xFF, 0xFF, 0xFF, 0xFF,
    0xFF, 0xFF, 0xFF, 0xFF, 0xFF, 0xFF, 0xFF, 0xFF, 0xFF, 0xFF, 0xFF, 0xFF,
    0xFF, 0xFF, 0xFF, 0xFF, 0xFF, 0xFF, 0xFF, 0xFF, 0xFF, 0xFF, 0xFF, 0xFF,
    0xFF, 0xFF, 0xFF, 0xFF, 0xFF, 0xFF, 0xFF, 0xFF, 0xFF, 0xFF, 0xFF, 0xFF,
    0xFF, 0xFF, 0xFF, 0xFF, 0xFF, 0xFF, 0xFF, 0xFF, 0xFF, 0xFF, 0xFF, 0xFF,
    0xFF, 0xFF, 0xFF, 0xFF, 0xFF, 0xFF, 0xFF, 0xFF, 0xFF, 0xFF, 0xFF, 0xFF,
    0xFF, 0xFF, 0xFF, 0xFF, 0xFF, 0xFF, 0xFF, 0xFF, 0xFF, 0xFF, 0xFF, 0xFF,
    0xFF, 0xFF, 0xFF, 0xFF, 0xFF, 0xFF, 0xFF, 0xFF, 0xFF, 0xFF, 0xFF, 0xFF,
    0xFF, 0xFF, 0xFF, 0xFF, 0xFF, 0xFF, 0xFF, 0xFF, 0xFF, 0xFF, 0xFF, 0xFF,
    0xFF, 0xFF, 0xFF, 0xFF, 0xFF, 0xFF, 0xFF, 0xFF, 0xFF, 0xFF, 0xFF, 0xFF,
    0xFF, 0xFF, 0xFF, 0xFF, 0xFF, 0xFF, 0xFF, 0xFF, 0xFF, 0xFF, 0xFF, 0xFF,
    0xFF, 0xFF, 0xFF, 0xFF, 0xFF, 0xFF, 0xFF, 0xFF, 0xFF, 0xFF, 0xFF, 0xFF,
    0xFF, 0xFF, 0xFF, 0xFF, 0xFF, 0xFF, 0xFF, 0xFF, 0xFF, 0xFF, 0xFF, 0xFF,
    0xFF, 0xFF, 0xFF, 0xFF, 0xFF, 0xFF, 0xFF, 0xFF, 0xFF, 0xFF, 0xFF, 0xFF,
    0xFF, 0xFF, 0xFF, 0xFF, 0xFF, 0xFF, 0xFF, 0xFF, 0xFF, 0xFF, 0xFF, 0xFF,
    0xFF, 0xFF, 0xFF, 0xFF, 0xFF, 0xFF, 0xFF, 0xFF, 0xFF, 0xFF, 0xFF, 0xFF,
    0xFF, 0xFF, 0xFF, 0xFF, 0xFF, 0xFF, 0xFF, 0xFF, 0xFF, 0xFF, 0xFF, 0xFF,
    0xFF, 0xFF, 0xFF, 0xFF, 0xFF, 0xFF, 0xFF, 0xFF, 0xFF, 0xFF, 0xFF, 0xFF,
    0xFF, 0xFF, 0xFF, 0xFF, 0xFF, 0xFF, 0xFF, 0xFF, 0xFF, 0xFF, 0xFF, 0xFF,
    0xFF, 0xFF, 0xFF, 0xFF, 0xFF, 0xFF, 0xFF, 0xFF, 0xFF, 0xFF, 0xFF, 0xFF,
    0xFF, 0xFF, 0xFF, 0xFF, 0xFF, 0xFF, 0xFF, 0xFF, 0xFF, 0xFF, 0xFF, 0xFF,
    0xFF, 0xFF, 0xFF, 0xFF, 0xFF, 0xFF, 0xFF, 0xFF, 0xFF, 0xFF, 0xFF, 0xFF,
    0xFF, 0xFF, 0xFF, 0xFF, 0xFF, 0xFF, 0xFF, 0xFF, 0xFF, 0xFF, 0xFF, 0xFF,
    0xFF, 0xFF, 0xFF, 0xFF, 0xFF, 0xFF, 0xFF, 0xFF, 0xFF, 0xFF, 0xFF, 0xFF,
    0xFF, 0xFF, 0xFF, 0xFF, 0xFF, 0xFF, 0xFF, 0xFF, 0xFF, 0xFF, 0xFF, 0xFF,
    0xFF, 0xFF, 0xFF, 0xFF, 0xFF, 0xFF, 0xFF, 0xFF, 0xFF, 0xFF, 0xFF, 0xFF,
    0xFF, 0xFF, 0xFF, 0xFF, 0xFF, 0xFF, 0xFF, 0xFF, 0xFF, 0xFF, 0xFF, 0xFF,
    0xFF, 0xFF, 0xFF, 0xFF, 0xFF, 0xFF, 0xFF, 0xFF, 0xFF, 0xFF, 0xFF, 0xFF,
    0xFF, 0xFF, 0xFF, 0xFF, 0xFF, 0xFF, 0xFF, 0xFF, 0xFF, 0xFF, 0xFF, 0xFF,
    0xFF, 0xFF, 0xFF, 0xFF, 0xFF, 0xFF, 0xFF, 0xFF, 0xFF, 0xFF, 0xFF, 0xFF,
    0xFF, 0xFF, 0xFF, 0xFF, 0xFF, 0xFF, 0xFF, 0xFF, 0xFF, 0xFF, 0xFF, 0xFF,
    0xFF, 0xFF, 0xFF, 0xFF, 0xFF, 0xFF, 0xFF, 0xFF, 0xFF, 0xFF, 0xFF, 0xFF,
    0xFF, 0xFF, 0xFF, 0xFF, 0xFF, 0xFF, 0xFF, 0xFF, 0xFF, 0xFF, 0xFF, 0xFF,
    0xFF, 0xFF, 0xFF, 0xFF, 0xFF, 0xFF, 0xFF, 0xFF, 0xFF, 0xFF, 0xFF, 0xFF,
    0xFF, 0xFF, 0xFF, 0xFF, 0xFF, 0xFF, 0xFF, 0xFF, 0xFF, 0xFF, 0xFF, 0xFF,
    0xFF, 0xFF, 0xFF, 0xFF, 0xFF, 0xFF, 0xFF, 0xFF, 0xFF, 0xFF, 0xFF, 0xFF,
    0xFF, 0xFF, 0xFF, 0xFF, 0xFF, 0xFF, 0xFF, 0xFF, 0xFF, 0xFF, 0xFF, 0xFF,
    0xFF, 0xFF, 0xFF, 0xFF, 0xFF, 0xFF, 0xFF, 0xFF, 0xFF, 0xFF, 0xFF, 0xFF,
    0xFF, 0xFF, 0xFF, 0xFF, 0xFF, 0xFF, 0xFF, 0xFF, 0xFF, 0xFF, 0xFF, 0xFF,
    0xFF, 0xFF, 0xFF, 0xFF, 0xFF, 0xFF, 0xFF, 0xFF, 0xFF, 0xFF, 0xFF, 0xFF,
    0xFF, 0xFF, 0xFF, 0xFF, 0xFF, 0xFF, 0xFF, 0xFF, 0xFF, 0xFF, 0xFF, 0xFF,
    0xFF, 0xFF, 0xFF, 0xFF, 0xFF, 0xFF, 0xFF, 0xFF, 0xFF, 0xFF, 0xFF, 0xFF,
    0xFF, 0xFF, 0xFF, 0xFF, 0xFF, 0xFF, 0xFF, 0xFF, 0xFF, 0xFF, 0xFF, 0xFF,
    0xFF, 0xFF, 0xFF, 0xFF, 0xFF, 0xFF, 0xFF, 0xFF, 0xFF, 0xFF, 0xFF, 0xFF,
    0xFF, 0xFF, 0xFF, 0xFF, 0xFF, 0xFF, 0xFF, 0xFF, 0xFF, 0xFF, 0xFF, 0xFF,
    0xFF, 0xFF, 0xFF, 0xFF, 0xFF, 0xFF, 0xFF, 0xFF, 0xFF, 0xFF, 0xFF, 0xFF,
    0xFF, 0xFF, 0xFF, 0xFF, 0xFF, 0xFF, 0xFF, 0xFF, 0xFF, 0xFF, 0xFF, 0xFF,
    0xFF, 0xFF, 0xFF, 0xFF, 0xFF, 0xFF, 0xFF, 0xFF, 0xFF, 0xFF, 0xFF, 0xFF,
    0xFF, 0xFF, 0xFF, 0xFF, 0xFF, 0xFF, 0xFF, 0xFF, 0xFF, 0xFF, 0xFF, 0xFF,
    0xFF, 0xFF, 0xFF, 0xFF, 0xFF, 0xFF, 0xFF, 0xFF, 0xFF, 0xFF, 0xFF, 0xFF,
    0xFF, 0xFF, 0xFF, 0xFF, 0xFF, 0xFF, 0xFF, 0xFF, 0xFF, 0xFF, 0xFF, 0xFF,
    0xFF, 0xFF, 0xFF, 0xFF, 0xFF, 0xFF, 0xFF, 0xFF, 0xFF, 0xFF, 0xFF, 0xFF,
    0xFF, 0xFF, 0xFF, 0xFF, 0xFF, 0xFF, 0xFF, 0xFF, 0xFF, 0xFF, 0xFF, 0xFF,
    0xFF, 0xFF, 0xFF, 0xFF, 0xFF, 0xFF, 0xFF, 0xFF, 0xFF, 0xFF, 0xFF, 0xFF,
    0xFF, 0xFF, 0xFF, 0xFF, 0xFF, 0xFF, 0xFF, 0xFF, 0xFF, 0xFF, 0xFF, 0xFF,
    0xFF, 0xFF, 0xFF, 0xFF, 0xFF, 0xFF, 0xFF, 0xFF, 0xFF, 0xFF, 0xFF, 0xFF,
    0xFF, 0xFF, 0xFF, 0xFF, 0xFF, 0xFF, 0xFF, 0xFF, 0xFF, 0xFF, 0xFF, 0xFF,
    0xFF, 0xFF, 0xFF, 0xFF, 0xFF, 0xFF, 0xFF, 0xFF, 0xFF, 0xFF, 0xFF, 0xFF,
    0xFF, 0xFF, 0xFF, 0xFF, 0xFF, 0xFF, 0xFF, 0xFF, 0xFF, 0xFF, 0xFF, 0xFF,
    0xFF, 0xFF, 0xFF, 0xFF, 0xFF, 0xFF, 0xFF, 0xFF, 0xFF, 0xFF, 0xFF, 0xFF,
    0xFF, 0xFF, 0xFF, 0xFF, 0xFF, 0xFF, 0xFF, 0xFF, 0xFF, 0xFF, 0xFF, 0xFF,
    0xFF, 0xFF, 0xFF, 0xFF, 0xFF, 0xFF, 0xFF, 0xFF, 0xFF, 0xFF, 0xFF, 0xFF,
    0xFF, 0xFF, 0xFF, 0xFF, 0xFF, 0xFF, 0xFF, 0xFF, 0xFF, 0xFF, 0xFF, 0xFF,
    0xFF, 0xFF, 0xFF, 0xFF, 0xFF, 0xFF, 0xFF, 0xFF, 0xFF, 0xFF, 0xFF, 0xFF,
    0xFF, 0xFF, 0xFF, 0xFF, 0xFF, 0xFF, 0xFF, 0xFF, 0xFF, 0xFF, 0xFF, 0xFF,
    0xFF, 0xFF, 0xFF, 0xFF, 0xFF, 0xFF, 0xFF, 0xFF, 0xFF, 0xFF, 0xFF, 0xFF,
    0xFF, 0xFF, 0xFF, 0xFF, 0xFF, 0xFF, 0xFF, 0xFF, 0xFF, 0xFF, 0xFF, 0xFF,
    0xFF, 0xFF, 0xFF, 0xFF, 0xFF, 0xFF, 0xFF, 0xFF, 0xFF, 0xFF, 0xFF, 0xFF,
    0xFF, 0xFF, 0xFF, 0xFF, 0xFF, 0xFF, 0xFF, 0xFF, 0xFF, 0xFF, 0xFF, 0xFF,
    0xFF, 0xFF, 0xFF, 0xFF, 0xFF, 0xFF, 0xFF, 0xFF, 0xFF, 0xFF, 0xFF, 0xFF,
    0xFF, 0xFF, 0xFF, 0xFF, 0xFF, 0xFF, 0xFF, 0xFF, 0xFF, 0xFF, 0xFF, 0xFF,
    0xFF, 0xFF, 0xFF, 0xFF, 0xFF, 0xFF, 0xFF, 0xFF, 0xFF, 0xFF, 0xFF, 0xFF,
    0xFF, 0xFF, 0xFF, 0xFF, 0xFF, 0xFF, 0xFF, 0xFF, 0xFF, 0xFF, 0xFF, 0xFF,
    0xFF, 0xFF, 0xFF, 0xFF, 0xFF, 0xFF, 0xFF, 0xFF, 0xFF, 0xFF, 0xFF, 0xFF,
    0xFF, 0xFF, 0xFF, 0xFF, 0xFF, 0xFF, 0xFF, 0xFF, 0xFF, 0xFF, 0xFF, 0xFF,
    0xFF, 0xFF, 0xFF, 0xFF, 0xFF, 0xFF, 0xFF, 0xFF, 0xFF, 0xFF, 0xFF, 0xFF,
    0xFF, 0xFF, 0xFF, 0xFF, 0xFF, 0xFF, 0xFF, 0xFF, 0xFF, 0xFF, 0xFF, 0xFF,
    0xFF, 0xFF, 0xFF, 0xFF, 0xFF, 0xFF, 0xFF, 0xFF, 0xFF, 0xFF, 0xFF, 0xFF,
    0xFF, 0xFF, 0xFF, 0xFF, 0xFF, 0xFF, 0xFF, 0xFF, 0xFF, 0xFF, 0xFF, 0xFF,
    0xFF, 0xFF, 0xFF, 0xFF, 0xFF, 0xFF, 0xFF, 0xFF, 0xFF, 0xFF, 0xFF, 0xFF,
    0xFF, 0xFF, 0xFF, 0xFF, 0xFF, 0xFF, 0xFF, 0xFF, 0xFF, 0xFF, 0xFF, 0xFF,
    0xFF, 0xFF, 0xFF, 0xFF, 0xFF, 0xFF, 0xFF, 0xFF, 0xFF, 0xFF, 0xFF, 0xFF,
    0xFF, 0xFF, 0xFF, 0xFF, 0xFF, 0xFF, 0xFF, 0xFF, 0xFF, 0xFF, 0xFF, 0xFF,
    0xFF, 0xFF, 0xFF, 0xFF, 0xFF, 0xFF, 0xFF, 0xFF, 0xFF, 0xFF, 0xFF, 0xFF,
    0xFF, 0xFF, 0xFF, 0xFF, 0xFF, 0xFF, 0xFF, 0xFF, 0xFF, 0xFF, 0xFF, 0xFF,
    0xFF, 0xFF, 0xFF, 0xFF, 0xFF, 0xFF, 0xFF, 0xFF, 0xFF, 0xFF, 0xFF, 0xFF,
    0xFF, 0xFF, 0xFF, 0xFF, 0xFF, 0xFF, 0xFF, 0xFF, 0xFF, 0xFF, 0xFF, 0xFF,
    0xFF, 0xFF, 0xFF, 0xFF, 0xFF, 0xFF, 0xFF, 0xFF, 0xFF, 0xFF, 0xFF, 0xFF,
    0xFF, 0xFF, 0xFF, 0xFF, 0xFF, 0xFF, 0xFF, 0xFF, 0xFF, 0xFF, 0xFF, 0xFF,
    0xFF, 0xFF, 0xFF, 0xFF, 0xFF, 0xFF, 0xFF, 0xFF, 0xFF, 0xFF, 0xFF, 0xFF,
    0xFF, 0xFF, 0xFF, 0xFF, 0xFF, 0xFF, 0xFF, 0xFF, 0xFF, 0xFF, 0xFF, 0xFF,
    0xFF, 0xFF, 0xFF, 0xFF, 0xFF, 0xFF, 0xFF, 0xFF, 0xFF, 0xFF, 0xFF, 0xFF,
    0xFF, 0xFF, 0xFF, 0xFF, 0xFF, 0xFF, 0xFF, 0xFF, 0xFF, 0xFF, 0xFF, 0xFF,
    0xFF, 0xFF, 0xFF, 0xFF, 0xFF, 0xFF, 0xFF, 0xFF, 0xFF, 0xFF, 0xFF, 0xFF,
    0xFF, 0xFF, 0xFF, 0xFF, 0xFF, 0xFF, 0xFF, 0xFF, 0xFF, 0xFF, 0xFF, 0xFF,
    0xFF, 0xFF, 0xFF, 0xFF, 0xFF, 0xFF, 0xFF, 0xFF, 0xFF, 0xFF, 0xFF, 0xFF,
    0xFF, 0xFF, 0xFF, 0xFF, 0xFF, 0xFF, 0xFF, 0xFF, 0xFF, 0xFF, 0xFF, 0xFF,
    0xFF, 0xFF, 0xFF, 0xFF, 0xFF, 0xFF, 0xFF, 0xFF, 0xFF, 0xFF, 0xFF, 0xFF,
    0xFF, 0xFF, 0xFF, 0xFF, 0xFF, 0xFF, 0xFF, 0xFF, 0xFF, 0xFF, 0xFF, 0xFF,
    0xFF, 0xFF, 0xFF, 0xFF, 0xFF, 0xFF, 0xFF, 0xFF, 0xFF, 0xFF, 0xFF, 0xFF,
    0xFF, 0xFF, 0xFF, 0xFF, 0xFF, 0xFF, 0xFF, 0xFF, 0xFF, 0xFF, 0xFF, 0xFF,
    0xFF, 0xFF, 0xFF, 0xFF, 0xFF, 0xFF, 0xFF, 0xFF, 0xFF, 0xFF, 0xFF, 0xFF,
    0xFF, 0xFF, 0xFF, 0xFF, 0xFF, 0xFF, 0xFF, 0xFF, 0xFF, 0xFF, 0xFF, 0xFF,
    0xFF, 0xFF, 0xFF, 0xFF, 0xFF, 0xFF, 0xFF, 0xFF, 0xFF, 0xFF, 0xFF, 0xFF,
    0xFF, 0xFF, 0xFF, 0xFF, 0xFF, 0xFF, 0xFF, 0xFF, 0xFF, 0xFF, 0xFF, 0xFF,
    0xFF, 0xFF, 0xFF, 0xFF, 0xFF, 0xFF, 0xFF, 0xFF, 0xFF, 0xFF, 0xFF, 0xFF,
    0xFF, 0xFF, 0xFF, 0xFF, 0xFF, 0xFF, 0xFF, 0xFF, 0xFF, 0xFF, 0xFF, 0xFF,
    0xFF, 0xFF, 0xFF, 0xFF, 0xFF, 0xFF, 0xFF, 0xFF, 0xFF, 0xFF, 0xFF, 0xFF,
    0xFF, 0xFF, 0xFF, 0xFF, 0xFF, 0xFF, 0xFF, 0xFF, 0xFF, 0xFF, 0xFF, 0xFF,
    0xFF, 0xFF, 0xFF, 0xFF, 0xFF, 0xFF, 0xFF, 0xFF, 0xFF, 0xFF, 0xFF, 0xFF,
    0xFF, 0xFF, 0xFF, 0xFF, 0xFF, 0xFF, 0xFF, 0xFF, 0xFF, 0xFF, 0xFF, 0xFF,
    0xFF, 0xFF, 0xFF, 0xFF, 0xFF, 0xFF, 0xFF, 0xFF, 0xFF, 0xFF, 0xFF, 0xFF,
    0xFF, 0xFF, 0xFF, 0xFF, 0xFF, 0xFF, 0xFF, 0xFF, 0xFF, 0xFF, 0xFF, 0xFF,
    0xFF, 0xFF, 0xFF, 0xFF, 0xFF, 0xFF, 0xFF, 0xFF, 0xFF, 0xFF, 0xFF, 0xFF,
    0xFF, 0xFF, 0xFF, 0xFF, 0xFF, 0xFF, 0xFF, 0xFF, 0xFF, 0xFF, 0xFF, 0xFF,
    0xFF, 0xFF, 0xFF, 0xFF, 0xFF, 0xFF, 0xFF, 0xFF, 0xFF, 0xFF, 0xFF, 0xFF,
    0xFF, 0xFF, 0xFF, 0xFF, 0xFF, 0xFF, 0xFF, 0xFF, 0xFF, 0xFF, 0xFF, 0xFF,
    0xFF, 0xFF, 0xFF, 0xFF, 0xFF, 0xFF, 0xFF, 0xFF, 0xFF, 0xFF, 0xFF, 0xFF,
    0xFF, 0xFF, 0xFF, 0xFF, 0xFF, 0xFF, 0xFF, 0xFF, 0xFF, 0xFF, 0xFF, 0xFF,
    0xFF, 0xFF, 0xFF, 0xFF, 0xFF, 0xFF, 0xFF, 0xFF, 0xFF, 0xFF, 0xFF, 0xFF,
    0xFF, 0xFF, 0xFF, 0xFF, 0xFF, 0xFF, 0xFF, 0xFF, 0xFF, 0xFF, 0xFF, 0xFF,
    0xFF, 0xFF, 0xFF, 0xFF, 0xFF, 0xFF, 0xFF, 0xFF, 0xFF, 0xFF, 0xFF, 0xFF,
    0xFF, 0xFF, 0xFF, 0xFF, 0xFF, 0xFF, 0xFF, 0xFF, 0xFF, 0xFF, 0xFF, 0xFF,
    0xFF, 0xFF, 0xFF, 0xFF, 0xFF, 0xFF, 0xFF, 0xFF, 0xFF, 0xFF, 0xFF, 0xFF,
    0xFF, 0xFF, 0xFF, 0xFF, 0xFF, 0xFF, 0xFF, 0xFF, 0xFF, 0xFF, 0xFF, 0xFF,
    0xFF, 0xFF, 0xFF, 0xFF, 0xFF, 0xFF, 0xFF, 0xFF, 0xFF, 0xFF, 0xFF, 0xFF,
    0xFF, 0xFF, 0xFF, 0xFF, 0xFF, 0xFF, 0xFF, 0xFF, 0xFF, 0xFF, 0xFF, 0xFF,
    0xFF, 0xFF, 0xFF, 0xFF, 0xFF, 0xFF, 0xFF, 0xFF, 0xFF, 0xFF, 0xFF, 0xFF,
    0xFF, 0xFF, 0xFF, 0xFF, 0xFF, 0xFF, 0xFF, 0xFF, 0xFF, 0xFF, 0xFF, 0xFF,
    0xFF, 0xFF, 0xFF, 0xFF, 0xFF, 0xFF, 0xFF, 0xFF, 0xFF, 0xFF, 0xFF, 0xFF,
    0xFF, 0xFF, 0xFF, 0xFF, 0xFF, 0xFF, 0xFF, 0xFF, 0xFF, 0xFF, 0xFF, 0xFF,
    0xFF, 0xFF, 0xFF, 0xFF, 0xFF, 0xFF, 0xFF, 0xFF, 0xFF, 0xFF, 0xFF, 0xFF,
    0xFF, 0xFF, 0xFF, 0xFF, 0xFF, 0xFF, 0xFF, 0xFF, 0xFF, 0xFF, 0xFF, 0xFF,
    0xFF, 0xFF, 0xFF, 0xFF, 0xFF, 0xFF, 0xFF, 0xFF, 0xFF, 0xFF, 0xFF, 0xFF,
    0xFF, 0xFF, 0xFF, 0xFF, 0xFF, 0xFF, 0xFF, 0xFF, 0xFF, 0xFF, 0xFF, 0xFF,
    0xFF, 0xFF, 0xFF, 0xFF, 0xFF, 0xFF, 0xFF, 0xFF, 0xFF, 0xFF, 0xFF, 0xFF,
    0xFF, 0xFF, 0xFF, 0xFF, 0xFF, 0xFF, 0xFF, 0xFF, 0xFF, 0xFF, 0xFF, 0xFF,
    0xFF, 0xFF, 0xFF, 0xFF, 0xFF, 0xFF, 0xFF, 0xFF, 0xFF, 0xFF, 0xFF, 0xFF,
    0xFF, 0xFF, 0xFF, 0xFF, 0xFF, 0xFF, 0xFF, 0xFF, 0xFF, 0xFF, 0xFF, 0xFF,
    0xFF, 0xFF, 0xFF, 0xFF, 0xFF, 0xFF, 0xFF, 0xFF, 0xFF, 0xFF, 0xFF, 0xFF,
    0xFF, 0xFF, 0xFF, 0xFF, 0xFF, 0xFF, 0xFF, 0xFF, 0xFF, 0xFF, 0xFF, 0xFF,
    0xFF, 0xFF, 0xFF, 0xFF, 0xFF, 0xFF, 0xFF, 0xFF, 0xFF, 0xFF, 0xFF, 0xFF,
    0xFF, 0xFF, 0xFF, 0xFF, 0xFF, 0xFF, 0xFF, 0xFF, 0xFF, 0xFF, 0xFF, 0xFF,
    0xFF, 0xFF, 0xFF, 0xFF, 0xFF, 0xFF, 0xFF, 0xFF, 0xFF, 0xFF, 0xFF, 0xFF,
    0xFF, 0xFF, 0xFF, 0xFF, 0xFF, 0xFF, 0xFF, 0xFF, 0xFF, 0xFF, 0xFF, 0xFF,
    0xFF, 0xFF, 0xFF, 0xFF, 0xFF, 0xFF, 0xFF, 0xFF, 0xFF, 0xFF, 0xFF, 0xFF,
    0xFF, 0xFF, 0xFF, 0xFF, 0xFF, 0xFF, 0xFF, 0xFF, 0xFF, 0xFF, 0xFF, 0xFF,
    0xFF, 0xFF, 0xFF, 0xFF, 0xFF, 0xFF, 0xFF, 0xFF, 0xFF, 0xFF, 0xFF, 0xFF,
    0xFF, 0xFF, 0xFF, 0xFF, 0xFF, 0xFF, 0xFF, 0xFF, 0xFF, 0xFF, 0xFF, 0xFF,
    0xFF, 0xFF, 0xFF, 0xFF, 0xFF, 0xFF, 0xFF, 0xFF, 0xFF, 0xFF, 0xFF, 0xFF,
    0xFF, 0xFF, 0xFF, 0xFF, 0xFF, 0xFF, 0xFF, 0xFF, 0xFF, 0xFF, 0xFF, 0xFF,
    0xFF, 0xFF, 0xFF, 0xFF, 0xFF, 0xFF, 0xFF, 0xFF, 0xFF, 0xFF, 0xFF, 0xFF,
    0xFF, 0xFF, 0xFF, 0xFF, 0xFF, 0xFF, 0xFF, 0xFF, 0xFF, 0xFF, 0xFF, 0xFF,
    0xFF, 0xFF, 0xFF, 0xFF, 0xFF, 0xFF, 0xFF, 0xFF, 0xFF, 0xFF, 0xFF, 0xFF,
    0xFF, 0xFF, 0xFF, 0xFF, 0xFF, 0xFF, 0xFF, 0xFF, 0xFF, 0xFF, 0xFF, 0xFF,
    0xFF, 0xFF, 0xFF, 0xFF, 0xFF, 0xFF, 0xFF, 0xFF, 0xFF, 0xFF, 0xFF, 0xFF,
    0xFF, 0xFF, 0xFF, 0xFF, 0xFF, 0xFF, 0xFF, 0xFF, 0xFF, 0xFF, 0xFF, 0xFF,
    0xFF, 0xFF, 0xFF, 0xFF, 0xFF, 0xFF, 0xFF, 0xFF, 0xFF, 0xFF, 0xFF, 0xFF,
    0xFF, 0xFF, 0xFF, 0xFF, 0xFF, 0xFF, 0xFF, 0xFF, 0xFF, 0xFF, 0xFF, 0xFF,
    0xFF, 0xFF, 0xFF, 0xFF, 0xFF, 0xFF, 0xFF, 0xFF, 0xFF, 0xFF, 0xFF, 0xFF,
    0xFF, 0xFF, 0xFF, 0xFF, 0xFF, 0xFF, 0xFF, 0xFF, 0xFF, 0xFF, 0xFF, 0xFF,
    0xFF, 0xFF, 0xFF, 0xFF, 0xFF, 0xFF, 0xFF, 0xFF, 0xFF, 0xFF, 0xFF, 0xFF,
    0xFF, 0xFF, 0xFF, 0xFF, 0xFF, 0xFF, 0xFF, 0xFF, 0xFF, 0xFF, 0xFF, 0xFF,
    0xFF, 0xFF, 0xFF, 0xFF, 0xFF, 0xFF, 0xFF, 0xFF, 0xFF, 0xFF, 0xFF, 0xFF,
    0xFF, 0xFF, 0xFF, 0xFF, 0xFF, 0xFF, 0xFF, 0xFF, 0xFF, 0xFF, 0xFF, 0xFF,
    0xFF, 0xFF, 0xFF, 0xFF, 0xFF, 0xFF, 0xFF, 0xFF, 0xFF, 0xFF, 0xFF, 0xFF,
    0xFF, 0xFF, 0xFF, 0xFF, 0xFF, 0xFF, 0xFF, 0xFF, 0xFF, 0xFF, 0xFF, 0xFF,
    0xFF, 0xFF, 0xFF, 0xFF, 0xFF, 0xFF, 0xFF, 0xFF, 0xFF, 0xFF, 0xFF, 0xFF,
    0xFF, 0xFF, 0xFF, 0xFF, 0xFF, 0xFF, 0xFF, 0xFF, 0xFF, 0xFF, 0xFF, 0xFF,
    0xFF, 0xFF, 0xFF, 0xFF, 0xFF, 0xFF, 0xFF, 0xFF, 0xFF, 0xFF, 0xFF, 0xFF,
    0xFF, 0xFF, 0xFF, 0xFF, 0xFF, 0xFF, 0xFF, 0xFF, 0xFF, 0xFF, 0xFF, 0xFF,
    0xFF, 0xFF, 0xFF, 0xFF, 0xFF, 0xFF, 0xFF, 0xFF, 0xFF, 0xFF, 0xFF, 0xFF,
    0xFF, 0xFF, 0xFF, 0xFF, 0xFF, 0xFF, 0xFF, 0xFF, 0xFF, 0xFF, 0xFF, 0xFF,
    0xFF, 0xFF, 0xFF, 0xFF, 0xFF, 0xFF, 0xFF, 0xFF, 0xFF, 0xFF, 0xFF, 0xFF,
    0xFF, 0xFF, 0xFF, 0xFF, 0xFF, 0xFF, 0xFF, 0xFF, 0xFF, 0xFF, 0xFF, 0xFF,
    0xFF, 0xFF, 0xFF, 0xFF, 0xFF, 0xFF, 0xFF, 0xFF, 0xFF, 0xFF, 0xFF, 0xFF,
    0xFF, 0xFF, 0xFF, 0xFF, 0xFF, 0xFF, 0xFF, 0xFF, 0xFF, 0xFF, 0xFF, 0xFF,
    0xFF, 0xFF, 0xFF, 0xFF, 0xFF, 0xFF, 0xFF, 0xFF, 0xFF, 0xFF, 0xFF, 0xFF,
    0xFF, 0xFF, 0xFF, 0xFF, 0xFF, 0xFF, 0xFF, 0xFF, 0xFF, 0xFF, 0xFF, 0xFF,
    0xFF, 0xFF, 0xFF, 0xFF, 0xFF, 0xFF, 0xFF, 0xFF, 0xFF, 0xFF, 0xFF, 0xFF,
    0xFF, 0xFF, 0xFF, 0xFF, 0xFF, 0xFF, 0xFF, 0xFF, 0xFF, 0xFF, 0xFF, 0xFF,
    0xFF, 0xFF, 0xFF, 0xFF, 0xFF, 0xFF, 0xFF, 0xFF, 0xFF, 0xFF, 0xFF, 0xFF,
    0xFF, 0xFF, 0xFF, 0xFF, 0xFF, 0xFF, 0xFF, 0xFF, 0xFF, 0xFF, 0xFF, 0xFF,
    0xFF, 0xFF, 0xFF, 0xFF, 0xFF, 0xFF, 0xFF, 0xFF, 0xFF, 0xFF, 0xFF, 0xFF,
    0xFF, 0xFF, 0xFF, 0xFF, 0xFF, 0xFF, 0xFF, 0xFF, 0xFF, 0xFF, 0xFF, 0xFF,
    0xFF, 0xFF, 0xFF, 0xFF, 0xFF, 0xFF, 0xFF, 0xFF, 0xFF, 0xFF, 0xFF, 0xFF,
    0xFF, 0xFF, 0xFF, 0xFF, 0xFF, 0xFF, 0xFF, 0xFF, 0xFF, 0xFF, 0xFF, 0xFF,
    0xFF, 0xFF, 0xFF, 0xFF, 0xFF, 0xFF, 0xFF, 0xFF, 0xFF, 0xFF, 0xFF, 0xFF,
    0xFF, 0xFF, 0xFF, 0xFF, 0xFF, 0xFF, 0xFF, 0xFF, 0xFF, 0xFF, 0xFF, 0xFF,
    0xFF, 0xFF, 0xFF, 0xFF, 0xFF, 0xFF, 0xFF, 0xFF, 0xFF, 0xFF, 0xFF, 0xFF,
    0xFF, 0xFF, 0xFF, 0xFF, 0xFF, 0xFF, 0xFF, 0xFF, 0xFF, 0xFF, 0xFF, 0xFF,
    0xFF, 0xFF, 0xFF, 0xFF, 0xFF, 0xFF, 0xFF, 0xFF, 0xFF, 0xFF, 0xFF, 0xFF,
    0xFF, 0xFF, 0xFF, 0xFF, 0xFF, 0xFF, 0xFF, 0xFF, 0xFF, 0xFF, 0xFF, 0xFF,
    0xFF, 0xFF, 0xFF, 0xFF, 0xFF, 0xFF, 0xFF, 0xFF, 0xFF, 0xFF, 0xFF, 0xFF,
    0xFF, 0xFF, 0xFF, 0xFF, 0xFF, 0xFF, 0xFF, 0xFF, 0xFF, 0xFF, 0xFF, 0xFF,
    0xFF, 0xFF, 0xFF, 0xFF, 0xFF, 0xFF, 0xFF, 0xFF, 0xFF, 0xFF, 0xFF, 0xFF,
    0xFF, 0xFF, 0xFF, 0xFF, 0xFF, 0xFF, 0xFF, 0xFF, 0xFF, 0xFF, 0xFF, 0xFF,
    0xFF, 0xFF, 0xFF, 0xFF, 0xFF, 0xFF, 0xFF, 0xFF, 0xFF, 0xFF, 0xFF, 0xFF,
    0xFF, 0xFF, 0xFF, 0xFF, 0xFF, 0xFF, 0xFF, 0xFF, 0xFF, 0xFF, 0xFF, 0xFF,
    0xFF, 0xFF, 0xFF, 0xFF, 0xFF, 0xFF, 0xFF, 0xFF, 0xFF, 0xFF, 0xFF, 0xFF,
    0xFF, 0xFF, 0xFF, 0xFF, 0xFF, 0xFF, 0xFF, 0xFF, 0xFF, 0xFF, 0xFF, 0xFF,
    0xFF, 0xFF, 0xFF, 0xFF, 0xFF, 0xFF, 0xFF, 0xFF, 0xFF, 0xFF, 0xFF, 0xFF,
    0xFF, 0xFF, 0xFF, 0xFF, 0xFF, 0xFF, 0xFF, 0xFF, 0xFF, 0xFF, 0xFF, 0xFF,
    0xFF, 0xFF, 0xFF, 0xFF, 0xFF, 0xFF, 0xFF, 0xFF, 0xFF, 0xFF, 0xFF, 0xFF,
    0xFF, 0xFF, 0xFF, 0xFF, 0xFF, 0xFF, 0xFF, 0xFF, 0xFF, 0xFF, 0xFF, 0xFF,
    0xFF, 0xFF, 0xFF, 0xFF, 0xFF, 0xFF, 0xFF, 0xFF, 0xFF, 0xFF, 0xFF, 0xFF,
    0xFF, 0xFF, 0xFF, 0xFF, 0xFF, 0xFF, 0xFF, 0xFF, 0xFF, 0xFF, 0xFF, 0xFF,
    0xFF, 0xFF, 0xFF, 0xFF, 0xFF, 0xFF, 0xFF, 0xFF, 0xFF, 0xFF, 0xFF, 0xFF,
    0xFF, 0xFF, 0xFF, 0xFF, 0xFF, 0xFF, 0xFF, 0xFF, 0xFF, 0xFF, 0xFF, 0xFF,
    0xFF, 0xFF, 0xFF, 0xFF, 0xFF, 0xFF, 0xFF, 0xFF, 0xFF, 0xFF, 0xFF, 0xFF,
    0xFF, 0xFF, 0xFF, 0xFF, 0xFF, 0xFF, 0xFF, 0xFF, 0xFF, 0xFF, 0xFF, 0xFF,
    0xFF, 0xFF, 0xFF, 0xFF, 0xFF, 0xFF, 0xFF, 0xFF, 0xFF, 0xFF, 0xFF, 0xFF,
    0xFF, 0xFF, 0xFF, 0xFF, 0xFF, 0xFF, 0xFF, 0xFF, 0xFF, 0xFF, 0xFF, 0xFF,
    0xFF, 0xFF, 0xFF, 0xFF, 0xFF, 0xFF, 0xFF, 0xFF, 0xFF, 0xFF, 0xFF, 0xFF,
    0xFF, 0xFF, 0xFF, 0xFF, 0xFF, 0xFF, 0xFF, 0xFF, 0xFF, 0xFF, 0xFF, 0xFF,
    0xFF, 0xFF, 0xFF, 0xFF, 0xFF, 0xFF, 0xFF, 0xFF, 0xFF, 0xFF, 0xFF, 0xFF,
    0xFF, 0xFF, 0xFF, 0xFF, 0xFF, 0xFF, 0xFF, 0xFF, 0xFF, 0xFF, 0xFF, 0xFF,
    0xFF, 0xFF, 0xFF, 0xFF, 0xFF, 0xFF, 0xFF, 0xFF, 0xFF, 0xFF, 0xFF, 0xFF,
    0xFF, 0xFF, 0xFF, 0xFF, 0xFF, 0xFF, 0xFF, 0xFF, 0xFF, 0xFF, 0xFF, 0xFF,
    0x00, 0x00, 0x00, 0x00, 0x00, 0x00, 0x00, 0x00, 0x10, 0x10, 0x10, 0x10,
    0x10, 0x00, 0x10, 0x00, 0x28, 0x28, 0x28, 0x00, 0x00, 0x00, 0x00, 0x00,
    0x44, 0x44, 0xFE, 0x44, 0xFE, 0x44, 0x44, 0x00, 0x10, 0x7E, 0x90, 0x7C,
    0x12, 0xFC, 0x10, 0x00, 0xC2, 0xC4, 0x08, 0x10, 0x20, 0x46, 0x86, 0x00,
    0x70, 0x88, 0x50, 0x20, 0x52, 0x8C, 0x72, 0x00, 0x10, 0x10, 0x20, 0x00,
    0x00, 0x00, 0x00, 0x00, 0x08, 0x10, 0x20, 0x20, 0x20, 0x10, 0x08, 0x00,
    0x20, 0x10, 0x08, 0x08, 0x08, 0x10, 0x20, 0x00, 0x00, 0x54, 0x38, 0xFE,
    0x38, 0x54, 0x00, 0x00, 0x00, 0x10, 0x10, 0xFE, 0x10, 0x10, 0x00, 0x00,
    0x00, 0x00, 0x00, 0x00, 0x18, 0x08, 0x10, 0x00, 0x00, 0x00, 0x00, 0x7C,
    0x00, 0x00, 0x00, 0x00, 0x00, 0x00, 0x00, 0x00, 0x00, 0x18, 0x18, 0x00,
    0x02, 0x04, 0x08, 0x10, 0x20, 0x40, 0x80, 0x00, 0x7C, 0x86, 0x8A, 0x92,
    0xA2, 0xC2, 0x7C, 0x00, 0x10, 0x30, 0x50, 0x10, 0x10, 0x10, 0x7C, 0x00,
    0x7C, 0x82, 0x02, 0x3C, 0x40, 0x80, 0xFE, 0x00, 0x7C, 0x82, 0x02, 0x3C,
    0x02, 0x82, 0x7C, 0x00, 0x0C, 0x14, 0x24, 0x44, 0xFE, 0x04, 0x04, 0x00,
    0xFE, 0x80, 0xFC, 0x02, 0x02, 0x82, 0x7C, 0x00, 0x7C, 0x80, 0x80, 0xFC,
    0x82, 0x82, 0x7C, 0x00, 0xFE, 0x82, 0x04, 0x08, 0x10, 0x10, 0x10, 0x00,
    0x7C, 0x82, 0x82, 0x7C, 0x82, 0x82, 0x7C, 0x00, 0x7C, 0x82, 0x82, 0x7E,
    0x02, 0x02, 0x7C, 0x00, 0x00, 0x18, 0x18, 0x00, 0x18, 0x18, 0x00, 0x00,
    0x00, 0x18, 0x18, 0x00, 0x18, 0x08, 0x10, 0x00, 0x08, 0x10, 0x20, 0x40,
    0x20, 0x10, 0x08, 0x00, 0x00, 0x00, 0xFE, 0x00, 0xFE, 0x00, 0x00, 0x00,
    0x20, 0x10, 0x08, 0x04, 0x08, 0x10, 0x20, 0x00, 0x7C, 0x82, 0x02, 0x0C,
    0x10, 0x00, 0x10, 0x00, 0x7C, 0x82, 0x9E, 0xA2, 0x9E, 0x80, 0x7C, 0x00,
    0x38, 0x44, 0x82, 0x82, 0xFE, 0x82, 0x82, 0x00, 0xFC, 0x82, 0x82, 0xFC,
    0x82, 0x82, 0xFC, 0x00, 0x7C, 0x82, 0x80, 0x80, 0x80, 0x82, 0x7C, 0x00,
    0xF8, 0x84, 0x82, 0x82, 0x82, 0x84, 0xF8, 0x00, 0xFE, 0x80, 0x80, 0xFC,
    0x80, 0x80, 0xFE, 0x00, 0xFE, 0x80, 0x80, 0xFC, 0x80, 0x80, 0x80, 0x00,
    0x7C, 0x82, 0x80, 0x8E, 0x82, 0x82, 0x7C, 0x00, 0x82, 0x82, 0x82, 0xFE,
    0x82, 0x82, 0x82, 0x00, 0x7C, 0x10, 0x10, 0x10, 0x10, 0x10, 0x7C, 0x00,
    0x0E, 0x04, 0x04, 0x04, 0x84, 0x84, 0x78, 0x00, 0x82, 0x84, 0x88, 0xF0,
    0x88, 0x84, 0x82, 0x00, 0x80, 0x80, 0x80, 0x80, 0x80, 0x80, 0xFE, 0x00,
    0x82, 0xC6, 0xAA, 0x92, 0x82, 0x82, 0x82, 0x00, 0x82, 0xC2, 0xA2, 0x92,
    0x8A, 0x86, 0x82, 0x00, 0x7C, 0x82, 0x82, 0x82, 0x82, 0x82, 0x7C, 0x00,
    0xFC, 0x82, 0x82, 0xFC, 0x80, 0x80, 0x80, 0x00, 0x7C, 0x82, 0x82, 0x82,
    0x8A, 0x84, 0x7A, 0x00, 0xFC, 0x82, 0x82, 0xFC, 0x88, 0x84, 0x82, 0x00,
    0x7C, 0x82, 0x80, 0x7C, 0x02, 0x82, 0x7C, 0x00, 0xFE, 0x10, 0x10, 0x10,
    0x10, 0x10, 0x10, 0x00, 0x82, 0x82, 0x82, 0x82, 0x82, 0x82, 0x7C, 0x00,
    0x82, 0x82, 0x82, 0x44, 0x44, 0x28, 0x10, 0x00, 0x82, 0x82, 0x82, 0x92,
    0xAA, 0xC6, 0x82, 0x00, 0x82, 0x44, 0x28, 0x10, 0x28, 0x44, 0x82, 0x00,
    0x82, 0x44, 0x28, 0x10, 0x10, 0x10, 0x10, 0x00, 0xFE, 0x04, 0x08, 0x10,
    0x20, 0x40, 0xFE, 0x00, 0x38, 0x20, 0x20, 0x20, 0x20, 0x20, 0x38, 0x00,
    0x80, 0x40, 0x20, 0x10, 0x08, 0x04, 0x02, 0x00, 0x38, 0x08, 0x08, 0x08,
    0x08, 0x08, 0x38, 0x00, 0x10, 0x28, 0x44, 0x00, 0x00, 0x00, 0x00, 0x00,
    0x00, 0x00, 0x00, 0x00, 0x00, 0x00, 0xFE, 0x00, 0x00, 0x00, 0x00, 0x00,
    0x00, 0x00, 0x00, 0x00, 0x00, 0x00, 0xFF, 0x00, 0x00, 0xFF, 0x00, 0x00,
    0x24, 0x24, 0x24, 0x24, 0x24, 0x24, 0x24, 0x24, 0x00, 0x00, 0x0F, 0x10,
    0x20, 0x27, 0x24, 0x24, 0x00, 0x00, 0xF0, 0x08, 0x04, 0xE4, 0x24, 0x24,
    0x24, 0x24, 0x27, 0x20, 0x10, 0x0F, 0x00, 0x00, 0x24, 0x24, 0xE4, 0x04,
    0x08, 0xF0, 0x00, 0x00, 0xFF, 0xFF, 0xFF, 0xFF, 0xFF, 0xFF, 0xFF, 0xFF,
    0x00, 0x00, 0x00, 0x00, 0x00, 0x00, 0x00, 0x00, 0x00, 0x00, 0x00, 0x00,
    0x00, 0x00, 0x00, 0x00, 0x00, 0x00, 0x00, 0x00, 0x00, 0x00, 0x00, 0x00,
    0x00, 0x00, 0x00, 0x00, 0x00, 0x00, 0x00, 0x00, 0x00, 0x00, 0x00, 0x00,
    0x00, 0x00, 0x00, 0x00, 0x00, 0x00, 0x00, 0x00, 0x00, 0x00, 0x00, 0x00,
    0x00, 0x00, 0x00, 0x00, 0x00, 0x00, 0x00, 0x00, 0x00, 0x00, 0x00, 0x00,
    0x00, 0x00, 0x00, 0x00, 0x00, 0x00, 0x00, 0x00, 0x00, 0x00, 0x00, 0x00,
    0x00, 0x80, 0x80, 0x80, 0x80, 0x80, 0x80, 0x00, 0x00, 0xC0, 0xC0, 0xC0,
    0xC0, 0xC0, 0xC0, 0x00, 0x00, 0xE0, 0xE0, 0xE0, 0xE0, 0xE0, 0xE0, 0x00,
    0x00, 0xF0, 0xF0, 0xF0, 0xF0, 0xF0, 0xF0, 0x00, 0x00, 0xF8, 0xF8, 0xF8,
    0xF8, 0xF8, 0xF8, 0x00, 0x00, 0xFC, 0xFC, 0xFC, 0xFC, 0xFC, 0xFC, 0x00,
    0x00, 0xFE, 0xFE, 0xFE, 0xFE, 0xFE, 0xFE, 0x00, 0x00, 0xFF, 0xFF, 0xFF,
    0xFF, 0xFF, 0xFF, 0x00, 0x00, 0x00, 0x00, 0x00, 0x00, 0x00, 0x00, 0x00,
    0x00, 0x00, 0x00, 0x00, 0x00, 0x00, 0x00, 0x00, 0x00, 0x00, 0x00, 0x00,
    0x00, 0x00, 0x00, 0x00, 0x00, 0x00, 0x00, 0x00, 0x00, 0x00, 0x00, 0x00,
    0x00, 0x00, 0x00, 0x00, 0x00, 0x00, 0x00, 0x00, 0x00, 0x00, 0x00, 0x00,
    0x00, 0x00, 0x00, 0x00, 0x00, 0x00, 0x00, 0x00, 0x00, 0x00, 0x00, 0x00,
    0x20, 0x10, 0x00, 0x00, 0x00, 0x00, 0x00, 0x00, 0x00, 0x00, 0x7C, 0x02,
    0x7E, 0x82, 0x7E, 0x00, 0x80, 0x80, 0xFC, 0x82, 0x82, 0x82, 0xFC, 0x00,
    0x00, 0x00, 0x7C, 0x80, 0x80, 0x80, 0x7C, 0x00, 0x02, 0x02, 0x7E, 0x82,
    0x82, 0x82, 0x7E, 0x00, 0x00, 0x00, 0x7C, 0x82, 0xFE, 0x80, 0x7C, 0x00,
    0x1C, 0x20, 0x20, 0xFC, 0x20, 0x20, 0x20, 0x00, 0x00, 0x00, 0x7E, 0x82,
    0x82, 0x7E, 0x02, 0x7C, 0x80, 0x80, 0xFC, 0x82, 0x82, 0x82, 0x82, 0x00,
    0x10, 0x00, 0x30, 0x10, 0x10, 0x10, 0x38, 0x00, 0x04, 0x00, 0x0C, 0x04,
    0x04, 0x04, 0x84, 0x78, 0x80, 0x80, 0x84, 0x88, 0xF8, 0x84, 0x82, 0x00,
    0x30, 0x10, 0x10, 0x10, 0x10, 0x10, 0x38, 0x00, 0x00, 0x00, 0xEC, 0x92,
    0x92, 0x92, 0x92, 0x00, 0x00, 0x00, 0xFC, 0x82, 0x82, 0x82, 0x82, 0x00,
    0x00, 0x00, 0x7C, 0x82, 0x82, 0x82, 0x7C, 0x00, 0x00, 0x00, 0xFC, 0x82,
    0x82, 0xFC, 0x80, 0x80, 0x00, 0x00, 0x7E, 0x82, 0x82, 0x7E, 0x02, 0x02,
    0x00, 0x00, 0xBC, 0xC2, 0x80, 0x80, 0x80, 0x00, 0x00, 0x00, 0x7E, 0x80,
    0x7C, 0x02, 0xFC, 0x00, 0x20, 0x20, 0xFC, 0x20, 0x20, 0x22, 0x1C, 0x00,
    0x00, 0x00, 0x82, 0x82, 0x82, 0x82, 0x7E, 0x00, 0x00, 0x00, 0x82, 0x82,
    0x44, 0x28, 0x10, 0x00, 0x00, 0x00, 0x82, 0x92, 0x92, 0x92, 0x6C, 0x00,
    0x00, 0x00, 0x82, 0x44, 0x10, 0x44, 0x82, 0x00, 0x00, 0x00, 0x82, 0x82,
    0x82, 0x7E, 0x02, 0x7C, 0x00, 0x00, 0xFE, 0x04, 0x10, 0x40, 0xFE, 0x00,
    0x0C, 0x10, 0x10, 0x60, 0x10, 0x10, 0x0C, 0x00, 0x10, 0x10, 0x10, 0x10,
    0x10, 0x10, 0x10, 0x00, 0x60, 0x10, 0x10, 0x0C, 0x10, 0x10, 0x60, 0x00,
    0x00, 0x00, 0x72, 0x8C, 0x00, 0x00, 0x00, 0x00, 0x00, 0x00, 0x00, 0x00,
    0x00, 0x00, 0x00, 0x00, 0xA0, 0x00, 0xF0, 0x07, 0xA9, 0x0C, 0xA2, 0xBC,
    0x4C, 0x2B, 0x02, 0x60, 0xFF, 0xFF, 0xFF, 0xFF, 0xFF, 0xFF, 0xFF, 0xFF,
    0xFF, 0xFF, 0xFF, 0xFF, 0xFF, 0xFF, 0xFF, 0xFF, 0xFF, 0xFF, 0xFF, 0xFF,
    0xFF, 0xFF, 0xFF, 0xFF, 0xFF, 0xFF, 0xFF, 0xFF, 0xFF, 0xFF, 0xFF, 0xFF,
    0xFF, 0xFF, 0xFF, 0xFF, 0xFF, 0xFF, 0xFF, 0xFF, 0xFF, 0xFF, 0xFF, 0xFF,
    0xFF, 0xFF, 0xFF, 0xFF, 0xFF, 0xFF, 0xFF, 0xFF, 0xFF, 0xFF, 0xFF, 0xFF,
    0xFF, 0xFF, 0xFF, 0xFF, 0xFF, 0xFF, 0xFF, 0xFF, 0xFF, 0xFF, 0xFF, 0xFF,
    0xFF, 0xFF, 0xFF, 0xFF, 0xFF, 0xFF, 0xFF, 0xFF, 0xFF, 0xFF, 0xFF, 0xFF,
    0xFF, 0xFF, 0xFF, 0xFF, 0xFF, 0xFF, 0xFF, 0xFF, 0xFF, 0xFF, 0xFF, 0xFF,
    0xFF, 0xFF, 0xFF, 0xFF, 0xFF, 0xFF, 0xFF, 0xFF, 0xFF, 0xFF, 0xFF, 0xFF,
    0xFF, 0xFF, 0xFF, 0xFF, 0xFF, 0xFF, 0xFF, 0xFF, 0xFF, 0xFF, 0xFF, 0xFF,
    0xFF, 0xFF, 0xFF, 0xFF, 0xFF, 0xFF, 0xFF, 0xFF, 0xFF, 0xFF, 0xFF, 0xFF,
    0xFF, 0xFF, 0xFF, 0xFF, 0xFF, 0xFF, 0xFF, 0xFF, 0xFF, 0xFF, 0xFF, 0xFF,
    0xFF, 0xFF, 0xFF, 0xFF, 0xFF, 0xFF, 0xFF, 0xFF, 0xFF, 0xFF, 0xFF, 0xFF,
    0xFF, 0xFF, 0xFF, 0xFF, 0xFF, 0xFF, 0xFF, 0xFF, 0xFF, 0xFF, 0xFF, 0xFF,
    0xFF, 0xFF, 0xFF, 0xFF, 0xFF, 0xFF, 0xFF, 0xFF, 0xFF, 0xFF, 0xFF, 0xFF,
    0xFF, 0xFF, 0xFF, 0xFF, 0xFF, 0xFF, 0xFF, 0xFF, 0xFF, 0xFF, 0xFF, 0xFF,
    0xFF, 0xFF, 0xFF, 0xFF, 0xFF, 0xFF, 0xFF, 0xFF, 0xFF, 0xFF, 0xFF, 0xFF,
    0xFF, 0xFF, 0xFF, 0xFF, 0xFF, 0xFF, 0xFF, 0xFF, 0xFF, 0xFF, 0xFF, 0xFF,
    0xFF, 0xFF, 0xFF, 0xFF, 0xFF, 0xFF, 0xFF, 0xFF, 0xFF, 0xFF, 0xFF, 0xFF,
    0xFF, 0xFF, 0xFF, 0xFF, 0xFF, 0xFF, 0xFF, 0xFF, 0xFF, 0xFF, 0xFF, 0xFF,
    0xFF, 0xFF, 0xFF, 0xFF, 0xFF, 0xFF, 0xFF, 0xFF, 0xFF, 0xFF, 0xFF, 0xFF,
    0xFF, 0xFF, 0xFF, 0xFF, 0xFF, 0xFF, 0xFF, 0xFF, 0xFF, 0xFF, 0xFF, 0xFF,
    0xFF, 0xFF, 0xFF, 0xFF, 0xFF, 0xFF, 0xFF, 0xFF, 0xFF, 0xFF, 0xFF, 0xFF,
    0xFF, 0xFF, 0xFF, 0xFF, 0xFF, 0xFF, 0xFF, 0xFF, 0xFF, 0xFF, 0xFF, 0xFF,
    0xFF, 0xFF, 0xFF, 0xFF, 0xFF, 0xFF, 0xFF, 0xFF, 0xFF, 0xFF, 0xFF, 0xFF,
    0xFF, 0xFF, 0xFF, 0xFF, 0xFF, 0xFF, 0xFF, 0xFF, 0xFF, 0xFF, 0xFF, 0xFF,
    0xFF, 0xFF, 0xFF, 0xFF, 0xFF, 0xFF, 0xFF, 0xFF, 0xFF, 0xFF, 0xFF, 0xFF,
    0xFF, 0xFF, 0xFF, 0xFF, 0xFF, 0xFF, 0xFF, 0xFF, 0xFF, 0xFF, 0xFF, 0xFF,
    0xFF, 0xFF, 0xFF, 0xFF, 0xFF, 0xFF, 0xFF, 0xFF, 0xFF, 0xFF, 0xFF, 0xFF,
    0xFF, 0xFF, 0xFF, 0xFF, 0xFF, 0xFF, 0xFF, 0xFF, 0xFF, 0xFF, 0xFF, 0xFF,
    0xFF, 0xFF, 0xFF, 0xFF, 0xFF, 0xFF, 0xFF, 0xFF, 0xFF, 0xFF, 0xFF, 0xFF,
    0xFF, 0xFF, 0xFF, 0xFF, 0xFF, 0xFF, 0xFF, 0xFF, 0xFF, 0xFF, 0xFF, 0xFF,
    0xFF, 0xFF, 0xFF, 0xFF, 0xFF, 0xFF, 0xFF, 0xFF, 0xFF, 0xFF, 0xFF, 0xFF,
    0xFF, 0xFF, 0xFF, 0xFF, 0xFF, 0xFF, 0xFF, 0xFF, 0xFF, 0xFF, 0xFF, 0xFF,
    0xFF, 0xFF, 0xFF, 0xFF, 0xFF, 0xFF, 0xFF, 0xFF, 0xFF, 0xFF, 0xFF, 0xFF,
    0xFF, 0xFF, 0xFF, 0xFF, 0xFF, 0xFF, 0xFF, 0xFF, 0xFF, 0xFF, 0xFF, 0xFF,
    0xFF, 0xFF, 0xFF, 0xFF, 0xFF, 0xFF, 0xFF, 0xFF, 0xFF, 0xFF, 0xFF, 0xFF,
    0xFF, 0xFF, 0xFF, 0xFF, 0xFF, 0xFF, 0xFF, 0xFF, 0xFF, 0xFF, 0xFF, 0xFF,
    0xFF, 0xFF, 0xFF, 0xFF, 0xFF, 0xFF, 0xFF, 0xFF, 0xFF, 0xFF, 0xFF, 0xFF,
    0xFF, 0xFF, 0xFF, 0xFF, 0xFF, 0xFF, 0xFF, 0xFF, 0xFF, 0xFF, 0xFF, 0xFF,
    0xFF, 0xFF, 0xFF, 0xFF, 0xFF, 0xFF, 0xFF, 0xFF, 0xFF, 0xFF, 0xFF, 0xFF,
    0xFF, 0xFF, 0xFF, 0xFF, 0xFF, 0xFF, 0xFF, 0xFF, 0xFF, 0xFF, 0xFF, 0xFF,
    0xFF, 0xFF, 0xFF, 0xFF, 0xFF, 0xFF, 0xFF, 0xFF, 0xFF, 0xFF, 0xFF, 0xFF,
    0xFF, 0xFF, 0xFF, 0xFF, 0xFF, 0xFF, 0xFF, 0xFF, 0xFF, 0xFF, 0xFF, 0xFF,
    0xFF, 0xFF, 0xFF, 0xFF, 0xFF, 0xFF, 0xFF, 0xFF, 0xFF, 0xFF, 0xFF, 0xFF,
    0xFF, 0xFF, 0xFF, 0xFF, 0xFF, 0xFF, 0xFF, 0xFF, 0xFF, 0xFF, 0xFF, 0xFF,
    0xFF, 0xFF, 0xFF, 0xFF, 0xFF, 0xFF, 0xFF, 0xFF, 0xFF, 0xFF, 0xFF, 0xFF,
    0xFF, 0xFF, 0xFF, 0xFF, 0xFF, 0xFF, 0xFF, 0xFF, 0xFF, 0xFF, 0xFF, 0xFF,
    0xFF, 0xFF, 0xFF, 0xFF, 0xFF, 0xFF, 0xFF, 0xFF, 0xFF, 0xFF, 0xFF, 0xFF,
    0xFF, 0xFF, 0xFF, 0xFF, 0xFF, 0xFF, 0xFF, 0xFF, 0xFF, 0xFF, 0xFF, 0xFF,
    0xFF, 0xFF, 0xFF, 0xFF, 0xFF, 0xFF, 0xFF, 0xFF, 0xFF, 0xFF, 0xFF, 0xFF,
    0xFF, 0xFF, 0xFF, 0xFF, 0xFF, 0xFF, 0xFF, 0xFF, 0xFF, 0xFF, 0xFF, 0xFF,
    0xFF, 0xFF, 0xFF, 0xFF, 0xFF, 0xFF, 0xFF, 0xFF, 0xFF, 0xFF, 0xFF, 0xFF,
    0xFF, 0xFF, 0xFF, 0xFF, 0xFF, 0xFF, 0xFF, 0xFF, 0xFF, 0xFF, 0xFF, 0xFF,
    0xFF, 0xFF, 0xFF, 0xFF, 0xFF, 0xFF, 0xFF, 0xFF, 0xFF, 0xFF, 0xFF, 0xFF,
    0xFF, 0xFF, 0xFF, 0xFF, 0xFF, 0xFF, 0xFF, 0xFF, 0xFF, 0xFF, 0xFF, 0xFF,
    0xFF, 0xFF, 0xFF, 0xFF, 0xFF, 0xFF, 0xFF, 0xFF, 0xFF, 0xFF, 0xFF, 0xFF,
    0xFF, 0xFF, 0xFF, 0xFF, 0xFF, 0xFF, 0xFF, 0xFF, 0xFF, 0xFF, 0xFF, 0xFF,
    0xFF, 0xFF, 0xFF, 0xFF, 0xFF, 0xFF, 0xFF, 0xFF, 0xFF, 0xFF, 0xFF, 0xFF,
    0xFF, 0xFF, 0xFF, 0xFF, 0xFF, 0xFF, 0xFF, 0xFF, 0xFF, 0xFF, 0xFF, 0xFF,
    0xFF, 0xFF, 0xFF, 0xFF, 0xFF, 0xFF, 0xFF, 0xFF, 0xFF, 0xFF, 0xFF, 0xFF,
    0xFF, 0xFF, 0xFF, 0xFF, 0xFF, 0xFF, 0xFF, 0xFF, 0xFF, 0xFF, 0xFF, 0xFF,
    0xFF, 0xFF, 0xFF, 0xFF, 0xFF, 0xFF, 0xFF, 0xFF, 0xFF, 0xFF, 0xFF, 0xFF,
    0xFF, 0xFF, 0xFF, 0xFF, 0xFF, 0xFF, 0xFF, 0xFF, 0xFF, 0xFF, 0xFF, 0xFF,
    0xFF, 0xFF, 0xFF, 0xFF, 0xFF, 0xFF, 0xFF, 0xFF, 0xFF, 0xFF, 0xFF, 0xFF,
    0xFF, 0xFF, 0xFF, 0xFF, 0xFF, 0xFF, 0xFF, 0xFF, 0xFF, 0xFF, 0xFF, 0xFF,
    0xFF, 0xFF, 0xFF, 0xFF, 0xFF, 0xFF, 0xFF, 0xFF, 0xFF, 0xFF, 0xFF, 0xFF,
    0xFF, 0xFF, 0xFF, 0xFF, 0xFF, 0xFF, 0xFF, 0xFF, 0xFF, 0xFF, 0xFF, 0xFF,
    0xFF, 0xFF, 0xFF, 0xFF, 0xFF, 0xFF, 0xFF, 0xFF, 0xFF, 0xFF, 0xFF, 0xFF,
    0xFF, 0xFF, 0xFF, 0xFF, 0xFF, 0xFF, 0xFF, 0xFF, 0xFF, 0xFF, 0xFF, 0xFF,
    0xFF, 0xFF, 0xFF, 0xFF, 0xFF, 0xFF, 0xFF, 0xFF, 0xFF, 0xFF, 0xFF, 0xFF,
    0xFF, 0xFF, 0xFF, 0xFF, 0xFF, 0xFF, 0xFF, 0xFF, 0xFF, 0xFF, 0xFF, 0xFF,
    0xFF, 0xFF, 0xFF, 0xFF, 0xFF, 0xFF, 0xFF, 0xFF, 0xFF, 0xFF, 0xFF, 0xFF,
    0xFF, 0xFF, 0xFF, 0xFF, 0xFF, 0xFF, 0xFF, 0xFF, 0xFF, 0xFF, 0xFF, 0xFF,
    0xFF, 0xFF, 0xFF, 0xFF, 0xFF, 0xFF, 0xFF, 0xFF, 0xFF, 0xFF, 0xFF, 0xFF,
    0xFF, 0xFF, 0xFF, 0xFF, 0xFF, 0xFF, 0xFF, 0xFF, 0xFF, 0xFF, 0xFF, 0xFF,
    0xFF, 0xFF, 0xFF, 0xFF, 0xFF, 0xFF, 0xFF, 0xFF, 0xFF, 0xFF, 0xFF, 0xFF,
    0xFF, 0xFF, 0xFF, 0xFF, 0xFF, 0xFF, 0xFF, 0xFF, 0xFF, 0xFF, 0xFF, 0xFF,
    0xFF, 0xFF, 0xFF, 0xFF, 0xFF, 0xFF, 0xFF, 0xFF, 0xFF, 0xFF, 0xFF, 0xFF,
    0xFF, 0xFF, 0xFF, 0xFF, 0xFF, 0xFF, 0xFF, 0xFF, 0xFF, 0xFF, 0xFF, 0xFF,
    0xFF, 0xFF, 0xFF, 0xFF, 0xFF, 0xFF, 0xFF, 0xFF, 0xFF, 0xFF, 0xFF, 0xFF,
    0xFF, 0xFF, 0xFF, 0xFF, 0xFF, 0xFF, 0xFF, 0xFF, 0xFF, 0xFF, 0xFF, 0xFF,
    0x46, 0x55, 0x4A, 0x49, 0x01, 0x00, 0x00, 0x02, 0x46, 0x55, 0x4A, 0x49,
    0x4E, 0x45, 0x54, 0x20, 0x20, 0x20, 0x20, 0x20, 0x20, 0x20, 0x20, 0x20,
    0x20, 0x20, 0x20, 0x20, 0xFF, 0xFF, 0x00, 0x40,
};

#endif /* FUJICONFIGROM_H */
