/*
  Boot ROM for the RP2040 cartridge -- FujiNet CONFIG for Intellivision
  (source: ~/Workspace/fujinet-config/intv/), assembled to Intellicart
  BIN+CFG format and embedded here so the Intellivision boots straight
  into it: WiFi setup, host slots, directory browsing, boot a selected
  ROM. Generated by intv/mkromh.py -- do not hand-edit.

  Regenerate after editing the .bas sources:
    cd fujinet-config/intv && make rom.h
    cp config_rom.h /path/to/fujinet-firmware/pico/intellivision/firmware/include/fujiconfigrom.h
*/
#ifndef FUJICONFIGROM_H
#define FUJICONFIGROM_H

static const unsigned char _bootrom[16562] = {
  0x00, 0x0D, 0x00, 0x50, 0x00, 0x0D, 0x00, 0x50, 0x00, 0x40, 0x00, 0x50, 0x00, 0x0D, 0x00, 0x50,
  0x00, 0x0F, 0x00, 0x50, 0x00, 0x2D, 0x00, 0x50, 0x03, 0xC0, 0x00, 0x00, 0x00, 0x00, 0x00, 0x01,
  0x00, 0x01, 0x00, 0x01, 0x00, 0x01, 0x00, 0x01, 0x02, 0xBC, 0x02, 0x00, 0x02, 0x44, 0x03, 0x3E,
  0x02, 0xB9, 0x00, 0xF0, 0x01, 0xC0, 0x00, 0x7D, 0x02, 0x0A, 0x00, 0x02, 0x02, 0x60, 0x02, 0x60,
  0x02, 0x09, 0x00, 0x01, 0x02, 0x60, 0x02, 0x04, 0x00, 0x05, 0x02, 0x60, 0x02, 0x60, 0x02, 0x60,
  0x02, 0x60, 0x00, 0x11, 0x02, 0x2C, 0x00, 0x06, 0x00, 0xAF, 0x00, 0x7E, 0x00, 0x49, 0x00, 0x6E,
  0x00, 0x74, 0x00, 0x79, 0x00, 0x42, 0x00, 0x41, 0x00, 0x53, 0x00, 0x49, 0x00, 0x43, 0x00, 0x20,
  0x00, 0x70, 0x00, 0x72, 0x00, 0x6F, 0x00, 0x67, 0x00, 0x72, 0x00, 0x61, 0x00, 0x6D, 0x00, 0x00,
  0x00, 0x03, 0x02, 0xBE, 0x02, 0xF0, 0x00, 0x04, 0x01, 0x50, 0x00, 0x14, 0x02, 0xB9, 0x00, 0x0E,
  0x02, 0xBC, 0x00, 0xF0, 0x00, 0x04, 0x01, 0x50, 0x00, 0x1A, 0x02, 0xB9, 0x00, 0xFE, 0x02, 0xBC,
  0x01, 0x00, 0x00, 0x04, 0x01, 0x50, 0x00, 0x1A, 0x01, 0xC0, 0x02, 0xBC, 0x02, 0xF0, 0x02, 0xB9,
  0x00, 0x44, 0x02, 0xE0, 0x02, 0xE0, 0x02, 0xE0, 0x02, 0xE0, 0x00, 0x11, 0x02, 0x2C, 0x00, 0x06,
  0x02, 0x40, 0x01, 0x04, 0x02, 0xB9, 0x00, 0x58, 0x02, 0xBC, 0x03, 0x08, 0x00, 0x04, 0x01, 0x50,
  0x00, 0x1A, 0x00, 0x04, 0x01, 0xD0, 0x03, 0xF3, 0x50, 0x6F, 0x00, 0x02, 0x00, 0x17, 0x03, 0x3E,
  0x00, 0x08, 0x00, 0x04, 0x01, 0xD0, 0x03, 0xF3, 0x50, 0x76, 0x00, 0x17, 0x03, 0x3E, 0x00, 0x08,
  0x00, 0x04, 0x01, 0xD0, 0x03, 0xF3, 0x50, 0x8D, 0x01, 0xC0, 0x01, 0xE4, 0x02, 0xBA, 0x00, 0x18,
  0x02, 0x60, 0x00, 0x12, 0x02, 0x2C, 0x00, 0x03, 0x02, 0x40, 0x00, 0x30, 0x02, 0x40, 0x00, 0x31,
  0x02, 0xBA, 0xFB, 0xB4, 0x00, 0x0A, 0x02, 0x20, 0x00, 0x02, 0x03, 0x3E, 0x00, 0x08, 0x00, 0x52,
  0x00, 0x52, 0x03, 0xBA, 0x00, 0x01, 0x02, 0xB9, 0x00, 0x55, 0x02, 0x41, 0x40, 0x40, 0x02, 0xB9,
  0x00, 0xAA, 0x02, 0x41, 0x40, 0x41, 0x02, 0x81, 0x40, 0x40, 0x03, 0x79, 0x00, 0x55, 0x02, 0x0C,
  0x00, 0x08, 0x02, 0x81, 0x40, 0x41, 0x03, 0x79, 0x00, 0xAA, 0x02, 0x0C, 0x00, 0x02, 0x02, 0xFA,
  0x00, 0x02, 0x02, 0x42, 0x01, 0x03, 0x00, 0x04, 0x01, 0xD0, 0x03, 0xF3, 0xD3, 0xFA, 0x00, 0x04,
  0x01, 0x50, 0x00, 0x14, 0x00, 0x04, 0x01, 0xD0, 0x03, 0x59, 0x00, 0x04, 0x01, 0xD4, 0x00, 0xFA,
  0x02, 0xB8, 0x00, 0x02, 0x02, 0x40, 0x01, 0x09, 0x02, 0xB8, 0x00, 0x38, 0x02, 0x40, 0x01, 0xF8,
  0x02, 0x40, 0x00, 0xF8, 0x00, 0x04, 0x01, 0xD0, 0x03, 0x59, 0x02, 0x00, 0x81, 0x98, 0x02, 0x75,
  0x01, 0xC0, 0x02, 0x40, 0x03, 0x0C, 0x02, 0x80, 0x9C, 0x00, 0x03, 0xB8, 0x00, 0xFF, 0x03, 0x78,
  0x00, 0x46, 0x02, 0xB8, 0xFF, 0xFF, 0x02, 0x0C, 0x00, 0x01, 0x00, 0x08, 0x02, 0x81, 0x9C, 0x01,
  0x03, 0xB9, 0x00, 0xFF, 0x03, 0x79, 0x00, 0x4E, 0x02, 0xB9, 0xFF, 0xFF, 0x02, 0x0C, 0x00, 0x01,
  0x00, 0x09, 0x00, 0x19, 0x01, 0x88, 0x00, 0x19, 0x01, 0xC8, 0x02, 0x81, 0x03, 0x0C, 0x03, 0x79,
  0x00, 0xB4, 0x02, 0xB9, 0xFF, 0xFF, 0x02, 0x05, 0x00, 0x01, 0x00, 0x09, 0x01, 0x88, 0x02, 0x04,
  0x00, 0x0A, 0x02, 0x80, 0x03, 0x0C, 0x00, 0x08, 0x02, 0x40, 0x03, 0x0C, 0x00, 0x04, 0x01, 0xD0,
  0x03, 0x59, 0x02, 0x20, 0x00, 0x2F, 0x02, 0x80, 0x03, 0x0C, 0x03, 0x78, 0x00, 0xB4, 0x02, 0x05,
  0x00, 0x05, 0x01, 0xC0, 0x02, 0x40, 0x01, 0x21, 0x02, 0x00, 0x00, 0x04, 0x02, 0xB8, 0x00, 0x01,
  0x02, 0x40, 0x01, 0x21, 0x02, 0xB7, 0x02, 0x75, 0x02, 0x80, 0x01, 0x3B, 0x02, 0x40, 0x9C, 0x05,
  0x02, 0x80, 0x01, 0x3A, 0x02, 0x40, 0x9C, 0x06, 0x02, 0x80, 0x01, 0x3D, 0x02, 0x40, 0x9C, 0x07,
  0x02, 0x80, 0x03, 0x0D, 0x03, 0xB8, 0x00, 0xFF, 0x02, 0x40, 0x9C, 0x08, 0x02, 0x80, 0x03, 0x0D,
  0x00, 0x40, 0x03, 0xB8, 0x00, 0xFF, 0x02, 0x40, 0x9C, 0x09, 0x02, 0x80, 0x9C, 0x04, 0x03, 0xB8,
  0x00, 0xFF, 0x00, 0x08, 0x02, 0x40, 0x01, 0x3E, 0x02, 0x80, 0x01, 0x3E, 0x00, 0x80, 0x02, 0x0C,
  0x00, 0x04, 0x02, 0xB8, 0x00, 0x01, 0x02, 0x40, 0x01, 0x3E, 0x02, 0x80, 0x01, 0x3E, 0x02, 0x40,
  0x9C, 0x03, 0x01, 0xC0, 0x02, 0x40, 0x03, 0x0C, 0x02, 0x80, 0x9C, 0x04, 0x03, 0xB8, 0x00, 0xFF,
  0x03, 0x40, 0x01, 0x3E, 0x02, 0xB8, 0xFF, 0xFF, 0x02, 0x0C, 0x00, 0x01, 0x00, 0x08, 0x02, 0x81,
  0x03, 0x0C, 0x03, 0x79, 0x03, 0x84, 0x02, 0xB9, 0xFF, 0xFF, 0x02, 0x05, 0x00, 0x01, 0x00, 0x09,
  0x01, 0x88, 0x02, 0x04, 0x00, 0x0A, 0x02, 0x80, 0x03, 0x0C, 0x00, 0x08, 0x02, 0x40, 0x03, 0x0C,
  0x00, 0x04, 0x01, 0xD0, 0x03, 0x59, 0x02, 0x20, 0x00, 0x20, 0x02, 0x80, 0x03, 0x0C, 0x03, 0x78,
  0x03, 0x84, 0x02, 0x05, 0x00, 0x06, 0x01, 0xC0, 0x02, 0x40, 0x01, 0x21, 0x02, 0x40, 0x01, 0x3C,
  0x02, 0xB7, 0x02, 0x80, 0x9C, 0x0E, 0x03, 0xB8, 0x00, 0xFF, 0x03, 0x78, 0x00, 0x06, 0x02, 0x04,
  0x00, 0x08, 0x01, 0xC0, 0x02, 0x40, 0x01, 0x21, 0x02, 0x80, 0x9C, 0x0B, 0x02, 0x40, 0x01, 0x3C,
  0x02, 0xB7, 0x02, 0xB8, 0x00, 0x01, 0x02, 0x40, 0x01, 0x21, 0x02, 0xB7, 0x02, 0x75, 0x02, 0x80,
  0x01, 0x42, 0x02, 0x81, 0x01, 0x41, 0x02, 0xF9, 0x9C, 0x10, 0x02, 0x48, 0x02, 0x80, 0x03, 0x0F,
  0x03, 0xB8, 0x00, 0xFF, 0x02, 0x81, 0x01, 0x41, 0x00, 0x4D, 0x02, 0xF9, 0x9C, 0x20, 0x02, 0x48,
  0x02, 0x80, 0x01, 0x42, 0x03, 0x78, 0x00, 0x01, 0x02, 0x06, 0x00, 0x0B, 0x02, 0x80, 0x03, 0x0F,
  0x00, 0x40, 0x03, 0xB8, 0x00, 0xFF, 0x02, 0x81, 0x01, 0x41, 0x00, 0x4D, 0x02, 0xF9, 0x9C, 0x21,
  0x02, 0x48, 0x02, 0x80, 0x01, 0x42, 0x03, 0x78, 0x00, 0x02, 0x02, 0x06, 0x00, 0x0D, 0x01, 0xC0,
  0x02, 0x81, 0x01, 0x41, 0x00, 0x4D, 0x02, 0xF9, 0x9C, 0x22, 0x02, 0x48, 0x02, 0x81, 0x01, 0x41,
  0x00, 0x4D, 0x02, 0xF9, 0x9C, 0x23, 0x02, 0x48, 0x02, 0xB7, 0x02, 0x75, 0x01, 0xC0, 0x02, 0x40,
  0x01, 0x1F, 0x02, 0x81, 0x03, 0x0B, 0x02, 0xC1, 0x01, 0x1F, 0x02, 0x88, 0x03, 0xB8, 0x00, 0xFF,
  0x02, 0x81, 0x03, 0x0D, 0x02, 0xF9, 0x9C, 0x40, 0x02, 0xC1, 0x01, 0x1F, 0x02, 0x48, 0x02, 0x80,
  0x01, 0x1F, 0x00, 0x08, 0x02, 0x40, 0x01, 0x1F, 0x02, 0x81, 0x01, 0x20, 0x00, 0x11, 0x01, 0x48,
  0x02, 0x26, 0x00, 0x18, 0x02, 0x80, 0x03, 0x0D, 0x02, 0xC0, 0x01, 0x20, 0x02, 0x40, 0x03, 0x0D,
  0x02, 0xB7, 0x02, 0x75, 0x01, 0xC0, 0x02, 0x40, 0x01, 0x20, 0x02, 0x80, 0x01, 0x20, 0x03, 0x40,
  0x01, 0x39, 0x02, 0xB8, 0xFF, 0xFF, 0x02, 0x05, 0x00, 0x01, 0x00, 0x08, 0x02, 0x81, 0x03, 0x0B,
  0x02, 0xC1, 0x01, 0x20, 0x02, 0x89, 0x03, 0xB9, 0x00, 0xFF, 0x02, 0xB9, 0xFF, 0xFF, 0x02, 0x0C,
  0x00, 0x01, 0x00, 0x09, 0x01, 0x88, 0x02, 0x04, 0x00, 0x07, 0x02, 0x80, 0x01, 0x20, 0x00, 0x08,
  0x02, 0x40, 0x01, 0x20, 0x02, 0x20, 0x00, 0x1E, 0x02, 0xB7, 0x02, 0x75, 0x02, 0xB8, 0x00, 0x70,
  0x02, 0x40, 0x01, 0x3B, 0x02, 0xB8, 0x00, 0xC4, 0x02, 0x40, 0x01, 0x3A, 0x01, 0xC0, 0x02, 0x40,
  0x01, 0x3D, 0x02, 0x40, 0x03, 0x0D, 0x00, 0x04, 0x01, 0x50, 0x01, 0x0B, 0x02, 0xB7, 0x02, 0x75,
  0x02, 0xB8, 0x00, 0x70, 0x02, 0x40, 0x01, 0x3B, 0x02, 0xB8, 0x00, 0xFA, 0x02, 0x40, 0x01, 0x3A,
  0x01, 0xC0, 0x02, 0x40, 0x01, 0x3D, 0x02, 0x40, 0x03, 0x0D, 0x00, 0x04, 0x01, 0x50, 0x01, 0x0B,
  0x02, 0xB7, 0x02, 0x75, 0x02, 0xB8, 0x00, 0x70, 0x02, 0x40, 0x01, 0x3B, 0x02, 0xB8, 0x00, 0xFD,
  0x02, 0x40, 0x01, 0x3A, 0x01, 0xC0, 0x02, 0x40, 0x01, 0x3D, 0x02, 0x40, 0x03, 0x0D, 0x00, 0x04,
  0x01, 0x50, 0x01, 0x0B, 0x02, 0xB7, 0x02, 0x75, 0x02, 0xB8, 0x00, 0x70, 0x02, 0x40, 0x01, 0x3B,
  0x02, 0xB8, 0x00, 0xFC, 0x02, 0x40, 0x01, 0x3A, 0x02, 0xB8, 0x00, 0x01, 0x02, 0x40, 0x01, 0x3D,
  0x01, 0xC0, 0x02, 0x40, 0x01, 0x41, 0x02, 0xB8, 0x00, 0x01, 0x02, 0x40, 0x01, 0x42, 0x02, 0x80,
  0x01, 0x1C, 0x02, 0x40, 0x03, 0x0F, 0x00, 0x04, 0x01, 0x50, 0x01, 0x7E, 0x01, 0xC0, 0x02, 0x40,
  0x03, 0x0D, 0x00, 0x04, 0x01, 0x50, 0x01, 0x0B, 0x02, 0xB7, 0x02, 0x75, 0x02, 0xB8, 0x00, 0x70,
  0x02, 0x40, 0x01, 0x3B, 0x02, 0xB8, 0x00, 0xFB, 0x02, 0x40, 0x01, 0x3A, 0x02, 0xB8, 0x00, 0x01,
  0x02, 0x40, 0x01, 0x3D, 0x01, 0xC0, 0x02, 0x40, 0x01, 0x41, 0x02, 0xB8, 0x00, 0x01, 0x02, 0x40,
  0x01, 0x42, 0x02, 0x40, 0x03, 0x0F, 0x00, 0x04, 0x01, 0x50, 0x01, 0x7E, 0x01, 0xC0, 0x02, 0x40,
  0x01, 0x1C, 0x01, 0xC0, 0x02, 0x40, 0x01, 0x19, 0x02, 0x80, 0x01, 0x1C, 0x03, 0x78, 0x00, 0x21,
  0x02, 0x0D, 0x00, 0x06, 0x00, 0x81, 0x02, 0xF9, 0x92, 0x40, 0x02, 0x88, 0x02, 0x40, 0x01, 0x19,
  0x02, 0x80, 0x01, 0x19, 0x02, 0x81, 0x01, 0x1C, 0x02, 0xF9, 0x9C, 0x40, 0x02, 0x48, 0x02, 0x80,
  0x01, 0x1C, 0x00, 0x08, 0x02, 0x40, 0x01, 0x1C, 0x03, 0x78, 0x00, 0x20, 0x02, 0x26, 0x00, 0x1E,
  0x01, 0xC0, 0x02, 0x40, 0x01, 0x1C, 0x02, 0x81, 0x01, 0x1C, 0x02, 0xF9, 0x92, 0x64, 0x02, 0x88,
  0x02, 0x40, 0x01, 0x19, 0x02, 0x80, 0x01, 0x19, 0x02, 0x81, 0x01, 0x1C, 0x02, 0xF9, 0x9C, 0x61,
  0x02, 0x48, 0x02, 0x80, 0x01, 0x1C, 0x00, 0x08, 0x02, 0x40, 0x01, 0x1C, 0x03, 0x78, 0x00, 0x3F,
  0x02, 0x26, 0x00, 0x16, 0x02, 0xB8, 0x00, 0x61, 0x02, 0x40, 0x03, 0x0D, 0x00, 0x04, 0x01, 0x50,
  0x01, 0x0B, 0x02, 0xB7, 0x02, 0x75, 0x02, 0xB8, 0x00, 0x70, 0x02, 0x40, 0x01, 0x3B, 0x02, 0xB8,
  0x00, 0xF4, 0x02, 0x40, 0x01, 0x3A, 0x01, 0xC0, 0x02, 0x40, 0x01, 0x3D, 0x02, 0x40, 0x03, 0x0D,
  0x00, 0x04, 0x01, 0x50, 0x01, 0x0B, 0x02, 0x80, 0x01, 0x21, 0x00, 0x80, 0x02, 0x04, 0x00, 0x18,
  0x01, 0xC0, 0x02, 0x40, 0x01, 0x1C, 0x02, 0x81, 0x01, 0x1C, 0x02, 0xF9, 0x9D, 0x40, 0x02, 0x88,
  0x03, 0xB8, 0x00, 0xFF, 0x02, 0x81, 0x01, 0x1C, 0x02, 0xF9, 0x90, 0x00, 0x02, 0x48, 0x02, 0x80,
  0x01, 0x1C, 0x00, 0x08, 0x02, 0x40, 0x01, 0x1C, 0x03, 0x78, 0x00, 0xFF, 0x02, 0x26, 0x00, 0x14,
  0x02, 0xB7, 0x02, 0x75, 0x02, 0xB8, 0x00, 0x70, 0x02, 0x40, 0x01, 0x3B, 0x02, 0xB8, 0x00, 0xF3,
  0x02, 0x40, 0x01, 0x3A, 0x01, 0xC0, 0x02, 0x40, 0x01, 0x3D, 0x02, 0x40, 0x01, 0x1C, 0x02, 0x81,
  0x01, 0x1C, 0x02, 0xF9, 0x90, 0x00, 0x02, 0x88, 0x03, 0xB8, 0x00, 0xFF, 0x02, 0x81, 0x01, 0x1C,
  0x02, 0xF9, 0x9C, 0x40, 0x02, 0x48, 0x02, 0x80, 0x01, 0x1C, 0x00, 0x08, 0x02, 0x40, 0x01, 0x1C,
  0x03, 0x78, 0x00, 0xFF, 0x02, 0x26, 0x00, 0x14, 0x02, 0xB8, 0x01, 0x00, 0x02, 0x40, 0x03, 0x0D,
  0x00, 0x04, 0x01, 0x50, 0x01, 0x0B, 0x02, 0xB7, 0x02, 0x75, 0x02, 0xB8, 0x00, 0x70, 0x02, 0x40,
  0x01, 0x3B, 0x02, 0xB8, 0x00, 0xF9, 0x02, 0x40, 0x01, 0x3A, 0x02, 0xB8, 0x00, 0x01, 0x02, 0x40,
  0x01, 0x3D, 0x01, 0xC0, 0x02, 0x40, 0x01, 0x41, 0x02, 0xB8, 0x00, 0x01, 0x02, 0x40, 0x01, 0x42,
  0x02, 0x80, 0x01, 0x1B, 0x02, 0x40, 0x03, 0x0F, 0x00, 0x04, 0x01, 0x50, 0x01, 0x7E, 0x01, 0xC0,
  0x02, 0x40, 0x03, 0x0D, 0x00, 0x04, 0x01, 0x50, 0x01, 0x0B, 0x02, 0xB7, 0x02, 0x75, 0x02, 0xB8,
  0x00, 0x70, 0x02, 0x40, 0x01, 0x3B, 0x02, 0xB8, 0x00, 0xF7, 0x02, 0x40, 0x01, 0x3A, 0x02, 0xB8,
  0x00, 0x01, 0x02, 0x40, 0x01, 0x3D, 0x01, 0xC0, 0x02, 0x40, 0x01, 0x41, 0x02, 0xB8, 0x00, 0x01,
  0x02, 0x40, 0x01, 0x42, 0x02, 0x80, 0x01, 0x1B, 0x02, 0x40, 0x03, 0x0F, 0x00, 0x04, 0x01, 0x50,
  0x01, 0x7E, 0x02, 0xB8, 0x00, 0xC0, 0x02, 0x40, 0x01, 0x39, 0x00, 0x04, 0x01, 0x50, 0x01, 0xD9,
  0x02, 0x80, 0x01, 0x20, 0x00, 0x08, 0x02, 0x40, 0x01, 0x20, 0x01, 0xC0, 0x02, 0x40, 0x03, 0x0D,
  0x00, 0x04, 0x01, 0x50, 0x01, 0xB5, 0x01, 0xC0, 0x02, 0x81, 0x03, 0x0D, 0x02, 0xF9, 0x9C, 0x40,
  0x02, 0x48, 0x02, 0x80, 0x03, 0x0D, 0x00, 0x08, 0x02, 0x40, 0x03, 0x0D, 0x02, 0x40, 0x01, 0x1C,
  0x01, 0xC0, 0x02, 0x81, 0x01, 0x1C, 0x02, 0xF9, 0x9C, 0x40, 0x02, 0x48, 0x02, 0x80, 0x01, 0x1C,
  0x00, 0x08, 0x02, 0x40, 0x01, 0x1C, 0x03, 0x78, 0x00, 0xFF, 0x02, 0x26, 0x00, 0x0E, 0x02, 0xB8,
  0x01, 0x00, 0x02, 0x40, 0x03, 0x0D, 0x00, 0x04, 0x01, 0x50, 0x01, 0x0B, 0x02, 0xB7, 0x02, 0x75,
  0x02, 0xB8, 0x00, 0x70, 0x02, 0x40, 0x01, 0x3B, 0x02, 0xB8, 0x00, 0xE4, 0x02, 0x40, 0x01, 0x3A,
  0x02, 0xB8, 0x00, 0x01, 0x02, 0x40, 0x01, 0x3D, 0x01, 0xC0, 0x02, 0x40, 0x01, 0x41, 0x02, 0xB8,
  0x00, 0x02, 0x02, 0x40, 0x01, 0x42, 0x02, 0x80, 0x03, 0x0A, 0x02, 0x40, 0x03, 0x0F, 0x00, 0x04,
  0x01, 0x50, 0x01, 0x7E, 0x01, 0xC0, 0x02, 0x40, 0x03, 0x0D, 0x00, 0x04, 0x01, 0x50, 0x01, 0x0B,
  0x02, 0xB7, 0x02, 0x75, 0x02, 0xB8, 0x00, 0x70, 0x02, 0x40, 0x01, 0x3B, 0x02, 0xB8, 0x00, 0xF6,
  0x02, 0x40, 0x01, 0x3A, 0x02, 0xB8, 0x00, 0x02, 0x02, 0x40, 0x01, 0x3D, 0x01, 0xC0, 0x02, 0x40,
  0x01, 0x41, 0x02, 0xB8, 0x00, 0x01, 0x02, 0x40, 0x01, 0x42, 0x02, 0x80, 0x01, 0x1D, 0x02, 0x40,
  0x03, 0x0F, 0x00, 0x04, 0x01, 0x50, 0x01, 0x7E, 0x02, 0xB8, 0x00, 0x01, 0x02, 0x40, 0x01, 0x41,
  0x02, 0x40, 0x01, 0x42, 0x02, 0x80, 0x01, 0x18, 0x02, 0x40, 0x03, 0x0F, 0x00, 0x04, 0x01, 0x50,
  0x01, 0x7E, 0x01, 0xC0, 0x02, 0x40, 0x03, 0x0D, 0x00, 0x04, 0x01, 0x50, 0x01, 0x0B, 0x02, 0xB7,
  0x02, 0x75, 0x01, 0xC0, 0x02, 0x40, 0x01, 0x19, 0x02, 0x80, 0x9D, 0x40, 0x03, 0xB8, 0x00, 0xFF,
  0x03, 0x78, 0x00, 0x7F, 0x02, 0xB8, 0xFF, 0xFF, 0x02, 0x04, 0x00, 0x01, 0x00, 0x08, 0x02, 0x81,
  0x9D, 0x41, 0x03, 0xB9, 0x00, 0xFF, 0x03, 0x79, 0x00, 0x7F, 0x02, 0xB9, 0xFF, 0xFF, 0x02, 0x04,
  0x00, 0x01, 0x00, 0x09, 0x01, 0x88, 0x02, 0x04, 0x00, 0x04, 0x02, 0xB8, 0x00, 0x01, 0x02, 0x40,
  0x01, 0x19, 0x02, 0xB7, 0x02, 0x75, 0x02, 0xB8, 0x00, 0x70, 0x02, 0x40, 0x01, 0x3B, 0x02, 0xB8,
  0x00, 0xF5, 0x02, 0x40, 0x01, 0x3A, 0x01, 0xC0, 0x02, 0x40, 0x01, 0x3D, 0x02, 0x40, 0x03, 0x0D,
  0x00, 0x04, 0x01, 0x50, 0x01, 0x0B, 0x02, 0xB7, 0x02, 0x75, 0x02, 0xB8, 0x00, 0x70, 0x02, 0x40,
  0x01, 0x3B, 0x02, 0xB8, 0x00, 0xE2, 0x02, 0x40, 0x01, 0x3A, 0x02, 0xB8, 0x00, 0x03, 0x02, 0x40,
  0x01, 0x3D, 0x01, 0xC0, 0x02, 0x40, 0x01, 0x41, 0x02, 0xB8, 0x00, 0x01, 0x02, 0x40, 0x01, 0x42,
  0x02, 0x80, 0x01, 0x1A, 0x02, 0x40, 0x03, 0x0F, 0x00, 0x04, 0x01, 0x50, 0x01, 0x7E, 0x02, 0xB8,
  0x00, 0x01, 0x02, 0x40, 0x01, 0x41, 0x02, 0x40, 0x01, 0x42, 0x02, 0x80, 0x01, 0x1B, 0x02, 0x40,
  0x03, 0x0F, 0x00, 0x04, 0x01, 0x50, 0x01, 0x7E, 0x02, 0xB8, 0x00, 0x02, 0x02, 0x40, 0x01, 0x41,
  0x02, 0xB8, 0x00, 0x01, 0x02, 0x40, 0x01, 0x42, 0x02, 0x80, 0x01, 0x1E, 0x02, 0x40, 0x03, 0x0F,
  0x00, 0x04, 0x01, 0x50, 0x01, 0x7E, 0x02, 0xB8, 0x00, 0xC0, 0x02, 0x40, 0x01, 0x39, 0x00, 0x04,
  0x01, 0x50, 0x01, 0xD9, 0x02, 0x80, 0x01, 0x20, 0x00, 0x08, 0x02, 0x40, 0x01, 0x20, 0x01, 0xC0,
  0x02, 0x40, 0x03, 0x0D, 0x00, 0x04, 0x01, 0x50, 0x01, 0xB5, 0x02, 0x80, 0x03, 0x0D, 0x02, 0x40,
  0x01, 0x1C, 0x01, 0xC0, 0x02, 0x81, 0x01, 0x1C, 0x02, 0xF9, 0x9C, 0x40, 0x02, 0x48, 0x02, 0x80,
  0x01, 0x1C, 0x00, 0x08, 0x02, 0x40, 0x01, 0x1C, 0x03, 0x78, 0x00, 0xFF, 0x02, 0x26, 0x00, 0x0E,
  0x02, 0xB8, 0x01, 0x00, 0x02, 0x40, 0x03, 0x0D, 0x00, 0x04, 0x01, 0x50, 0x01, 0x0B, 0x02, 0xB7,
  0x02, 0x75, 0x02, 0xB8, 0x00, 0x70, 0x02, 0x40, 0x01, 0x3B, 0x02, 0xB8, 0x00, 0xF8, 0x02, 0x40,
  0x01, 0x3A, 0x02, 0xB8, 0x00, 0x02, 0x02, 0x40, 0x01, 0x3D, 0x01, 0xC0, 0x02, 0x40, 0x01, 0x41,
  0x02, 0xB8, 0x00, 0x01, 0x02, 0x40, 0x01, 0x42, 0x02, 0x80, 0x01, 0x1A, 0x02, 0x40, 0x03, 0x0F,
  0x00, 0x04, 0x01, 0x50, 0x01, 0x7E, 0x02, 0xB8, 0x00, 0x01, 0x02, 0x40, 0x01, 0x41, 0x02, 0x40,
  0x01, 0x42, 0x02, 0x80, 0x01, 0x1E, 0x02, 0x40, 0x03, 0x0F, 0x00, 0x04, 0x01, 0x50, 0x01, 0x7E,
  0x01, 0xC0, 0x02, 0x40, 0x03, 0x0D, 0x00, 0x04, 0x01, 0x50, 0x01, 0x0B, 0x02, 0xB7, 0x02, 0x75,
  0x00, 0x04, 0x01, 0x50, 0x00, 0x14, 0x02, 0xB7, 0x02, 0x75, 0x01, 0xC0, 0x02, 0x40, 0x01, 0x5D,
  0x02, 0xB8, 0x02, 0x00, 0x02, 0x81, 0x01, 0x60, 0x00, 0x4D, 0x00, 0x8C, 0x00, 0x4D, 0x00, 0xE1,
  0x02, 0xC1, 0x01, 0x5D, 0x00, 0xC8, 0x01, 0xC9, 0x00, 0x84, 0x02, 0x61, 0x02, 0x80, 0x01, 0x5D,
  0x00, 0x08, 0x02, 0x40, 0x01, 0x5D, 0x03, 0x78, 0x00, 0x13, 0x02, 0x26, 0x00, 0x16, 0x02, 0xB7,
  0x02, 0x75, 0x01, 0xC0, 0x02, 0x40, 0x01, 0x5E, 0x02, 0x80, 0x01, 0x5E, 0x03, 0x40, 0x01, 0x5F,
  0x02, 0xB8, 0xFF, 0xFF, 0x02, 0x05, 0x00, 0x01, 0x00, 0x08, 0x02, 0x81, 0x03, 0x11, 0x02, 0xC1,
  0x01, 0x5E, 0x02, 0x89, 0x03, 0xB9, 0x00, 0xFF, 0x02, 0xB9, 0xFF, 0xFF, 0x02, 0x0C, 0x00, 0x01,
  0x00, 0x09, 0x01, 0x88, 0x02, 0x04, 0x00, 0x07, 0x02, 0x80, 0x01, 0x5E, 0x00, 0x08, 0x02, 0x40,
  0x01, 0x5E, 0x02, 0x20, 0x00, 0x1E, 0x01, 0xC0, 0x02, 0x40, 0x01, 0x5D, 0x02, 0x80, 0x01, 0x5D,
  0x03, 0x40, 0x01, 0x5E, 0x02, 0x0D, 0x00, 0x08, 0x02, 0x81, 0x03, 0x11, 0x00, 0xC1, 0x02, 0x88,
  0x02, 0x40, 0x01, 0x5A, 0x02, 0x00, 0x00, 0x04, 0x02, 0xB8, 0x00, 0x20, 0x02, 0x40, 0x01, 0x5A,
  0x02, 0x80, 0x01, 0x5A, 0x03, 0x78, 0x00, 0x20, 0x02, 0xB8, 0xFF, 0xFF, 0x02, 0x05, 0x00, 0x01,
  0x00, 0x08, 0x02, 0x81, 0x01, 0x5A, 0x03, 0x79, 0x00, 0x7E, 0x02, 0xB9, 0xFF, 0xFF, 0x02, 0x0E,
  0x00, 0x01, 0x00, 0x09, 0x00, 0x19, 0x01, 0x88, 0x00, 0x19, 0x01, 0xC8, 0x02, 0x04, 0x00, 0x04,
  0x02, 0xB8, 0x00, 0x20, 0x02, 0x40, 0x01, 0x5A, 0x02, 0xB8, 0x02, 0x00, 0x02, 0x81, 0x01, 0x60,
  0x00, 0x4D, 0x00, 0x8C, 0x00, 0x4D, 0x00, 0xE1, 0x02, 0xC1, 0x01, 0x5B, 0x02, 0xC1, 0x01, 0x5D,
  0x00, 0xC8, 0x02, 0x81, 0x01, 0x5A, 0x03, 0x39, 0x00, 0x20, 0x00, 0x4D, 0x00, 0xC9, 0x02, 0xC1,
  0x01, 0x5C, 0x00, 0x84, 0x02, 0x61, 0x02, 0x80, 0x01, 0x5D, 0x00, 0x08, 0x02, 0x40, 0x01, 0x5D,
  0x02, 0x81, 0x01, 0x5F, 0x00, 0x11, 0x01, 0x48, 0x02, 0x26, 0x00, 0x4F, 0x02, 0xB7, 0x02, 0x75,
  0x02, 0x80, 0x01, 0x60, 0x00, 0x4C, 0x00, 0x84, 0x00, 0x4C, 0x00, 0xE0, 0x02, 0xC0, 0x01, 0x5B,
  0x02, 0xF8, 0x02, 0x00, 0x02, 0x40, 0x03, 0x3E, 0x02, 0x80, 0x01, 0x5C, 0x02, 0x40, 0x03, 0x3F,
  0x02, 0x80, 0x03, 0x12, 0x02, 0x83, 0x03, 0x3F, 0x02, 0x84, 0x03, 0x3E, 0x00, 0x04, 0x01, 0xD4,
  0x01, 0x01, 0x02, 0x44, 0x03, 0x3E, 0x02, 0xB7, 0x02, 0x75, 0x01, 0xC0, 0x02, 0x40, 0x01, 0x5D,
  0x02, 0xB9, 0x02, 0x00, 0x02, 0x82, 0x01, 0x60, 0x00, 0x4E, 0x00, 0x94, 0x00, 0x4E, 0x00, 0xE2,
  0x02, 0xC2, 0x01, 0x5B, 0x02, 0xC2, 0x01, 0x5D, 0x00, 0xD1, 0x02, 0x88, 0x03, 0xB8, 0xFF, 0xF8,
  0x02, 0xC0, 0x01, 0x5C, 0x02, 0x40, 0x03, 0x12, 0x02, 0xB8, 0x02, 0x00, 0x02, 0x81, 0x01, 0x60,
  0x00, 0x4D, 0x00, 0x8C, 0x00, 0x4D, 0x00, 0xE1, 0x02, 0xC1, 0x01, 0x5B, 0x02, 0xC1, 0x01, 0x5D,
  0x00, 0xC8, 0x02, 0x81, 0x03, 0x12, 0x00, 0x84, 0x02, 0x61, 0x02, 0x80, 0x01, 0x5D, 0x00, 0x08,
  0x02, 0x40, 0x01, 0x5D, 0x02, 0x81, 0x01, 0x5F, 0x00, 0x11, 0x01, 0x48, 0x02, 0x26, 0x00, 0x2F,
  0x02, 0xB7, 0x02, 0x75, 0x01, 0xC0, 0x02, 0x40, 0x01, 0x5D, 0x02, 0xB8, 0x00, 0x20, 0x02, 0x40,
  0x01, 0x5A, 0x02, 0x80, 0x01, 0x4C, 0x02, 0xC0, 0x01, 0x5D, 0x03, 0x40, 0x01, 0x4A, 0x02, 0x0D,
  0x00, 0x09, 0x02, 0x81, 0x01, 0x4C, 0x02, 0xF9, 0x91, 0xC0, 0x02, 0xC1, 0x01, 0x5D, 0x02, 0x88,
  0x02, 0x40, 0x01, 0x5A, 0x02, 0x80, 0x01, 0x5A, 0x03, 0x78, 0x00, 0x20, 0x02, 0xB8, 0xFF, 0xFF,
  0x02, 0x05, 0x00, 0x01, 0x00, 0x08, 0x02, 0x81, 0x01, 0x5A, 0x03, 0x79, 0x00, 0x7E, 0x02, 0xB9,
  0xFF, 0xFF, 0x02, 0x0E, 0x00, 0x01, 0x00, 0x09, 0x00, 0x19, 0x01, 0x88, 0x00, 0x19, 0x01, 0xC8,
  0x02, 0x04, 0x00, 0x04, 0x02, 0xB8, 0x00, 0x20, 0x02, 0x40, 0x01, 0x5A, 0x02, 0xB8, 0x02, 0x00,
  0x02, 0x81, 0x01, 0x4D, 0x00, 0x4D, 0x00, 0x8C, 0x00, 0x4D, 0x00, 0xE1, 0x02, 0xC1, 0x01, 0x45,
  0x02, 0xC1, 0x01, 0x5D, 0x00, 0xC8, 0x02, 0x81, 0x01, 0x5A, 0x03, 0x39, 0x00, 0x20, 0x00, 0x4D,
  0x00, 0xC9, 0x02, 0xC1, 0x01, 0x46, 0x00, 0x84, 0x02, 0x61, 0x02, 0x80, 0x01, 0x5D, 0x00, 0x08,
  0x02, 0x40, 0x01, 0x5D, 0x02, 0x81, 0x01, 0x4B, 0x00, 0x11, 0x01, 0x48, 0x02, 0x26, 0x00, 0x52,
  0x02, 0xB7, 0x02, 0x75, 0x02, 0x80, 0x01, 0x44, 0x00, 0x80, 0x02, 0x0C, 0x00, 0x20, 0x02, 0x80,
  0x01, 0x49, 0x00, 0x08, 0x02, 0x40, 0x01, 0x49, 0x02, 0x80, 0x01, 0x49, 0x03, 0x78, 0x00, 0x2D,
  0x02, 0x0D, 0x00, 0x01, 0x02, 0xB7, 0x00, 0x04, 0x01, 0x68, 0x01, 0x78, 0x02, 0xB8, 0x00, 0x01,
  0x02, 0x40, 0x01, 0x44, 0x01, 0xC0, 0x02, 0x40, 0x01, 0x4C, 0x02, 0x40, 0x01, 0x47, 0x00, 0x34,
  0x02, 0x40, 0x01, 0x4E, 0x02, 0xB8, 0x00, 0x1E, 0x02, 0x40, 0x01, 0x48, 0x02, 0xB7, 0x02, 0x80,
  0x01, 0x4A, 0x03, 0x40, 0x01, 0x4B, 0x02, 0x0E, 0x00, 0x01, 0x02, 0xB7, 0x02, 0x80, 0x01, 0x48,
  0x03, 0x78, 0x00, 0x00, 0x02, 0x06, 0x00, 0x04, 0x00, 0x10, 0x02, 0x40, 0x01, 0x48, 0x02, 0xB7,
  0x02, 0x80, 0x01, 0x4E, 0x00, 0x08, 0x02, 0x40, 0x01, 0x4E, 0x02, 0x80, 0x01, 0x4E, 0x03, 0x78,
  0x00, 0x06, 0x02, 0x0D, 0x00, 0x01, 0x02, 0xB7, 0x01, 0xC0, 0x02, 0x40, 0x01, 0x4E, 0x02, 0x80,
  0x01, 0x47, 0x00, 0x80, 0x02, 0x0C, 0x00, 0x18, 0x02, 0x80, 0x01, 0x4C, 0x02, 0x81, 0x01, 0x4A,
  0x03, 0x01, 0x01, 0x4B, 0x01, 0x48, 0x02, 0x0D, 0x00, 0x05, 0x00, 0x08, 0x02, 0x40, 0x01, 0x4C,
  0x02, 0x00, 0x00, 0x08, 0x02, 0xB8, 0x00, 0x01, 0x02, 0x40, 0x01, 0x47, 0x02, 0xB8, 0x00, 0x1E,
  0x02, 0x40, 0x01, 0x48, 0x02, 0x00, 0x00, 0x12, 0x02, 0x80, 0x01, 0x4C, 0x03, 0x78, 0x00, 0x00,
  0x02, 0x06, 0x00, 0x05, 0x00, 0x10, 0x02, 0x40, 0x01, 0x4C, 0x02, 0x00, 0x00, 0x07, 0x01, 0xC0,
  0x02, 0x40, 0x01, 0x47, 0x02, 0xB8, 0x00, 0x1E, 0x02, 0x40, 0x01, 0x48, 0x00, 0x04, 0x01, 0x54,
  0x01, 0x81, 0x02, 0xB7, 0x02, 0x75, 0x02, 0x80, 0x01, 0x44, 0x03, 0x78, 0x00, 0x01, 0x02, 0x0C,
  0x00, 0x06, 0x01, 0xC0, 0x02, 0x40, 0x01, 0x4C, 0x00, 0x04, 0x01, 0x54, 0x01, 0x81, 0x01, 0xC0,
  0x02, 0x40, 0x01, 0x44, 0x02, 0x40, 0x01, 0x49, 0x00, 0x34, 0x02, 0x40, 0x01, 0x47, 0x02, 0x40,
  0x01, 0x4E, 0x00, 0x34, 0x02, 0x40, 0x01, 0x48, 0x02, 0xB7, 0x02, 0x75, 0x01, 0xC0, 0x02, 0x40,
  0x01, 0x33, 0x02, 0x80, 0x01, 0xFE, 0x03, 0xC0, 0x01, 0xFF, 0x03, 0xB8, 0x00, 0x04, 0x02, 0x04,
  0x00, 0x04, 0x02, 0xB8, 0x00, 0x04, 0x02, 0x40, 0x01, 0x33, 0x02, 0x80, 0x01, 0xFE, 0x03, 0xC0,
  0x01, 0xFF, 0x03, 0xB8, 0x00, 0x01, 0x02, 0x04, 0x00, 0x04, 0x02, 0xB8, 0x00, 0x01, 0x02, 0x40,
  0x01, 0x33, 0x02, 0x80, 0x01, 0xFE, 0x03, 0xC0, 0x01, 0xFF, 0x03, 0xB8, 0x00, 0x08, 0x02, 0x04,
  0x00, 0x04, 0x02, 0xB8, 0x00, 0x08, 0x02, 0x40, 0x01, 0x33, 0x02, 0x80, 0x01, 0xFE, 0x03, 0xC0,
  0x01, 0xFF, 0x03, 0xB8, 0x00, 0x02, 0x02, 0x04, 0x00, 0x04, 0x02, 0xB8, 0x00, 0x02, 0x02, 0x40,
  0x01, 0x33, 0x02, 0x80, 0x01, 0x33, 0x00, 0x80, 0x02, 0x04, 0x00, 0x1C, 0x03, 0x40, 0x01, 0x36,
  0x02, 0x04, 0x00, 0x06, 0x02, 0xB8, 0x00, 0x12, 0x02, 0x40, 0x01, 0x38, 0x02, 0x00, 0x00, 0x12,
  0x02, 0x80, 0x01, 0x38, 0x03, 0x78, 0x00, 0x00, 0x02, 0x06, 0x00, 0x08, 0x00, 0x10, 0x02, 0x40,
  0x01, 0x38, 0x01, 0xC0, 0x02, 0x40, 0x01, 0x33, 0x02, 0x00, 0x00, 0x04, 0x02, 0xB8, 0x00, 0x06,
  0x02, 0x40, 0x01, 0x38, 0x01, 0xC0, 0x02, 0x40, 0x01, 0x36, 0x02, 0x80, 0x01, 0xFE, 0x03, 0xC0,
  0x01, 0xFF, 0x03, 0xB8, 0x00, 0x04, 0x02, 0x04, 0x00, 0x04, 0x02, 0xB8, 0x00, 0x04, 0x02, 0x40,
  0x01, 0x36, 0x02, 0x80, 0x01, 0xFE, 0x03, 0xC0, 0x01, 0xFF, 0x03, 0xB8, 0x00, 0x01, 0x02, 0x04,
  0x00, 0x04, 0x02, 0xB8, 0x00, 0x01, 0x02, 0x40, 0x01, 0x36, 0x02, 0x80, 0x01, 0xFE, 0x03, 0xC0,
  0x01, 0xFF, 0x03, 0xB8, 0x00, 0x08, 0x02, 0x04, 0x00, 0x04, 0x02, 0xB8, 0x00, 0x08, 0x02, 0x40,
  0x01, 0x36, 0x02, 0x80, 0x01, 0xFE, 0x03, 0xC0, 0x01, 0xFF, 0x03, 0xB8, 0x00, 0x02, 0x02, 0x04,
  0x00, 0x04, 0x02, 0xB8, 0x00, 0x02, 0x02, 0x40, 0x01, 0x36, 0x01, 0xC0, 0x02, 0x40, 0x01, 0x31,
  0x02, 0x80, 0x01, 0xFE, 0x03, 0xC0, 0x01, 0xFF, 0x03, 0xB8, 0x00, 0xE0, 0x03, 0x78, 0x00, 0xA0,
  0x02, 0xB8, 0xFF, 0xFF, 0x02, 0x04, 0x00, 0x01, 0x00, 0x08, 0x02, 0x81, 0x01, 0xFE, 0x03, 0xC1,
  0x01, 0xFF, 0x03, 0xB9, 0x00, 0xE0, 0x03, 0x79, 0x00, 0x60, 0x02, 0xB9, 0xFF, 0xFF, 0x02, 0x04,
  0x00, 0x01, 0x00, 0x09, 0x00, 0x19, 0x01, 0x88, 0x00, 0x19, 0x01, 0xC8, 0x02, 0x81, 0x01, 0xFE,
  0x03, 0xC1, 0x01, 0xFF, 0x03, 0xB9, 0x00, 0xE0, 0x03, 0x79, 0x00, 0xC0, 0x02, 0xB9, 0xFF, 0xFF,
  0x02, 0x04, 0x00, 0x01, 0x00, 0x09, 0x00, 0x19, 0x01, 0x88, 0x00, 0x19, 0x01, 0xC8, 0x02, 0x04,
  0x00, 0x04, 0x02, 0xB8, 0x00, 0x01, 0x02, 0x40, 0x01, 0x31, 0x02, 0x80, 0x01, 0x31, 0x00, 0x80,
  0x02, 0xB8, 0xFF, 0xFF, 0x02, 0x0C, 0x00, 0x01, 0x00, 0x08, 0x02, 0x81, 0x01, 0x35, 0x00, 0x89,
  0x02, 0xB9, 0xFF, 0xFF, 0x02, 0x04, 0x00, 0x01, 0x00, 0x09, 0x01, 0x88, 0x02, 0x04, 0x00, 0x06,
  0x02, 0xB8, 0x00, 0x01, 0x02, 0x40, 0x01, 0x32, 0x02, 0x00, 0x00, 0x03, 0x01, 0xC0, 0x02, 0x40,
  0x01, 0x32, 0x02, 0x80, 0x01, 0x31, 0x02, 0x40, 0x01, 0x35, 0x02, 0xB8, 0x00, 0x0C, 0x02, 0x40,
  0x01, 0x34, 0x02, 0x80, 0x01, 0x0E, 0x03, 0x78, 0x00, 0x0C, 0x02, 0x0C, 0x00, 0x02, 0x02, 0x80,
  0x01, 0x11, 0x03, 0x78, 0x00, 0x0C, 0x02, 0xB8, 0xFF, 0xFF, 0x02, 0x0C, 0x00, 0x01, 0x00, 0x08,
  0x02, 0x81, 0x01, 0x0E, 0x03, 0x79, 0x00, 0x0C, 0x02, 0x0C, 0x00, 0x02, 0x02, 0x81, 0x01, 0x11,
  0x03, 0x41, 0x01, 0x37, 0x02, 0xB9, 0xFF, 0xFF, 0x02, 0x0C, 0x00, 0x01, 0x00, 0x09, 0x01, 0x88,
  0x02, 0x04, 0x00, 0x0A, 0x02, 0x80, 0x01, 0x0E, 0x03, 0x78, 0x00, 0x0C, 0x02, 0x0C, 0x00, 0x02,
  0x02, 0x80, 0x01, 0x11, 0x02, 0x40, 0x01, 0x34, 0x02, 0x80, 0x01, 0x0E, 0x03, 0x78, 0x00, 0x0C,
  0x02, 0x0C, 0x00, 0x02, 0x02, 0x80, 0x01, 0x11, 0x02, 0x40, 0x01, 0x37, 0x02, 0xB7, 0x02, 0x75,
  0x00, 0x04, 0x01, 0x58, 0x00, 0xC3, 0x00, 0x04, 0x01, 0x58, 0x01, 0x0A, 0x01, 0xC0, 0x02, 0x40,
  0x01, 0x24, 0x02, 0x80, 0x01, 0x24, 0x02, 0x81, 0x01, 0x25, 0x00, 0x11, 0x01, 0x48, 0x02, 0xB8,
  0xFF, 0xFF, 0x02, 0x05, 0x00, 0x01, 0x00, 0x08, 0x02, 0x81, 0x03, 0x0E, 0x02, 0xC1, 0x01, 0x24,
  0x02, 0x89, 0x03, 0xB9, 0x00, 0xFF, 0x02, 0xB9, 0xFF, 0xFF, 0x02, 0x0C, 0x00, 0x01, 0x00, 0x09,
  0x01, 0x88, 0x02, 0x04, 0x00, 0x07, 0x02, 0x80, 0x01, 0x24, 0x00, 0x08, 0x02, 0x40, 0x01, 0x24,
  0x02, 0x20, 0x00, 0x20, 0x00, 0x04, 0x01, 0x58, 0x02, 0x33, 0x01, 0xC0, 0x02, 0x40, 0x01, 0x28,
  0x02, 0x40, 0x01, 0x29, 0x02, 0xB8, 0x00, 0xFF, 0x02, 0x40, 0x01, 0x26, 0x02, 0x40, 0x01, 0x27,
  0x02, 0xB8, 0x00, 0x01, 0x00, 0x80, 0x02, 0x04, 0x00, 0xFD, 0x00, 0x04, 0x01, 0xD0, 0x03, 0x59,
  0x00, 0x04, 0x01, 0x58, 0x01, 0x64, 0x00, 0x04, 0x01, 0x54, 0x02, 0x6D, 0x02, 0x80, 0x01, 0x33,
  0x03, 0x78, 0x00, 0x04, 0x02, 0xB8, 0xFF, 0xFF, 0x02, 0x04, 0x00, 0x01, 0x00, 0x08, 0x02, 0x81,
  0x01, 0x29, 0x03, 0x79, 0x00, 0x00, 0x02, 0xB9, 0xFF, 0xFF, 0x02, 0x0E, 0x00, 0x01, 0x00, 0x09,
  0x01, 0x88, 0x02, 0x04, 0x00, 0x05, 0x02, 0x80, 0x01, 0x29, 0x00, 0x10, 0x02, 0x40, 0x01, 0x29,
  0x02, 0x80, 0x01, 0x33, 0x03, 0x78, 0x00, 0x01, 0x02, 0xB8, 0xFF, 0xFF, 0x02, 0x04, 0x00, 0x01,
  0x00, 0x08, 0x02, 0x81, 0x01, 0x29, 0x03, 0x79, 0x00, 0x06, 0x02, 0xB9, 0xFF, 0xFF, 0x02, 0x05,
  0x00, 0x01, 0x00, 0x09, 0x01, 0x88, 0x02, 0x04, 0x00, 0x05, 0x02, 0x80, 0x01, 0x29, 0x00, 0x08,
  0x02, 0x40, 0x01, 0x29, 0x02, 0x80, 0x01, 0x33, 0x03, 0x78, 0x00, 0x08, 0x02, 0xB8, 0xFF, 0xFF,
  0x02, 0x04, 0x00, 0x01, 0x00, 0x08, 0x02, 0x81, 0x01, 0x28, 0x03, 0x79, 0x00, 0x00, 0x02, 0xB9,
  0xFF, 0xFF, 0x02, 0x0E, 0x00, 0x01, 0x00, 0x09, 0x01, 0x88, 0x02, 0x04, 0x00, 0x05, 0x02, 0x80,
  0x01, 0x28, 0x00, 0x10, 0x02, 0x40, 0x01, 0x28, 0x02, 0x80, 0x01, 0x33, 0x03, 0x78, 0x00, 0x02,
  0x02, 0x0C, 0x00, 0x1A, 0x02, 0x80, 0x01, 0x29, 0x03, 0x78, 0x00, 0x06, 0x02, 0x0C, 0x00, 0x0B,
  0x02, 0x80, 0x01, 0x28, 0x03, 0x78, 0x00, 0x03, 0x02, 0x0D, 0x00, 0x03, 0x00, 0x08, 0x02, 0x40,
  0x01, 0x28, 0x02, 0x00, 0x00, 0x09, 0x02, 0x80, 0x01, 0x28, 0x03, 0x78, 0x00, 0x0F, 0x02, 0x0D,
  0x00, 0x03, 0x00, 0x08, 0x02, 0x40, 0x01, 0x28, 0x02, 0x80, 0x01, 0x29, 0x03, 0x78, 0x00, 0x06,
  0x02, 0xB8, 0xFF, 0xFF, 0x02, 0x04, 0x00, 0x01, 0x00, 0x08, 0x02, 0x81, 0x01, 0x28, 0x03, 0x79,
  0x00, 0x03, 0x02, 0xB9, 0xFF, 0xFF, 0x02, 0x0E, 0x00, 0x01, 0x00, 0x09, 0x01, 0x88, 0x02, 0x04,
  0x00, 0x04, 0x02, 0xB8, 0x00, 0x03, 0x02, 0x40, 0x01, 0x28, 0x02, 0x80, 0x01, 0x34, 0x00, 0x80,
  0x02, 0x0C, 0x00, 0x07, 0x02, 0xB8, 0x00, 0x20, 0x02, 0x40, 0x01, 0x23, 0x00, 0x04, 0x01, 0x58,
  0x02, 0x9F, 0x02, 0x80, 0x01, 0x34, 0x03, 0x78, 0x00, 0x0A, 0x02, 0x0C, 0x00, 0x03, 0x00, 0x04,
  0x01, 0x58, 0x02, 0xBF, 0x02, 0x80, 0x01, 0x34, 0x03, 0x78, 0x00, 0x0B, 0x02, 0x0C, 0x00, 0x06,
  0x02, 0xB8, 0x00, 0x01, 0x02, 0x40, 0x01, 0x21, 0x02, 0x00, 0x00, 0x4C, 0x02, 0x80, 0x01, 0x32,
  0x00, 0x80, 0x02, 0x04, 0x00, 0x45, 0x02, 0x80, 0x01, 0x29, 0x03, 0x78, 0x00, 0x06, 0x02, 0x0D,
  0x00, 0x13, 0x00, 0x4C, 0x00, 0x4C, 0x02, 0xF8, 0x00, 0x20, 0x02, 0xC0, 0x01, 0x28, 0x02, 0x40,
  0x01, 0x23, 0x02, 0x80, 0x01, 0x23, 0x03, 0x78, 0x00, 0x7E, 0x02, 0x0E, 0x00, 0x03, 0x00, 0x04,
  0x01, 0x58, 0x02, 0x9F, 0x02, 0x00, 0x00, 0x2C, 0x02, 0x80, 0x01, 0x28, 0x00, 0x80, 0x02, 0x0C,
  0x00, 0x07, 0x02, 0xB8, 0x00, 0x20, 0x02, 0x40, 0x01, 0x23, 0x00, 0x04, 0x01, 0x58, 0x02, 0x9F,
  0x02, 0x80, 0x01, 0x28, 0x03, 0x78, 0x00, 0x01, 0x02, 0x0C, 0x00, 0x03, 0x00, 0x04, 0x01, 0x58,
  0x02, 0xBF, 0x02, 0x80, 0x01, 0x28, 0x03, 0x78, 0x00, 0x02, 0x02, 0x0C, 0x00, 0x06, 0x02, 0xB8,
  0x00, 0x01, 0x02, 0x40, 0x01, 0x21, 0x02, 0x00, 0x00, 0x0D, 0x02, 0x80, 0x01, 0x28, 0x03, 0x78,
  0x00, 0x03, 0x02, 0x0C, 0x00, 0x05, 0x01, 0xC0, 0x02, 0x40, 0x01, 0x21, 0x02, 0x00, 0x00, 0x02,
  0x02, 0x20, 0x01, 0x01, 0x02, 0xB7, 0x02, 0x75, 0x01, 0xC0, 0x02, 0x40, 0x01, 0x29, 0x01, 0xC0,
  0x02, 0x40, 0x01, 0x28, 0x02, 0x80, 0x01, 0x29, 0x00, 0x4C, 0x00, 0x4C, 0x02, 0xF8, 0x00, 0x20,
  0x02, 0xC0, 0x01, 0x28, 0x02, 0x40, 0x01, 0x23, 0x02, 0x80, 0x01, 0x23, 0x03, 0x78, 0x00, 0x7E,
  0x02, 0x06, 0x00, 0x04, 0x02, 0xB8, 0x00, 0x20, 0x02, 0x40, 0x01, 0x23, 0x02, 0xB8, 0x02, 0x00,
  0x02, 0x81, 0x01, 0x29, 0x02, 0xF9, 0x00, 0x03, 0x00, 0x4D, 0x00, 0x8C, 0x00, 0x4D, 0x00, 0xE1,
  0x02, 0xF9, 0x00, 0x02, 0x02, 0xC1, 0x01, 0x28, 0x00, 0xC8, 0x02, 0x81, 0x01, 0x23, 0x03, 0x39,
  0x00, 0x20, 0x00, 0x4D, 0x00, 0xC9, 0x02, 0xF9, 0x00, 0x03, 0x00, 0x84, 0x02, 0x61, 0x02, 0x80,
  0x01, 0x28, 0x00, 0x08, 0x02, 0x40, 0x01, 0x28, 0x03, 0x78, 0x00, 0x0F, 0x02, 0x26, 0x00, 0x35,
  0x02, 0x80, 0x01, 0x29, 0x00, 0x08, 0x02, 0x40, 0x01, 0x29, 0x03, 0x78, 0x00, 0x05, 0x02, 0x26,
  0x00, 0x41, 0x02, 0xB7, 0x02, 0x75, 0x02, 0xB8, 0x02, 0xCA, 0x02, 0x40, 0x03, 0x3E, 0x02, 0xB8,
  0x00, 0x01, 0x02, 0x40, 0x03, 0x3F, 0x02, 0x84, 0x03, 0x3E, 0x02, 0xB8, 0x01, 0x98, 0x03, 0xC0,
  0x03, 0x3F, 0x02, 0x60, 0x03, 0xF8, 0x00, 0x18, 0x02, 0x60, 0x03, 0xF8, 0x00, 0x98, 0x02, 0x60,
  0x02, 0x44, 0x03, 0x3E, 0x02, 0xB8, 0x02, 0xCF, 0x02, 0x40, 0x03, 0x3E, 0x02, 0xB8, 0x00, 0x01,
  0x02, 0x40, 0x03, 0x3F, 0x02, 0x84, 0x03, 0x3E, 0x02, 0xB8, 0x01, 0x20, 0x03, 0xC0, 0x03, 0x3F,
  0x02, 0x60, 0x03, 0xF8, 0x00, 0x08, 0x02, 0x60, 0x03, 0xF8, 0x00, 0x48, 0x02, 0x60, 0x02, 0x44,
  0x03, 0x3E, 0x02, 0xB8, 0x02, 0xD4, 0x02, 0x40, 0x03, 0x3E, 0x02, 0xB8, 0x00, 0x01, 0x02, 0x40,
  0x03, 0x3F, 0x02, 0x84, 0x03, 0x3E, 0x02, 0x60, 0x03, 0xF8, 0x01, 0x78, 0x02, 0x60, 0x03, 0xF8,
  0x00, 0x20, 0x02, 0x60, 0x02, 0x44, 0x03, 0x3E, 0x02, 0xB8, 0x02, 0xD9, 0x02, 0x40, 0x03, 0x3E,
  0x02, 0xB8, 0x00, 0x01, 0x02, 0x40, 0x03, 0x3F, 0x02, 0x84, 0x03, 0x3E, 0x02, 0xB8, 0x01, 0x28,
  0x03, 0xC0, 0x03, 0x3F, 0x02, 0x60, 0x03, 0xF8, 0x00, 0xB0, 0x02, 0x60, 0x03, 0xF8, 0x00, 0x80,
  0x02, 0x60, 0x02, 0x44, 0x03, 0x3E, 0x02, 0xB7, 0x02, 0x75, 0x02, 0x80, 0x01, 0x26, 0x03, 0x78,
  0x00, 0xFF, 0x02, 0x04, 0x00, 0x4B, 0x02, 0x80, 0x01, 0x27, 0x03, 0x78, 0x00, 0x06, 0x02, 0x0C,
  0x00, 0x18, 0x02, 0x80, 0x01, 0x26, 0x02, 0x40, 0x01, 0x22, 0x00, 0x04, 0x01, 0x58, 0x02, 0x0A,
  0x02, 0xB8, 0x00, 0x0A, 0x02, 0x40, 0x01, 0x60, 0x02, 0xB8, 0x00, 0x03, 0x02, 0x40, 0x01, 0x5F,
  0x02, 0xB8, 0x00, 0x01, 0x02, 0x40, 0x01, 0x5C, 0x00, 0x04, 0x01, 0x54, 0x01, 0x4C, 0x02, 0x00,
  0x00, 0x2D, 0x02, 0x80, 0x01, 0x27, 0x00, 0x4C, 0x00, 0x4C, 0x02, 0xF8, 0x00, 0x20, 0x02, 0xC0,
  0x01, 0x26, 0x02, 0x40, 0x01, 0x23, 0x02, 0x80, 0x01, 0x23, 0x03, 0x78, 0x00, 0x7E, 0x02, 0x06,
  0x00, 0x04, 0x02, 0xB8, 0x00, 0x20, 0x02, 0x40, 0x01, 0x23, 0x02, 0xB8, 0x02, 0x00, 0x02, 0x81,
  0x01, 0x27, 0x02, 0xF9, 0x00, 0x03, 0x00, 0x4D, 0x00, 0x8C, 0x00, 0x4D, 0x00, 0xE1, 0x02, 0xF9,
  0x00, 0x02, 0x02, 0xC1, 0x01, 0x26, 0x00, 0xC8, 0x02, 0x81, 0x01, 0x23, 0x03, 0x39, 0x00, 0x20,
  0x00, 0x4D, 0x00, 0xC9, 0x02, 0xF9, 0x00, 0x03, 0x00, 0x84, 0x02, 0x61, 0x02, 0x80, 0x01, 0x29,
  0x03, 0x78, 0x00, 0x06, 0x02, 0x0C, 0x00, 0x18, 0x02, 0x80, 0x01, 0x28, 0x02, 0x40, 0x01, 0x22,
  0x00, 0x04, 0x01, 0x58, 0x02, 0x0A, 0x02, 0xB8, 0x00, 0x0A, 0x02, 0x40, 0x01, 0x60, 0x02, 0xB8,
  0x00, 0x03, 0x02, 0x40, 0x01, 0x5F, 0x02, 0xB8, 0x00, 0x06, 0x02, 0x40, 0x01, 0x5C, 0x00, 0x04,
  0x01, 0x54, 0x01, 0x4C, 0x02, 0x00, 0x00, 0x2D, 0x02, 0x80, 0x01, 0x29, 0x00, 0x4C, 0x00, 0x4C,
  0x02, 0xF8, 0x00, 0x20, 0x02, 0xC0, 0x01, 0x28, 0x02, 0x40, 0x01, 0x23, 0x02, 0x80, 0x01, 0x23,
  0x03, 0x78, 0x00, 0x7E, 0x02, 0x06, 0x00, 0x04, 0x02, 0xB8, 0x00, 0x20, 0x02, 0x40, 0x01, 0x23,
  0x02, 0xB8, 0x02, 0x00, 0x02, 0x81, 0x01, 0x29, 0x02, 0xF9, 0x00, 0x03, 0x00, 0x4D, 0x00, 0x8C,
  0x00, 0x4D, 0x00, 0xE1, 0x02, 0xF9, 0x00, 0x02, 0x02, 0xC1, 0x01, 0x28, 0x00, 0xC8, 0x02, 0x81,
  0x01, 0x23, 0x03, 0x39, 0x00, 0x20, 0x00, 0x4D, 0x00, 0xC9, 0x02, 0xF9, 0x00, 0x06, 0x00, 0x84,
  0x02, 0x61, 0x02, 0x80, 0x01, 0x28, 0x02, 0x40, 0x01, 0x26, 0x02, 0x80, 0x01, 0x29, 0x02, 0x40,
  0x01, 0x27, 0x02, 0xB7, 0x02, 0x75, 0x02, 0x80, 0x01, 0x22, 0x00, 0x80, 0x02, 0x0C, 0x00, 0x04,
  0x02, 0xB8, 0x00, 0x02, 0x02, 0x40, 0x01, 0x5B, 0x02, 0x80, 0x01, 0x22, 0x03, 0x78, 0x00, 0x01,
  0x02, 0x0C, 0x00, 0x04, 0x02, 0xB8, 0x00, 0x07, 0x02, 0x40, 0x01, 0x5B, 0x02, 0x80, 0x01, 0x22,
  0x03, 0x78, 0x00, 0x02, 0x02, 0x0C, 0x00, 0x04, 0x02, 0xB8, 0x00, 0x0C, 0x02, 0x40, 0x01, 0x5B,
  0x02, 0x80, 0x01, 0x22, 0x03, 0x78, 0x00, 0x03, 0x02, 0x0C, 0x00, 0x04, 0x02, 0xB8, 0x00, 0x11,
  0x02, 0x40, 0x01, 0x5B, 0x02, 0xB7, 0x02, 0x75, 0x01, 0xC0, 0x02, 0x40, 0x01, 0x5D, 0x02, 0x80,
  0x01, 0x24, 0x03, 0x78, 0x00, 0x13, 0x02, 0x06, 0x00, 0x04, 0x03, 0x38, 0x00, 0x13, 0x02, 0x40,
  0x01, 0x5D, 0x01, 0xC0, 0x02, 0x40, 0x01, 0x5B, 0x02, 0xB8, 0x00, 0x20, 0x02, 0x40, 0x01, 0x5A,
  0x02, 0x80, 0x01, 0x5D, 0x02, 0xC0, 0x01, 0x5B, 0x03, 0x40, 0x01, 0x24, 0x02, 0x0D, 0x00, 0x09,
  0x02, 0x81, 0x03, 0x0E, 0x02, 0xC1, 0x01, 0x5D, 0x02, 0xC1, 0x01, 0x5B, 0x02, 0x88, 0x02, 0x40,
  0x01, 0x5A, 0x02, 0x80, 0x01, 0x5A, 0x03, 0x78, 0x00, 0x20, 0x02, 0xB8, 0xFF, 0xFF, 0x02, 0x05,
  0x00, 0x01, 0x00, 0x08, 0x02, 0x81, 0x01, 0x5A, 0x03, 0x79, 0x00, 0x7E, 0x02, 0xB9, 0xFF, 0xFF,
  0x02, 0x0E, 0x00, 0x01, 0x00, 0x09, 0x00, 0x19, 0x01, 0x88, 0x00, 0x19, 0x01, 0xC8, 0x02, 0x04,
  0x00, 0x04, 0x02, 0xB8, 0x00, 0x20, 0x02, 0x40, 0x01, 0x5A, 0x02, 0x80, 0x01, 0x5A, 0x03, 0x38,
  0x00, 0x20, 0x00, 0x4C, 0x00, 0xC0, 0x02, 0xF8, 0x00, 0x03, 0x02, 0xBB, 0x02, 0x14, 0x02, 0xC3,
  0x01, 0x5B, 0x02, 0x58, 0x02, 0x80, 0x01, 0x5B, 0x00, 0x08, 0x02, 0x40, 0x01, 0x5B, 0x03, 0x78,
  0x00, 0x13, 0x02, 0x26, 0x00, 0x46, 0x02, 0x80, 0x01, 0x24, 0x03, 0x00, 0x01, 0x5D, 0x03, 0x78,
  0x00, 0x14, 0x02, 0x0D, 0x00, 0x0B, 0x02, 0xB8, 0x02, 0x14, 0x02, 0x81, 0x01, 0x24, 0x03, 0x01,
  0x01, 0x5D, 0x00, 0xC8, 0x02, 0xB9, 0x01, 0xFD, 0x00, 0x84, 0x02, 0x61, 0x02, 0xB7, 0x02, 0x75,
  0x02, 0x80, 0x01, 0x24, 0x02, 0x81, 0x01, 0x25, 0x00, 0x11, 0x01, 0x48, 0x02, 0x05, 0x00, 0x01,
  0x02, 0xB7, 0x02, 0x80, 0x01, 0x23, 0x02, 0x81, 0x03, 0x0E, 0x02, 0xC1, 0x01, 0x24, 0x02, 0x48,
  0x02, 0x80, 0x01, 0x24, 0x00, 0x08, 0x02, 0x40, 0x01, 0x24, 0x01, 0xC0, 0x02, 0x81, 0x03, 0x0E,
  0x02, 0xC1, 0x01, 0x24, 0x02, 0x48, 0x00, 0x04, 0x01, 0x58, 0x02, 0x33, 0x02, 0xB7, 0x02, 0x75,
  0x02, 0x80, 0x01, 0x24, 0x00, 0x80, 0x02, 0x0C, 0x00, 0x01, 0x02, 0xB7, 0x02, 0x80, 0x01, 0x24,
  0x00, 0x10, 0x02, 0x40, 0x01, 0x24, 0x01, 0xC0, 0x02, 0x81, 0x03, 0x0E, 0x02, 0xC1, 0x01, 0x24,
  0x02, 0x48, 0x00, 0x04, 0x01, 0x58, 0x02, 0x33, 0x02, 0xB7, 0x02, 0x75, 0x01, 0xC0, 0x02, 0x40,
  0x01, 0x63, 0x00, 0x04, 0x01, 0xD0, 0x03, 0x59, 0x02, 0x80, 0x01, 0x63, 0x00, 0x08, 0x02, 0x40,
  0x01, 0x63, 0x03, 0x78, 0x00, 0x77, 0x02, 0x26, 0x00, 0x0B, 0x02, 0xB7, 0x02, 0x75, 0x00, 0x04,
  0x01, 0x54, 0x00, 0x97, 0x02, 0xB8, 0x02, 0x00, 0x02, 0x40, 0x03, 0x3E, 0x02, 0xB8, 0x00, 0x07,
  0x02, 0x40, 0x03, 0x3F, 0x02, 0x84, 0x03, 0x3E, 0x02, 0xB8, 0x01, 0x30, 0x03, 0xC0, 0x03, 0x3F,
  0x02, 0x60, 0x03, 0xF8, 0x00, 0x98, 0x02, 0x60, 0x03, 0xF8, 0x00, 0xF8, 0x02, 0x60, 0x03, 0xF8,
  0x00, 0x18, 0x02, 0x60, 0x03, 0xF8, 0x00, 0x38, 0x02, 0x60, 0x03, 0xF8, 0x00, 0x58, 0x02, 0x60,
  0x03, 0xF8, 0x00, 0x88, 0x02, 0x60, 0x03, 0xF8, 0x01, 0xA0, 0x02, 0x60, 0x03, 0xF8, 0x01, 0x18,
  0x02, 0x60, 0x03, 0xF8, 0x00, 0x60, 0x02, 0x60, 0x03, 0xF8, 0x00, 0x08, 0x02, 0x60, 0x03, 0xF8,
  0x00, 0x40, 0x02, 0x60, 0x03, 0xF8, 0x00, 0x78, 0x02, 0x60, 0x03, 0xF8, 0x00, 0x70, 0x02, 0x60,
  0x03, 0xF8, 0x01, 0x38, 0x02, 0x60, 0x02, 0x60, 0x03, 0xF8, 0x01, 0x48, 0x02, 0x60, 0x03, 0xF8,
  0x00, 0x38, 0x02, 0x60, 0x03, 0xF8, 0x00, 0xD0, 0x02, 0x60, 0x03, 0xF8, 0x00, 0x10, 0x02, 0x60,
  0x02, 0x44, 0x03, 0x3E, 0x02, 0xB8, 0x02, 0x66, 0x02, 0x40, 0x03, 0x3E, 0x02, 0xB8, 0x00, 0x01,
  0x02, 0x40, 0x03, 0x3F, 0x02, 0x84, 0x03, 0x3E, 0x02, 0xB8, 0x01, 0x18, 0x03, 0xC0, 0x03, 0x3F,
  0x02, 0x60, 0x03, 0xF8, 0x00, 0x58, 0x02, 0x60, 0x03, 0xF8, 0x00, 0x68, 0x02, 0x60, 0x03, 0xF8,
  0x00, 0x30, 0x02, 0x60, 0x03, 0xF8, 0x00, 0x40, 0x02, 0x60, 0x03, 0xF8, 0x00, 0x10, 0x02, 0x60,
  0x03, 0xF8, 0x00, 0x38, 0x02, 0x60, 0x03, 0xF8, 0x00, 0x48, 0x02, 0x60, 0x03, 0xF8, 0x01, 0x38,
  0x02, 0x60, 0x03, 0xF8, 0x01, 0xB8, 0x02, 0x60, 0x03, 0xF8, 0x00, 0xF0, 0x02, 0x60, 0x03, 0xF8,
  0x00, 0x78, 0x02, 0x60, 0x03, 0xF8, 0x00, 0x78, 0x02, 0x60, 0x03, 0xF8, 0x01, 0x38, 0x02, 0x60,
  0x02, 0x60, 0x02, 0x60, 0x00, 0x34, 0x02, 0x44, 0x03, 0x3E, 0x00, 0x04, 0x01, 0x50, 0x02, 0x0F,
  0x01, 0xC0, 0x02, 0x40, 0x01, 0x61, 0x02, 0x80, 0x01, 0x21, 0x00, 0x80, 0x02, 0x04, 0x00, 0x04,
  0x02, 0x80, 0x9D, 0x40, 0x02, 0x40, 0x01, 0x61, 0x02, 0x80, 0x01, 0x61, 0x03, 0x78, 0x00, 0x03,
  0x02, 0x0C, 0x00, 0x06, 0x02, 0xB8, 0x00, 0x03, 0x02, 0x40, 0x01, 0x59, 0x02, 0x00, 0x00, 0x07,
  0x01, 0xC0, 0x02, 0x40, 0x01, 0x66, 0x02, 0xB8, 0x00, 0x02, 0x02, 0x40, 0x01, 0x59, 0x02, 0xB7,
  0x02, 0x75, 0x02, 0x80, 0x01, 0x66, 0x00, 0x80, 0x02, 0x0C, 0x00, 0x03, 0x00, 0x04, 0x01, 0x58,
  0x03, 0xBE, 0x02, 0x80, 0x01, 0x66, 0x03, 0x78, 0x00, 0x01, 0x02, 0x0C, 0x00, 0x03, 0x00, 0x04,
  0x01, 0x5C, 0x01, 0x81, 0x02, 0x80, 0x01, 0x66, 0x03, 0x78, 0x00, 0x02, 0x02, 0x0C, 0x00, 0x03,
  0x00, 0x04, 0x01, 0x5C, 0x01, 0xFC, 0x02, 0x80, 0x01, 0x66, 0x03, 0x78, 0x00, 0x03, 0x02, 0x0C,
  0x00, 0x03, 0x00, 0x04, 0x01, 0x5C, 0x02, 0x65, 0x02, 0x80, 0x01, 0x66, 0x03, 0x78, 0x00, 0x04,
  0x02, 0x0C, 0x00, 0x03, 0x00, 0x04, 0x01, 0x5C, 0x02, 0xBA, 0x02, 0xB7, 0x02, 0x75, 0x00, 0x04,
  0x01, 0x54, 0x00, 0x97, 0x02, 0xB8, 0x02, 0x00, 0x02, 0x40, 0x03, 0x3E, 0x02, 0xB8, 0x00, 0x07,
  0x02, 0x40, 0x03, 0x3F, 0x02, 0x84, 0x03, 0x3E, 0x02, 0xB8, 0x01, 0x98, 0x03, 0xC0, 0x03, 0x3F,
  0x02, 0x60, 0x03, 0xF8, 0x00, 0xB0, 0x02, 0x60, 0x03, 0xF8, 0x00, 0x48, 0x02, 0x60, 0x03, 0xF8,
  0x00, 0x48, 0x02, 0x60, 0x03, 0xF8, 0x00, 0x30, 0x02, 0x60, 0x03, 0xF8, 0x00, 0xB8, 0x02, 0x60,
  0x03, 0xF8, 0x01, 0xA0, 0x02, 0x60, 0x03, 0xF8, 0x01, 0x70, 0x02, 0x60, 0x03, 0xF8, 0x00, 0x58,
  0x02, 0x60, 0x03, 0xF8, 0x00, 0x88, 0x02, 0x60, 0x03, 0xF8, 0x00, 0x18, 0x02, 0x60, 0x03, 0xF8,
  0x00, 0xC0, 0x02, 0x60, 0x03, 0xF8, 0x00, 0xE8, 0x02, 0x60, 0x03, 0xF8, 0x00, 0xC8, 0x02, 0x60,
  0x02, 0x44, 0x03, 0x3E, 0x02, 0xB8, 0x02, 0x66, 0x02, 0x40, 0x03, 0x3E, 0x02, 0xB8, 0x00, 0x01,
  0x02, 0x40, 0x03, 0x3F, 0x02, 0x84, 0x03, 0x3E, 0x02, 0xB8, 0x01, 0x98, 0x03, 0xC0, 0x03, 0x3F,
  0x02, 0x60, 0x03, 0xF8, 0x00, 0x80, 0x02, 0x60, 0x03, 0xF8, 0x00, 0x10, 0x02, 0x60, 0x03, 0xF8,
  0x00, 0x78, 0x02, 0x60, 0x02, 0x60, 0x03, 0xF8, 0x00, 0x38, 0x02, 0x60, 0x03, 0xF8, 0x00, 0x38,
  0x02, 0x60, 0x03, 0xF8, 0x00, 0x48, 0x02, 0x60, 0x03, 0xF8, 0x01, 0x48, 0x02, 0x60, 0x02, 0x60,
  0x02, 0x60, 0x00, 0x34, 0x02, 0x44, 0x03, 0x3E, 0x00, 0x04, 0x01, 0x50, 0x02, 0x21, 0x01, 0xC0,
  0x02, 0x40, 0x01, 0x3F, 0x02, 0x80, 0x01, 0x21, 0x00, 0x80, 0x02, 0x04, 0x00, 0x04, 0x02, 0x80,
  0x9D, 0x40, 0x02, 0x40, 0x01, 0x3F, 0x02, 0x80, 0x01, 0x3F, 0x03, 0x78, 0x00, 0x09, 0x02, 0x06,
  0x00, 0x04, 0x02, 0xB8, 0x00, 0x09, 0x02, 0x40, 0x01, 0x3F, 0x00, 0x04, 0x01, 0x54, 0x00, 0x97,
  0x02, 0xB8, 0x02, 0x00, 0x02, 0x40, 0x03, 0x3E, 0x02, 0xB8, 0x00, 0x07, 0x02, 0x40, 0x03, 0x3F,
  0x02, 0x84, 0x03, 0x3E, 0x02, 0xB8, 0x01, 0x98, 0x03, 0xC0, 0x03, 0x3F, 0x02, 0x60, 0x03, 0xF8,
  0x00, 0xB0, 0x02, 0x60, 0x03, 0xF8, 0x00, 0x48, 0x02, 0x60, 0x03, 0xF8, 0x00, 0x48, 0x02, 0x60,
  0x03, 0xF8, 0x00, 0x30, 0x02, 0x60, 0x03, 0xF8, 0x00, 0xB8, 0x02, 0x60, 0x03, 0xF8, 0x01, 0xA0,
  0x02, 0x60, 0x03, 0xF8, 0x01, 0x70, 0x02, 0x60, 0x03, 0xF8, 0x00, 0x58, 0x02, 0x60, 0x03, 0xF8,
  0x00, 0x88, 0x02, 0x60, 0x03, 0xF8, 0x00, 0x18, 0x02, 0x60, 0x03, 0xF8, 0x00, 0xC0, 0x02, 0x60,
  0x03, 0xF8, 0x00, 0xE8, 0x02, 0x60, 0x03, 0xF8, 0x00, 0xC8, 0x02, 0x60, 0x02, 0x44, 0x03, 0x3E,
  0x00, 0x04, 0x01, 0x5C, 0x00, 0xCB, 0x02, 0xB8, 0x02, 0xDC, 0x02, 0x40, 0x03, 0x3E, 0x02, 0xB8,
  0x00, 0x01, 0x02, 0x40, 0x03, 0x3F, 0x02, 0x84, 0x03, 0x3E, 0x02, 0xB8, 0x01, 0x20, 0x03, 0xC0,
  0x03, 0x3F, 0x02, 0x60, 0x03, 0xF8, 0x00, 0x68, 0x02, 0x60, 0x03, 0xF8, 0x00, 0xD0, 0x02, 0x60,
  0x03, 0xF8, 0x00, 0x80, 0x02, 0x60, 0x03, 0xF8, 0x01, 0xF0, 0x02, 0x60, 0x03, 0xF8, 0x01, 0x80,
  0x02, 0x60, 0x03, 0xF8, 0x00, 0x10, 0x02, 0x60, 0x03, 0xF8, 0x00, 0xC8, 0x02, 0x60, 0x03, 0xF8,
  0x00, 0x98, 0x02, 0x60, 0x03, 0xF8, 0x01, 0x28, 0x02, 0x60, 0x02, 0x60, 0x03, 0xF8, 0x01, 0x10,
  0x02, 0x60, 0x03, 0xF8, 0x00, 0xB0, 0x02, 0x60, 0x03, 0xF8, 0x00, 0xD0, 0x02, 0x60, 0x03, 0xF8,
  0x01, 0x98, 0x02, 0x60, 0x03, 0xF8, 0x01, 0x68, 0x02, 0x60, 0x03, 0xF8, 0x00, 0xC8, 0x02, 0x60,
  0x03, 0xF8, 0x00, 0x50, 0x02, 0x60, 0x03, 0xF8, 0x00, 0x40, 0x02, 0x60, 0x03, 0xF8, 0x01, 0x58,
  0x02, 0x60, 0x02, 0x44, 0x03, 0x3E, 0x01, 0xC0, 0x02, 0x40, 0x01, 0x4F, 0x02, 0xB8, 0x00, 0x01,
  0x02, 0x40, 0x01, 0x66, 0x02, 0xB7, 0x02, 0x75, 0x01, 0xC0, 0x02, 0x40, 0x01, 0x64, 0x02, 0x80,
  0x01, 0x64, 0x00, 0x08, 0x02, 0x40, 0x01, 0x65, 0x02, 0xB8, 0x00, 0x07, 0x02, 0x40, 0x01, 0x62,
  0x02, 0x80, 0x01, 0x64, 0x03, 0x40, 0x01, 0x4F, 0x02, 0x0C, 0x00, 0x04, 0x02, 0xB8, 0x00, 0x06,
  0x02, 0x40, 0x01, 0x62, 0x02, 0x80, 0x01, 0x64, 0x02, 0x40, 0x01, 0x1C, 0x00, 0x04, 0x01, 0x50,
  0x02, 0x33, 0x02, 0x80, 0x01, 0x21, 0x00, 0x80, 0x02, 0x04, 0x00, 0x17, 0x02, 0x80, 0x01, 0x65,
  0x02, 0x40, 0x01, 0x60, 0x02, 0xB8, 0x00, 0x01, 0x02, 0x40, 0x01, 0x5B, 0x02, 0xB8, 0x00, 0x12,
  0x02, 0x40, 0x01, 0x5F, 0x02, 0x80, 0x01, 0x62, 0x02, 0x40, 0x01, 0x5C, 0x02, 0xB8, 0x9D, 0x40,
  0x02, 0x40, 0x03, 0x11, 0x00, 0x04, 0x01, 0x54, 0x00, 0xB8, 0x02, 0x80, 0x01, 0x64, 0x00, 0x08,
  0x02, 0x40, 0x01, 0x64, 0x02, 0x81, 0x01, 0x3F, 0x00, 0x11, 0x01, 0x48, 0x02, 0x26, 0x00, 0x40,
  0x02, 0x80, 0x01, 0x3F, 0x00, 0x08, 0x02, 0x40, 0x01, 0x65, 0x02, 0xB8, 0x00, 0x01, 0x02, 0x40,
  0x01, 0x62, 0x02, 0x80, 0x01, 0x4F, 0x03, 0x40, 0x01, 0x3F, 0x02, 0x0C, 0x00, 0x04, 0x02, 0xB8,
  0x00, 0x06, 0x02, 0x40, 0x01, 0x62, 0x02, 0x80, 0x01, 0x65, 0x00, 0x4C, 0x00, 0x84, 0x00, 0x4C,
  0x00, 0xE0, 0x02, 0xF8, 0x02, 0x01, 0x02, 0x40, 0x03, 0x3E, 0x02, 0x80, 0x01, 0x62, 0x02, 0x40,
  0x03, 0x3F, 0x02, 0x84, 0x03, 0x3E, 0x02, 0xB8, 0x01, 0x78, 0x03, 0xC0, 0x03, 0x3F, 0x02, 0x60,
  0x03, 0xF8, 0x00, 0xD8, 0x02, 0x60, 0x03, 0xF8, 0x00, 0xE0, 0x02, 0x60, 0x03, 0xF8, 0x00, 0x68,
  0x02, 0x60, 0x03, 0xF8, 0x00, 0xB8, 0x02, 0x60, 0x03, 0xF8, 0x01, 0x90, 0x02, 0x60, 0x03, 0xF8,
  0x00, 0x40, 0x02, 0x60, 0x03, 0xF8, 0x01, 0x68, 0x02, 0x60, 0x03, 0xF8, 0x00, 0x58, 0x02, 0x60,
  0x03, 0xF8, 0x00, 0xD0, 0x02, 0x60, 0x03, 0xF8, 0x00, 0x88, 0x02, 0x60, 0x03, 0xF8, 0x00, 0xB8,
  0x02, 0x60, 0x03, 0xF8, 0x01, 0x90, 0x02, 0x60, 0x03, 0xF8, 0x01, 0x98, 0x02, 0x60, 0x02, 0x60,
  0x03, 0xF8, 0x00, 0xD0, 0x02, 0x60, 0x03, 0xF8, 0x00, 0x68, 0x02, 0x60, 0x03, 0xF8, 0x01, 0x68,
  0x02, 0x60, 0x02, 0x44, 0x03, 0x3E, 0x02, 0x80, 0x01, 0x65, 0x00, 0x08, 0x02, 0x40, 0x01, 0x64,
  0x02, 0x80, 0x01, 0x64, 0x02, 0x40, 0x01, 0x60, 0x00, 0x04, 0x01, 0x54, 0x00, 0x9C, 0x02, 0x80,
  0x01, 0x64, 0x00, 0x08, 0x02, 0x40, 0x01, 0x64, 0x03, 0x78, 0x00, 0x0A, 0x02, 0x26, 0x00, 0x0F,
  0x02, 0xB7, 0x02, 0x75, 0x00, 0x04, 0x01, 0x54, 0x02, 0x6D, 0x02, 0x80, 0x01, 0x33, 0x03, 0x78,
  0x00, 0x04, 0x02, 0xB8, 0xFF, 0xFF, 0x02, 0x04, 0x00, 0x01, 0x00, 0x08, 0x02, 0x81, 0x01, 0x4F,
  0x03, 0x79, 0x00, 0x00, 0x02, 0xB9, 0xFF, 0xFF, 0x02, 0x0E, 0x00, 0x01, 0x00, 0x09, 0x01, 0x88,
  0x02, 0x04, 0x00, 0x08, 0x02, 0x80, 0x01, 0x4F, 0x00, 0x10, 0x02, 0x40, 0x01, 0x4F, 0x00, 0x04,
  0x01, 0x5C, 0x00, 0xCB, 0x02, 0x80, 0x01, 0x33, 0x03, 0x78, 0x00, 0x01, 0x02, 0xB8, 0xFF, 0xFF,
  0x02, 0x04, 0x00, 0x01, 0x00, 0x08, 0x02, 0x81, 0x01, 0x4F, 0x03, 0x41, 0x01, 0x3F, 0x02, 0xB9,
  0xFF, 0xFF, 0x02, 0x05, 0x00, 0x01, 0x00, 0x09, 0x01, 0x88, 0x02, 0x04, 0x00, 0x08, 0x02, 0x80,
  0x01, 0x4F, 0x00, 0x08, 0x02, 0x40, 0x01, 0x4F, 0x00, 0x04, 0x01, 0x5C, 0x00, 0xCB, 0x02, 0x80,
  0x01, 0x32, 0x00, 0x80, 0x02, 0x04, 0x00, 0x37, 0x02, 0x80, 0x01, 0x4F, 0x03, 0x40, 0x01, 0x3F,
  0x02, 0x0C, 0x00, 0x06, 0x02, 0xB8, 0x00, 0x02, 0x02, 0x40, 0x01, 0x66, 0x02, 0x00, 0x00, 0x2B,
  0x02, 0x80, 0x01, 0x4F, 0x02, 0x40, 0x01, 0x1C, 0x00, 0x04, 0x01, 0x50, 0x02, 0x33, 0x02, 0x80,
  0x01, 0x21, 0x00, 0x80, 0x02, 0x04, 0x00, 0x1F, 0x01, 0xC0, 0x02, 0x40, 0x01, 0x64, 0x02, 0x81,
  0x01, 0x64, 0x02, 0xF9, 0x9D, 0x40, 0x02, 0x88, 0x03, 0xB8, 0x00, 0xFF, 0x02, 0x81, 0x01, 0x64,
  0x02, 0xF9, 0x92, 0x40, 0x02, 0x48, 0x02, 0x80, 0x01, 0x64, 0x00, 0x08, 0x02, 0x40, 0x01, 0x64,
  0x03, 0x78, 0x00, 0x20, 0x02, 0x26, 0x00, 0x14, 0x01, 0xC0, 0x02, 0x40, 0x92, 0x64, 0x02, 0xB8,
  0x00, 0x03, 0x02, 0x40, 0x01, 0x66, 0x02, 0xB7, 0x02, 0x75, 0x00, 0x04, 0x01, 0x54, 0x00, 0x97,
  0x02, 0xB8, 0x02, 0x00, 0x02, 0x40, 0x03, 0x3E, 0x02, 0xB8, 0x00, 0x07, 0x02, 0x40, 0x03, 0x3F,
  0x02, 0x84, 0x03, 0x3E, 0x02, 0xB8, 0x01, 0x28, 0x03, 0xC0, 0x03, 0x3F, 0x02, 0x60, 0x03, 0xF8,
  0x00, 0x58, 0x02, 0x60, 0x03, 0xF8, 0x00, 0xD0, 0x02, 0x60, 0x03, 0xF8, 0x00, 0x88, 0x02, 0x60,
  0x03, 0xF8, 0x00, 0xB8, 0x02, 0x60, 0x03, 0xF8, 0x01, 0x90, 0x02, 0x60, 0x03, 0xF8, 0x01, 0x70,
  0x02, 0x60, 0x03, 0xF8, 0x00, 0x58, 0x02, 0x60, 0x03, 0xF8, 0x00, 0x88, 0x02, 0x60, 0x03, 0xF8,
  0x00, 0x18, 0x02, 0x60, 0x03, 0xF8, 0x00, 0xC0, 0x02, 0x60, 0x03, 0xF8, 0x00, 0xE8, 0x02, 0x60,
  0x03, 0xF8, 0x00, 0xC8, 0x02, 0x60, 0x03, 0xF8, 0x01, 0x58, 0x02, 0x60, 0x03, 0xF8, 0x01, 0x70,
  0x02, 0x60, 0x03, 0xF8, 0x00, 0x78, 0x02, 0x60, 0x03, 0xF8, 0x00, 0x60, 0x02, 0x60, 0x03, 0xF8,
  0x00, 0x40, 0x02, 0x60, 0x02, 0x44, 0x03, 0x3E, 0x01, 0xC0, 0x02, 0x40, 0x92, 0x40, 0x02, 0xB8,
  0x92, 0x40, 0x02, 0x40, 0x03, 0x0E, 0x02, 0xB8, 0x00, 0x21, 0x02, 0x40, 0x01, 0x25, 0x00, 0x04,
  0x01, 0x54, 0x03, 0x87, 0x02, 0x80, 0x01, 0x21, 0x03, 0x78, 0x00, 0x01, 0x02, 0x0C, 0x00, 0x09,
  0x01, 0xC0, 0x02, 0x40, 0x92, 0x64, 0x02, 0xB8, 0x00, 0x03, 0x02, 0x40, 0x01, 0x66, 0x02, 0x00,
  0x00, 0x03, 0x01, 0xC0, 0x02, 0x40, 0x01, 0x66, 0x02, 0xB7, 0x02, 0x75, 0x00, 0x04, 0x01, 0x54,
  0x00, 0x97, 0x02, 0xB8, 0x02, 0x00, 0x02, 0x40, 0x03, 0x3E, 0x02, 0xB8, 0x00, 0x07, 0x02, 0x40,
  0x03, 0x3F, 0x02, 0x84, 0x03, 0x3E, 0x02, 0xB8, 0x01, 0x28, 0x03, 0xC0, 0x03, 0x3F, 0x02, 0x60,
  0x03, 0xF8, 0x00, 0x58, 0x02, 0x60, 0x03, 0xF8, 0x00, 0xD0, 0x02, 0x60, 0x03, 0xF8, 0x00, 0x88,
  0x02, 0x60, 0x03, 0xF8, 0x00, 0xB8, 0x02, 0x60, 0x03, 0xF8, 0x01, 0x90, 0x02, 0x60, 0x03, 0xF8,
  0x01, 0x80, 0x02, 0x60, 0x03, 0xF8, 0x00, 0x88, 0x02, 0x60, 0x03, 0xF8, 0x00, 0x90, 0x02, 0x60,
  0x02, 0x60, 0x03, 0xF8, 0x00, 0x20, 0x02, 0x60, 0x03, 0xF8, 0x00, 0xC0, 0x02, 0x60, 0x03, 0xF8,
  0x00, 0xE8, 0x02, 0x60, 0x03, 0xF8, 0x00, 0xB0, 0x02, 0x60, 0x02, 0x44, 0x03, 0x3E, 0x02, 0xB8,
  0x92, 0x64, 0x02, 0x40, 0x03, 0x0E, 0x02, 0xB8, 0x00, 0x40, 0x02, 0x40, 0x01, 0x25, 0x00, 0x04,
  0x01, 0x54, 0x03, 0x87, 0x02, 0x80, 0x01, 0x21, 0x03, 0x78, 0x00, 0x01, 0x02, 0x0C, 0x00, 0x06,
  0x02, 0xB8, 0x00, 0x04, 0x02, 0x40, 0x01, 0x66, 0x02, 0x00, 0x00, 0x03, 0x01, 0xC0, 0x02, 0x40,
  0x01, 0x66, 0x02, 0xB7, 0x02, 0x75, 0x00, 0x04, 0x01, 0x54, 0x00, 0x97, 0x02, 0xB8, 0x02, 0x00,
  0x02, 0x40, 0x03, 0x3E, 0x02, 0xB8, 0x00, 0x07, 0x02, 0x40, 0x03, 0x3F, 0x02, 0x84, 0x03, 0x3E,
  0x02, 0xB8, 0x01, 0x98, 0x03, 0xC0, 0x03, 0x3F, 0x02, 0x60, 0x03, 0xF8, 0x00, 0x90, 0x02, 0x60,
  0x03, 0xF8, 0x00, 0xB8, 0x02, 0x60, 0x03, 0xF8, 0x00, 0xF8, 0x02, 0x60, 0x03, 0xF8, 0x00, 0x38,
  0x02, 0x60, 0x03, 0xF8, 0x00, 0x48, 0x02, 0x60, 0x03, 0xF8, 0x01, 0x48, 0x02, 0x60, 0x02, 0x60,
  0x02, 0x60, 0x00, 0x34, 0x02, 0x44, 0x03, 0x3E, 0x00, 0x04, 0x01, 0x50, 0x02, 0x55, 0x01, 0xC0,
  0x02, 0x40, 0x01, 0x66, 0x02, 0x80, 0x01, 0x21, 0x00, 0x80, 0x02, 0x0C, 0x00, 0x34, 0x02, 0xB8,
  0x02, 0x3E, 0x02, 0x40, 0x03, 0x3E, 0x02, 0xB8, 0x00, 0x02, 0x02, 0x40, 0x03, 0x3F, 0x02, 0x84,
  0x03, 0x3E, 0x02, 0xB8, 0x01, 0x98, 0x03, 0xC0, 0x03, 0x3F, 0x02, 0x60, 0x03, 0xF8, 0x00, 0x90,
  0x02, 0x60, 0x03, 0xF8, 0x00, 0xB8, 0x02, 0x60, 0x03, 0xF8, 0x00, 0x98, 0x02, 0x60, 0x03, 0xF8,
  0x01, 0x28, 0x02, 0x60, 0x03, 0xF8, 0x01, 0x30, 0x02, 0x60, 0x03, 0xF8, 0x00, 0x38, 0x02, 0x60,
  0x03, 0xF8, 0x00, 0x40, 0x02, 0x60, 0x03, 0xF8, 0x00, 0x28, 0x02, 0x60, 0x03, 0xF8, 0x00, 0x48,
  0x02, 0x60, 0x03, 0xF8, 0x00, 0x08, 0x02, 0x60, 0x02, 0x44, 0x03, 0x3E, 0x00, 0x04, 0x01, 0x58,
  0x02, 0xD5, 0x02, 0x00, 0x00, 0x04, 0x02, 0xB8, 0x00, 0x01, 0x02, 0x40, 0x01, 0x59, 0x02, 0xB7,
  0x02, 0x75, 0x00, 0x04, 0x01, 0x54, 0x00, 0x97, 0x02, 0xB8, 0x02, 0x00, 0x02, 0x40, 0x03, 0x3E,
  0x02, 0xB8, 0x00, 0x07, 0x02, 0x40, 0x03, 0x3F, 0x02, 0x84, 0x03, 0x3E, 0x02, 0xB8, 0x01, 0x18,
  0x03, 0xC0, 0x03, 0x3F, 0x02, 0x60, 0x03, 0xF8, 0x00, 0x60, 0x02, 0x60, 0x03, 0xF8, 0x00, 0x08,
  0x02, 0x60, 0x02, 0x60, 0x03, 0xF8, 0x00, 0x58, 0x02, 0x60, 0x03, 0xF8, 0x00, 0x30, 0x02, 0x60,
  0x03, 0xF8, 0x00, 0xB8, 0x02, 0x60, 0x03, 0xF8, 0x00, 0xE8, 0x02, 0x60, 0x03, 0xF8, 0x00, 0x38,
  0x02, 0x60, 0x03, 0xF8, 0x00, 0x48, 0x02, 0x60, 0x03, 0xF8, 0x01, 0x48, 0x02, 0x60, 0x02, 0x60,
  0x02, 0x60, 0x00, 0x34, 0x02, 0x44, 0x03, 0x3E, 0x02, 0xB8, 0x00, 0x03, 0x02, 0x40, 0x01, 0x60,
  0x02, 0xB8, 0x00, 0x02, 0x02, 0x40, 0x01, 0x5B, 0x02, 0xB8, 0x00, 0x11, 0x02, 0x40, 0x01, 0x5F,
  0x02, 0xB8, 0x00, 0x03, 0x02, 0x40, 0x01, 0x5C, 0x02, 0xB8, 0x92, 0x40, 0x02, 0x40, 0x03, 0x11,
  0x00, 0x04, 0x01, 0x54, 0x00, 0xB8, 0x01, 0xC0, 0x02, 0x40, 0x01, 0x67, 0x02, 0x40, 0x01, 0x61,
  0x02, 0x80, 0x01, 0x67, 0x03, 0x78, 0x00, 0x1E, 0x02, 0xB8, 0xFF, 0xFF, 0x02, 0x05, 0x00, 0x01,
  0x00, 0x08, 0x02, 0x81, 0x01, 0x61, 0x03, 0x79, 0x00, 0x03, 0x02, 0xB9, 0xFF, 0xFF, 0x02, 0x0C,
  0x00, 0x01, 0x00, 0x09, 0x01, 0x88, 0x02, 0x81, 0x01, 0x61, 0x03, 0x79, 0x00, 0x04, 0x02, 0xB9,
  0xFF, 0xFF, 0x02, 0x0C, 0x00, 0x01, 0x00, 0x09, 0x01, 0x88, 0x02, 0x04, 0x00, 0x13, 0x00, 0x04,
  0x01, 0x50, 0x02, 0x0F, 0x02, 0x80, 0x01, 0x21, 0x00, 0x80, 0x02, 0x04, 0x00, 0x04, 0x02, 0x80,
  0x9D, 0x40, 0x02, 0x40, 0x01, 0x61, 0x02, 0x80, 0x01, 0x67, 0x00, 0x08, 0x02, 0x40, 0x01, 0x67,
  0x02, 0x20, 0x00, 0x31, 0x02, 0x80, 0x01, 0x61, 0x03, 0x78, 0x00, 0x03, 0x02, 0x0C, 0x00, 0x06,
  0x02, 0xB8, 0x00, 0x03, 0x02, 0x40, 0x01, 0x59, 0x02, 0x00, 0x00, 0x40, 0x02, 0xB8, 0x02, 0x7A,
  0x02, 0x40, 0x03, 0x3E, 0x02, 0xB8, 0x00, 0x02, 0x02, 0x40, 0x03, 0x3F, 0x02, 0x84, 0x03, 0x3E,
  0x02, 0xB8, 0x01, 0x18, 0x03, 0xC0, 0x03, 0x3F, 0x02, 0x60, 0x03, 0xF8, 0x00, 0x60, 0x02, 0x60,
  0x03, 0xF8, 0x00, 0x08, 0x02, 0x60, 0x02, 0x60, 0x03, 0xF8, 0x00, 0x58, 0x02, 0x60, 0x03, 0xF8,
  0x00, 0x30, 0x02, 0x60, 0x03, 0xF8, 0x00, 0xB8, 0x02, 0x60, 0x03, 0xF8, 0x01, 0xA0, 0x02, 0x60,
  0x03, 0xF8, 0x01, 0x30, 0x02, 0x60, 0x03, 0xF8, 0x00, 0x38, 0x02, 0x60, 0x03, 0xF8, 0x00, 0x40,
  0x02, 0x60, 0x03, 0xF8, 0x00, 0x28, 0x02, 0x60, 0x03, 0xF8, 0x00, 0x48, 0x02, 0x60, 0x03, 0xF8,
  0x00, 0x08, 0x02, 0x60, 0x02, 0x44, 0x03, 0x3E, 0x00, 0x04, 0x01, 0x58, 0x02, 0xD5, 0x01, 0xC0,
  0x02, 0x40, 0x01, 0x66, 0x02, 0xB8, 0x00, 0x02, 0x02, 0x40, 0x01, 0x59, 0x02, 0xB7, 0x02, 0x75,
  0x02, 0x80, 0x01, 0x2E, 0x00, 0x80, 0x02, 0x0C, 0x00, 0x86, 0x00, 0x04, 0x01, 0x50, 0x02, 0xB2,
  0x01, 0xC0, 0x02, 0x40, 0x01, 0x4F, 0x00, 0x04, 0x01, 0x54, 0x00, 0x97, 0x02, 0xB8, 0x02, 0x00,
  0x02, 0x40, 0x03, 0x3E, 0x02, 0xB8, 0x00, 0x07, 0x02, 0x40, 0x03, 0x3F, 0x02, 0x84, 0x03, 0x3E,
  0x02, 0xB8, 0x01, 0x40, 0x03, 0xC0, 0x03, 0x3F, 0x02, 0x60, 0x03, 0xF8, 0x00, 0x38, 0x02, 0x60,
  0x03, 0xF8, 0x00, 0xE0, 0x02, 0x60, 0x03, 0xF8, 0x00, 0x38, 0x02, 0x60, 0x03, 0xF8, 0x01, 0xA0,
  0x02, 0x60, 0x03, 0xF8, 0x01, 0x98, 0x02, 0x60, 0x03, 0xF8, 0x00, 0xF8, 0x02, 0x60, 0x03, 0xF8,
  0x00, 0x18, 0x02, 0x60, 0x03, 0xF8, 0x00, 0xD8, 0x02, 0x60, 0x03, 0xF8, 0x00, 0x38, 0x02, 0x60,
  0x02, 0x44, 0x03, 0x3E, 0x00, 0x04, 0x01, 0x60, 0x01, 0x60, 0x02, 0xB8, 0x02, 0xDC, 0x02, 0x40,
  0x03, 0x3E, 0x02, 0xB8, 0x00, 0x01, 0x02, 0x40, 0x03, 0x3F, 0x02, 0x84, 0x03, 0x3E, 0x02, 0xB8,
  0x01, 0x10, 0x03, 0xC0, 0x03, 0x3F, 0x02, 0x60, 0x03, 0xF8, 0x00, 0xB0, 0x02, 0x60, 0x03, 0xF8,
  0x00, 0xD0, 0x02, 0x60, 0x03, 0xF8, 0x01, 0x98, 0x02, 0x60, 0x03, 0xF8, 0x01, 0x90, 0x02, 0x60,
  0x03, 0xF8, 0x00, 0xF8, 0x02, 0x60, 0x03, 0xF8, 0x00, 0xA8, 0x02, 0x60, 0x03, 0xF8, 0x00, 0x58,
  0x02, 0x60, 0x03, 0xF8, 0x01, 0x70, 0x02, 0x60, 0x03, 0xF8, 0x01, 0x28, 0x02, 0x60, 0x03, 0xF8,
  0x00, 0x58, 0x02, 0x60, 0x03, 0xF8, 0x00, 0xD0, 0x02, 0x60, 0x03, 0xF8, 0x01, 0x48, 0x02, 0x60,
  0x03, 0xF8, 0x01, 0xC0, 0x02, 0x60, 0x03, 0xF8, 0x00, 0x08, 0x02, 0x60, 0x03, 0xF8, 0x00, 0x80,
  0x02, 0x60, 0x03, 0xF8, 0x01, 0xA0, 0x02, 0x60, 0x03, 0xF8, 0x00, 0xC8, 0x02, 0x60, 0x03, 0xF8,
  0x00, 0x20, 0x02, 0x60, 0x03, 0xF8, 0x01, 0xA0, 0x02, 0x60, 0x02, 0x44, 0x03, 0x3E, 0x02, 0xB8,
  0x00, 0x01, 0x02, 0x40, 0x01, 0x2E, 0x00, 0x04, 0x01, 0x54, 0x02, 0x6D, 0x02, 0x80, 0x01, 0x33,
  0x03, 0x78, 0x00, 0x04, 0x02, 0xB8, 0xFF, 0xFF, 0x02, 0x04, 0x00, 0x01, 0x00, 0x08, 0x02, 0x81,
  0x01, 0x4F, 0x03, 0x79, 0x00, 0x00, 0x02, 0xB9, 0xFF, 0xFF, 0x02, 0x0E, 0x00, 0x01, 0x00, 0x09,
  0x01, 0x88, 0x02, 0x04, 0x00, 0x08, 0x02, 0x80, 0x01, 0x4F, 0x00, 0x10, 0x02, 0x40, 0x01, 0x4F,
  0x00, 0x04, 0x01, 0x60, 0x01, 0x60, 0x02, 0x80, 0x01, 0x33, 0x03, 0x78, 0x00, 0x01, 0x02, 0xB8,
  0xFF, 0xFF, 0x02, 0x04, 0x00, 0x01, 0x00, 0x08, 0x02, 0x81, 0x01, 0x4F, 0x03, 0x79, 0x00, 0x07,
  0x02, 0xB9, 0xFF, 0xFF, 0x02, 0x05, 0x00, 0x01, 0x00, 0x09, 0x01, 0x88, 0x02, 0x04, 0x00, 0x08,
  0x02, 0x80, 0x01, 0x4F, 0x00, 0x08, 0x02, 0x40, 0x01, 0x4F, 0x00, 0x04, 0x01, 0x60, 0x01, 0x60,
  0x02, 0x80, 0x01, 0x34, 0x03, 0x78, 0x00, 0x01, 0x02, 0xB8, 0xFF, 0xFF, 0x02, 0x0D, 0x00, 0x01,
  0x00, 0x08, 0x02, 0x81, 0x01, 0x34, 0x03, 0x79, 0x00, 0x08, 0x02, 0xB9, 0xFF, 0xFF, 0x02, 0x06,
  0x00, 0x01, 0x00, 0x09, 0x01, 0x88, 0x02, 0x04, 0x00, 0x08, 0x02, 0x80, 0x01, 0x34, 0x00, 0x10,
  0x02, 0x40, 0x01, 0x4F, 0x00, 0x04, 0x01, 0x60, 0x01, 0x60, 0x02, 0x80, 0x01, 0x34, 0x03, 0x78,
  0x00, 0x09, 0x02, 0x0C, 0x00, 0x08, 0x01, 0xC0, 0x02, 0x40, 0x01, 0x2E, 0x02, 0xB8, 0x00, 0x05,
  0x02, 0x40, 0x01, 0x59, 0x02, 0xB7, 0x02, 0x80, 0x01, 0x34, 0x03, 0x78, 0x00, 0x0B, 0x02, 0x0C,
  0x00, 0x04, 0x00, 0x04, 0x01, 0x60, 0x02, 0x2A, 0x02, 0xB7, 0x02, 0x80, 0x01, 0x32, 0x00, 0x80,
  0x02, 0x04, 0x00, 0x65, 0x02, 0x80, 0x01, 0x4F, 0x02, 0x40, 0x01, 0x2F, 0x02, 0x80, 0x01, 0x2F,
  0x02, 0x40, 0x01, 0x1B, 0x00, 0x04, 0x01, 0x50, 0x03, 0x0C, 0x02, 0x80, 0x01, 0x21, 0x00, 0x80,
  0x02, 0x0C, 0x00, 0x40, 0x02, 0xB8, 0x02, 0xDC, 0x02, 0x40, 0x03, 0x3E, 0x02, 0xB8, 0x00, 0x02,
  0x02, 0x40, 0x03, 0x3F, 0x02, 0x84, 0x03, 0x3E, 0x02, 0xB8, 0x01, 0x68, 0x03, 0xC0, 0x03, 0x3F,
  0x02, 0x60, 0x03, 0xF8, 0x00, 0x10, 0x02, 0x60, 0x03, 0xF8, 0x00, 0xD0, 0x02, 0x60, 0x03, 0xF8,
  0x00, 0xD8, 0x02, 0x60, 0x03, 0xF8, 0x00, 0xD0, 0x02, 0x60, 0x03, 0xF8, 0x01, 0xA0, 0x02, 0x60,
  0x03, 0xF8, 0x01, 0x30, 0x02, 0x60, 0x03, 0xF8, 0x00, 0x38, 0x02, 0x60, 0x03, 0xF8, 0x00, 0x40,
  0x02, 0x60, 0x03, 0xF8, 0x00, 0x28, 0x02, 0x60, 0x03, 0xF8, 0x00, 0x48, 0x02, 0x60, 0x03, 0xF8,
  0x00, 0x08, 0x02, 0x60, 0x03, 0xF8, 0x01, 0x20, 0x02, 0x60, 0x02, 0x60, 0x02, 0x60, 0x02, 0x60,
  0x00, 0x34, 0x02, 0x60, 0x02, 0x60, 0x02, 0x60, 0x02, 0x60, 0x00, 0x34, 0x02, 0x44, 0x03, 0x3E,
  0x02, 0x00, 0x00, 0x15, 0x02, 0xB8, 0x00, 0x2F, 0x02, 0x40, 0x91, 0x00, 0x01, 0xC0, 0x02, 0x40,
  0x91, 0x01, 0x02, 0x40, 0x01, 0x58, 0x00, 0x34, 0x02, 0x40, 0x03, 0x09, 0x02, 0x40, 0x01, 0x43,
  0x00, 0x34, 0x02, 0x40, 0x01, 0x2E, 0x02, 0xB8, 0x00, 0x04, 0x02, 0x40, 0x01, 0x59, 0x02, 0xB7,
  0x02, 0x75, 0x01, 0xC0, 0x02, 0x40, 0x01, 0x2C, 0x02, 0x80, 0x01, 0x2C, 0x02, 0xF8, 0x00, 0x02,
  0x02, 0x40, 0x01, 0x2D, 0x02, 0xB8, 0x00, 0x07, 0x02, 0x40, 0x01, 0x2B, 0x02, 0x80, 0x01, 0x2C,
  0x03, 0x40, 0x01, 0x4F, 0x02, 0x0C, 0x00, 0x04, 0x02, 0xB8, 0x00, 0x06, 0x02, 0x40, 0x01, 0x2B,
  0x02, 0xB8, 0x00, 0x20, 0x02, 0x40, 0x01, 0x2A, 0x02, 0x80, 0x01, 0x2C, 0x03, 0x40, 0x01, 0x4F,
  0x02, 0x0C, 0x00, 0x04, 0x02, 0xB8, 0x00, 0x3E, 0x02, 0x40, 0x01, 0x2A, 0x02, 0xB8, 0x02, 0x00,
  0x02, 0x81, 0x01, 0x2D, 0x00, 0x4D, 0x00, 0x8C, 0x00, 0x4D, 0x00, 0xE1, 0x00, 0xC8, 0x02, 0x81,
  0x01, 0x2A, 0x03, 0x39, 0x00, 0x20, 0x00, 0x4D, 0x00, 0xC9, 0x02, 0xC1, 0x01, 0x2B, 0x00, 0x84,
  0x02, 0x61, 0x02, 0x80, 0x01, 0x2C, 0x02, 0xF8, 0x00, 0x31, 0x02, 0x40, 0x01, 0x2A, 0x02, 0xB8,
  0x02, 0x01, 0x02, 0x81, 0x01, 0x2D, 0x00, 0x4D, 0x00, 0x8C, 0x00, 0x4D, 0x00, 0xE1, 0x00, 0xC8,
  0x02, 0x81, 0x01, 0x2A, 0x03, 0x39, 0x00, 0x20, 0x00, 0x4D, 0x00, 0xC9, 0x02, 0xC1, 0x01, 0x2B,
  0x00, 0x84, 0x02, 0x61, 0x02, 0xB8, 0x02, 0x02, 0x02, 0x81, 0x01, 0x2D, 0x00, 0x4D, 0x00, 0x8C,
  0x00, 0x4D, 0x00, 0xE1, 0x00, 0xC8, 0x01, 0xC9, 0x00, 0x84, 0x02, 0x61, 0x02, 0x81, 0x01, 0x2C,
  0x00, 0x4D, 0x00, 0x4D, 0x00, 0xC9, 0x02, 0xF9, 0x90, 0x00, 0x02, 0x88, 0x03, 0xB8, 0x00, 0xFF,
  0x02, 0x0C, 0x00, 0x3A, 0x02, 0x80, 0x01, 0x2D, 0x00, 0x4C, 0x00, 0x84, 0x00, 0x4C, 0x00, 0xE0,
  0x02, 0xF8, 0x02, 0x03, 0x02, 0x40, 0x03, 0x3E, 0x02, 0x80, 0x01, 0x2B, 0x02, 0x40, 0x03, 0x3F,
  0x02, 0x84, 0x03, 0x3E, 0x02, 0xB8, 0x00, 0xE0, 0x03, 0xC0, 0x03, 0x3F, 0x02, 0x60, 0x03, 0xF8,
  0x01, 0xC8, 0x02, 0x60, 0x03, 0xF8, 0x00, 0x40, 0x02, 0x60, 0x03, 0xF8, 0x00, 0xE8, 0x02, 0x60,
  0x03, 0xF8, 0x00, 0x20, 0x02, 0x60, 0x03, 0xF8, 0x00, 0x68, 0x02, 0x60, 0x03, 0xF8, 0x01, 0x38,
  0x02, 0x60, 0x03, 0xF8, 0x00, 0xF0, 0x02, 0x60, 0x02, 0x60, 0x02, 0x60, 0x02, 0x60, 0x00, 0x34,
  0x02, 0x60, 0x02, 0x60, 0x02, 0x60, 0x02, 0x60, 0x00, 0x34, 0x02, 0x60, 0x02, 0x60, 0x00, 0x34,
  0x02, 0x44, 0x03, 0x3E, 0x02, 0x00, 0x00, 0x1C, 0x02, 0x80, 0x01, 0x2D, 0x02, 0x40, 0x01, 0x60,
  0x02, 0xB8, 0x00, 0x03, 0x02, 0x40, 0x01, 0x5B, 0x02, 0xB8, 0x00, 0x11, 0x02, 0x40, 0x01, 0x5F,
  0x02, 0x80, 0x01, 0x2B, 0x02, 0x40, 0x01, 0x5C, 0x02, 0x80, 0x01, 0x2C, 0x00, 0x4C, 0x00, 0x4C,
  0x00, 0xC0, 0x02, 0xF8, 0x90, 0x00, 0x02, 0x40, 0x03, 0x11, 0x00, 0x04, 0x01, 0x54, 0x00, 0xB8,
  0x02, 0x80, 0x01, 0x2C, 0x00, 0x08, 0x02, 0x40, 0x01, 0x2C, 0x03, 0x78, 0x00, 0x07, 0x02, 0x26,
  0x00, 0xC4, 0x02, 0xB7, 0x02, 0x75, 0x01, 0xC0, 0x02, 0x40, 0x01, 0x2C, 0x02, 0x81, 0x01, 0x4F,
  0x00, 0x4D, 0x00, 0x4D, 0x00, 0xC9, 0x02, 0xF9, 0x90, 0x00, 0x02, 0xC1, 0x01, 0x2C, 0x02, 0x88,
  0x03, 0xB8, 0x00, 0xFF, 0x02, 0x81, 0x01, 0x2C, 0x02, 0xF9, 0x92, 0xB0, 0x02, 0x48, 0x02, 0x80,
  0x01, 0x2C, 0x00, 0x08, 0x02, 0x40, 0x01, 0x2C, 0x03, 0x78, 0x00, 0x1F, 0x02, 0x26, 0x00, 0x19,
  0x00, 0x04, 0x01, 0x54, 0x00, 0x97, 0x02, 0xB8, 0x02, 0x00, 0x02, 0x40, 0x03, 0x3E, 0x02, 0xB8,
  0x00, 0x07, 0x02, 0x40, 0x03, 0x3F, 0x02, 0x84, 0x03, 0x3E, 0x02, 0xB8, 0x01, 0x28, 0x03, 0xC0,
  0x03, 0x3F, 0x02, 0x60, 0x03, 0xF8, 0x00, 0x08, 0x02, 0x60, 0x03, 0xF8, 0x00, 0x68, 0x02, 0x60,
  0x03, 0xF8, 0x00, 0xE8, 0x02, 0x60, 0x03, 0xF8, 0x01, 0xA0, 0x02, 0x60, 0x03, 0xF8, 0x01, 0x40,
  0x02, 0x60, 0x03, 0xF8, 0x00, 0x38, 0x02, 0x60, 0x03, 0xF8, 0x00, 0xE0, 0x02, 0x60, 0x03, 0xF8,
  0x00, 0x38, 0x02, 0x60, 0x03, 0xF8, 0x01, 0xA0, 0x02, 0x60, 0x03, 0xF8, 0x01, 0x98, 0x02, 0x60,
  0x03, 0xF8, 0x00, 0xF8, 0x02, 0x60, 0x03, 0xF8, 0x00, 0x18, 0x02, 0x60, 0x03, 0xF8, 0x00, 0xD8,
  0x02, 0x60, 0x02, 0x44, 0x03, 0x3E, 0x02, 0xB8, 0x92, 0xB0, 0x02, 0x40, 0x03, 0x0E, 0x02, 0xB8,
  0x00, 0x20, 0x02, 0x40, 0x01, 0x25, 0x00, 0x04, 0x01, 0x54, 0x03, 0x87, 0x02, 0x80, 0x01, 0x21,
  0x03, 0x78, 0x00, 0x01, 0x02, 0x0C, 0x00, 0x20, 0x01, 0xC0, 0x02, 0x40, 0x01, 0x2C, 0x02, 0x81,
  0x01, 0x2C, 0x02, 0xF9, 0x92, 0xB0, 0x02, 0x88, 0x03, 0xB8, 0x00, 0xFF, 0x02, 0x81, 0x01, 0x4F,
  0x00, 0x4D, 0x00, 0x4D, 0x00, 0xC9, 0x02, 0xF9, 0x90, 0x00, 0x02, 0xC1, 0x01, 0x2C, 0x02, 0x48,
  0x02, 0x80, 0x01, 0x2C, 0x00, 0x08, 0x02, 0x40, 0x01, 0x2C, 0x03, 0x78, 0x00, 0x1F, 0x02, 0x26,
  0x00, 0x19, 0x00, 0x04, 0x01, 0x50, 0x02, 0xE1, 0x01, 0xC0, 0x02, 0x40, 0x01, 0x2E, 0x02, 0xB7,
  0x02, 0x75, 0x02, 0x80, 0x01, 0x58, 0x00, 0x80, 0x02, 0x0C, 0x00, 0x03, 0x00, 0x04, 0x01, 0x60,
  0x02, 0xD4, 0x02, 0x80, 0x01, 0x58, 0x03, 0x78, 0x00, 0x01, 0x02, 0x0C, 0x00, 0x03, 0x00, 0x04,
  0x01, 0x60, 0x02, 0xDD, 0x02, 0x80, 0x01, 0x58, 0x03, 0x78, 0x00, 0x02, 0x02, 0x0C, 0x00, 0x03,
  0x00, 0x04, 0x01, 0x64, 0x02, 0x88, 0x02, 0xB7, 0x02, 0x75, 0x01, 0xC0, 0x02, 0x40, 0x01, 0x4F,
  0x02, 0xB8, 0x00, 0x01, 0x02, 0x40, 0x01, 0x58, 0x02, 0xB7, 0x02, 0x75, 0x00, 0x04, 0x01, 0x54,
  0x00, 0x97, 0x02, 0xB8, 0x91, 0x00, 0x02, 0x40, 0x03, 0x0B, 0x02, 0xB8, 0x00, 0xC0, 0x02, 0x40,
  0x01, 0x39, 0x00, 0x04, 0x01, 0x50, 0x01, 0xD9, 0x01, 0xC0, 0x02, 0x40, 0x01, 0x54, 0x02, 0x80,
  0x01, 0x20, 0x03, 0x78, 0x00, 0x14, 0x02, 0x06, 0x00, 0x04, 0x03, 0x38, 0x00, 0x14, 0x02, 0x40,
  0x01, 0x54, 0x01, 0xC0, 0x02, 0x40, 0x01, 0x60, 0x02, 0x40, 0x01, 0x5B, 0x02, 0xB8, 0x00, 0x14,
  0x02, 0x40, 0x01, 0x5F, 0x02, 0xB8, 0x00, 0x01, 0x02, 0x40, 0x01, 0x5C, 0x02, 0x80, 0x01, 0x54,
  0x02, 0xF8, 0x91, 0x00, 0x02, 0x40, 0x03, 0x11, 0x00, 0x04, 0x01, 0x54, 0x00, 0xB8, 0x02, 0xB8,
  0x02, 0xDC, 0x02, 0x40, 0x03, 0x3E, 0x02, 0xB8, 0x00, 0x01, 0x02, 0x40, 0x03, 0x3F, 0x02, 0x84,
  0x03, 0x3E, 0x02, 0xB8, 0x01, 0x60, 0x03, 0xC0, 0x03, 0x3F, 0x02, 0x60, 0x03, 0xF8, 0x00, 0x18,
  0x02, 0x60, 0x03, 0xF8, 0x00, 0x70, 0x02, 0x60, 0x03, 0xF8, 0x00, 0x28, 0x02, 0x60, 0x03, 0xF8,
  0x00, 0x68, 0x02, 0x60, 0x03, 0xF8, 0x00, 0x38, 0x02, 0x60, 0x03, 0xF8, 0x00, 0x48, 0x02, 0x60,
  0x03, 0xF8, 0x01, 0x48, 0x02, 0x60, 0x02, 0x60, 0x02, 0x60, 0x03, 0xF8, 0x00, 0x70, 0x02, 0x60,
  0x02, 0x60, 0x02, 0x60, 0x02, 0x60, 0x00, 0x34, 0x02, 0x60, 0x02, 0x60, 0x02, 0x60, 0x02, 0x60,
  0x00, 0x34, 0x02, 0x60, 0x02, 0x60, 0x00, 0x34, 0x02, 0x44, 0x03, 0x3E, 0x02, 0x80, 0x01, 0x2F,
  0x02, 0x40, 0x01, 0x1B, 0x00, 0x04, 0x01, 0x50, 0x03, 0x0C, 0x02, 0x80, 0x01, 0x21, 0x00, 0x80,
  0x02, 0x0C, 0x00, 0x50, 0x02, 0xB8, 0x02, 0xDC, 0x02, 0x40, 0x03, 0x3E, 0x02, 0xB8, 0x00, 0x02,
  0x02, 0x40, 0x03, 0x3F, 0x02, 0x84, 0x03, 0x3E, 0x02, 0xB8, 0x01, 0x68, 0x03, 0xC0, 0x03, 0x3F,
  0x02, 0x60, 0x03, 0xF8, 0x00, 0x10, 0x02, 0x60, 0x03, 0xF8, 0x00, 0xD0, 0x02, 0x60, 0x03, 0xF8,
  0x00, 0xD8, 0x02, 0x60, 0x03, 0xF8, 0x00, 0xD0, 0x02, 0x60, 0x03, 0xF8, 0x01, 0xA0, 0x02, 0x60,
  0x03, 0xF8, 0x01, 0x28, 0x02, 0x60, 0x03, 0xF8, 0x00, 0xB8, 0x02, 0x60, 0x02, 0x60, 0x03, 0xF8,
  0x00, 0xE8, 0x02, 0x60, 0x03, 0xF8, 0x00, 0xE8, 0x02, 0x60, 0x03, 0xF8, 0x01, 0x90, 0x02, 0x60,
  0x03, 0xF8, 0x01, 0x18, 0x02, 0x60, 0x03, 0xF8, 0x00, 0x78, 0x02, 0x60, 0x03, 0xF8, 0x00, 0xF0,
  0x02, 0x60, 0x03, 0xF8, 0x01, 0x78, 0x02, 0x60, 0x03, 0xF8, 0x01, 0xF8, 0x02, 0x60, 0x03, 0xF8,
  0x00, 0x18, 0x02, 0x60, 0x03, 0xF8, 0x00, 0x10, 0x02, 0x60, 0x03, 0xF8, 0x00, 0x40, 0x02, 0x60,
  0x02, 0x44, 0x03, 0x3E, 0x01, 0xC0, 0x02, 0x40, 0x01, 0x40, 0x02, 0xB8, 0x00, 0x02, 0x02, 0x40,
  0x01, 0x58, 0x02, 0xB7, 0x02, 0xB8, 0x91, 0x00, 0x02, 0x40, 0x03, 0x0B, 0x00, 0x04, 0x01, 0x50,
  0x03, 0x2E, 0x02, 0x80, 0x01, 0x21, 0x00, 0x80, 0x02, 0x0C, 0x00, 0x4C, 0x02, 0xB8, 0x02, 0xDC,
  0x02, 0x40, 0x03, 0x3E, 0x02, 0xB8, 0x00, 0x02, 0x02, 0x40, 0x03, 0x3F, 0x02, 0x84, 0x03, 0x3E,
  0x02, 0xB8, 0x01, 0x20, 0x03, 0xC0, 0x03, 0x3F, 0x02, 0x60, 0x03, 0xF8, 0x00, 0x68, 0x02, 0x60,
  0x03, 0xF8, 0x00, 0xD8, 0x02, 0x60, 0x03, 0xF8, 0x01, 0x90, 0x02, 0x60, 0x03, 0xF8, 0x01, 0x28,
  0x02, 0x60, 0x03, 0xF8, 0x00, 0xB8, 0x02, 0x60, 0x02, 0x60, 0x03, 0xF8, 0x00, 0xE8, 0x02, 0x60,
  0x03, 0xF8, 0x00, 0xE8, 0x02, 0x60, 0x03, 0xF8, 0x01, 0x90, 0x02, 0x60, 0x02, 0x60, 0x02, 0x60,
  0x03, 0xF8, 0x01, 0x18, 0x02, 0x60, 0x03, 0xF8, 0x00, 0x78, 0x02, 0x60, 0x03, 0xF8, 0x00, 0xF0,
  0x02, 0x60, 0x03, 0xF8, 0x01, 0x78, 0x02, 0x60, 0x03, 0xF8, 0x01, 0xF8, 0x02, 0x60, 0x03, 0xF8,
  0x00, 0x18, 0x02, 0x60, 0x03, 0xF8, 0x00, 0x10, 0x02, 0x60, 0x03, 0xF8, 0x00, 0x40, 0x02, 0x60,
  0x02, 0x44, 0x03, 0x3E, 0x01, 0xC0, 0x02, 0x40, 0x01, 0x40, 0x02, 0xB8, 0x00, 0x02, 0x02, 0x40,
  0x01, 0x58, 0x02, 0xB7, 0x02, 0x80, 0x03, 0x09, 0x03, 0x78, 0x00, 0x00, 0x02, 0x06, 0x00, 0x05,
  0x02, 0x40, 0x03, 0x0A, 0x00, 0x04, 0x01, 0x50, 0x03, 0x7F, 0x02, 0x80, 0x03, 0x09, 0x02, 0x40,
  0x03, 0x10, 0x01, 0xC0, 0x02, 0x40, 0x01, 0x40, 0x02, 0x40, 0x01, 0x17, 0x02, 0x80, 0x01, 0x40,
  0x03, 0x78, 0x00, 0x0A, 0x02, 0xB8, 0xFF, 0xFF, 0x02, 0x05, 0x00, 0x01, 0x00, 0x08, 0x02, 0x81,
  0x01, 0x17, 0x00, 0x89, 0x02, 0xB9, 0xFF, 0xFF, 0x02, 0x04, 0x00, 0x01, 0x00, 0x09, 0x01, 0x88,
  0x02, 0x04, 0x00, 0x9B, 0x02, 0xB8, 0x00, 0x24, 0x02, 0x40, 0x01, 0x1D, 0x01, 0xC0, 0x02, 0x40,
  0x01, 0x18, 0x00, 0x04, 0x01, 0x50, 0x03, 0xA1, 0x02, 0x80, 0x01, 0x21, 0x00, 0x80, 0x02, 0x0C,
  0x00, 0x06, 0x02, 0xB8, 0x00, 0x01, 0x02, 0x40, 0x01, 0x17, 0x02, 0x00, 0x00, 0x84, 0x00, 0x04,
  0x01, 0x50, 0x03, 0xD0, 0x02, 0x80, 0x01, 0x19, 0x03, 0x78, 0x00, 0x01, 0x02, 0x0C, 0x00, 0x06,
  0x02, 0xB8, 0x00, 0x01, 0x02, 0x40, 0x01, 0x17, 0x02, 0x00, 0x00, 0x75, 0x02, 0xB8, 0x9D, 0x40,
  0x02, 0x40, 0x03, 0x0B, 0x02, 0xB8, 0x00, 0x24, 0x02, 0x40, 0x01, 0x39, 0x00, 0x04, 0x01, 0x50,
  0x01, 0xD9, 0x02, 0x80, 0x03, 0x10, 0x00, 0x08, 0x02, 0x40, 0x03, 0x10, 0x00, 0x04, 0x01, 0x64,
  0x01, 0xB5, 0x02, 0x80, 0x01, 0x19, 0x00, 0x80, 0x02, 0x0C, 0x00, 0x5D, 0x02, 0x80, 0x01, 0x40,
  0x00, 0x08, 0x02, 0x40, 0x01, 0x57, 0x02, 0x80, 0x03, 0x10, 0x00, 0x10, 0x03, 0xB8, 0x00, 0xFF,
  0x02, 0x81, 0x01, 0x40, 0x00, 0x49, 0x02, 0xF9, 0x93, 0xD0, 0x02, 0x48, 0x02, 0x80, 0x03, 0x10,
  0x00, 0x10, 0x00, 0x40, 0x03, 0xB8, 0x00, 0xFF, 0x02, 0x81, 0x01, 0x40, 0x00, 0x49, 0x02, 0xF9,
  0x93, 0xD1, 0x02, 0x48, 0x01, 0xC0, 0x02, 0x40, 0x01, 0x56, 0x02, 0x80, 0x01, 0x20, 0x03, 0x78,
  0x00, 0x00, 0x02, 0x06, 0x00, 0x0E, 0x00, 0x81, 0x02, 0xF9, 0x9D, 0x3F, 0x02, 0x88, 0x03, 0xB8,
  0x00, 0xFF, 0x03, 0x78, 0x00, 0x2F, 0x02, 0x0C, 0x00, 0x04, 0x02, 0xB8, 0x00, 0x01, 0x02, 0x40,
  0x01, 0x56, 0x02, 0x80, 0x01, 0x56, 0x02, 0x81, 0x01, 0x40, 0x02, 0xF9, 0x93, 0xC0, 0x02, 0x48,
  0x02, 0x80, 0x01, 0x20, 0x02, 0x81, 0x01, 0x40, 0x02, 0xF9, 0x93, 0xB0, 0x02, 0x48, 0x02, 0x80,
  0x01, 0x57, 0x02, 0x40, 0x01, 0x60, 0x02, 0xB8, 0x00, 0x01, 0x02, 0x40, 0x01, 0x5B, 0x02, 0xB8,
  0x00, 0x13, 0x02, 0x40, 0x01, 0x5F, 0x02, 0xB8, 0x00, 0x07, 0x02, 0x40, 0x01, 0x5C, 0x02, 0xB8,
  0x9D, 0x40, 0x02, 0x40, 0x03, 0x11, 0x00, 0x04, 0x01, 0x54, 0x00, 0xB8, 0x02, 0x80, 0x01, 0x40,
  0x00, 0x08, 0x02, 0x40, 0x01, 0x40, 0x02, 0x20, 0x00, 0xAE, 0x02, 0x80, 0x03, 0x10, 0x02, 0x40,
  0x03, 0x08, 0x00, 0x04, 0x01, 0x50, 0x03, 0xF2, 0x02, 0x80, 0x01, 0x40, 0x02, 0x40, 0x01, 0x55,
  0x02, 0x80, 0x01, 0x55, 0x00, 0x08, 0x02, 0x40, 0x01, 0x60, 0x00, 0x04, 0x01, 0x54, 0x00, 0x9C,
  0x02, 0x80, 0x01, 0x55, 0x00, 0x08, 0x02, 0x40, 0x01, 0x55, 0x03, 0x78, 0x00, 0x09, 0x02, 0x26,
  0x00, 0x10, 0x02, 0x80, 0x01, 0x40, 0x00, 0x80, 0x02, 0xB8, 0xFF, 0xFF, 0x02, 0x04, 0x00, 0x01,
  0x00, 0x08, 0x02, 0x81, 0x01, 0x43, 0x03, 0x79, 0x00, 0x00, 0x02, 0xB9, 0xFF, 0xFF, 0x02, 0x0E,
  0x00, 0x01, 0x00, 0x09, 0x01, 0x88, 0x02, 0x04, 0x00, 0x08, 0x00, 0x04, 0x01, 0x68, 0x00, 0x4D,
  0x02, 0xB8, 0x00, 0x01, 0x02, 0x40, 0x01, 0x58, 0x02, 0xB7, 0x02, 0x80, 0x01, 0x40, 0x00, 0x80,
  0x02, 0x0C, 0x00, 0x45, 0x02, 0xB8, 0x02, 0xDC, 0x02, 0x40, 0x03, 0x3E, 0x02, 0xB8, 0x00, 0x01,
  0x02, 0x40, 0x03, 0x3F, 0x02, 0x84, 0x03, 0x3E, 0x02, 0xB8, 0x00, 0xE0, 0x03, 0xC0, 0x03, 0x3F,
  0x02, 0x60, 0x03, 0xF8, 0x01, 0xC8, 0x02, 0x60, 0x03, 0xF8, 0x00, 0x40, 0x02, 0x60, 0x03, 0xF8,
  0x00, 0xE8, 0x02, 0x60, 0x03, 0xF8, 0x00, 0x20, 0x02, 0x60, 0x03, 0xF8, 0x00, 0x68, 0x02, 0x60,
  0x03, 0xF8, 0x01, 0x38, 0x02, 0x60, 0x03, 0xF8, 0x00, 0xF0, 0x02, 0x60, 0x02, 0x60, 0x02, 0x60,
  0x02, 0x60, 0x00, 0x34, 0x02, 0x60, 0x03, 0xF8, 0x01, 0x18, 0x02, 0x60, 0x03, 0xF8, 0x00, 0x78,
  0x02, 0x60, 0x03, 0xF8, 0x00, 0xF0, 0x02, 0x60, 0x03, 0xF8, 0x01, 0x78, 0x02, 0x60, 0x03, 0xF8,
  0x01, 0xF8, 0x02, 0x60, 0x03, 0xF8, 0x00, 0x18, 0x02, 0x60, 0x03, 0xF8, 0x00, 0x10, 0x02, 0x60,
  0x03, 0xF8, 0x00, 0x40, 0x02, 0x60, 0x02, 0x44, 0x03, 0x3E, 0x02, 0x00, 0x00, 0x71, 0x02, 0xB8,
  0x02, 0xDC, 0x02, 0x40, 0x03, 0x3E, 0x02, 0xB8, 0x00, 0x01, 0x02, 0x40, 0x03, 0x3F, 0x02, 0x84,
  0x03, 0x3E, 0x02, 0xB8, 0x00, 0x88, 0x03, 0xC0, 0x03, 0x3F, 0x02, 0x60, 0x03, 0xF8, 0x00, 0x60,
  0x02, 0x60, 0x03, 0xF8, 0x01, 0x40, 0x02, 0x60, 0x03, 0xF8, 0x00, 0x28, 0x02, 0x60, 0x03, 0xF8,
  0x01, 0x80, 0x02, 0x60, 0x03, 0xF8, 0x00, 0x90, 0x02, 0x60, 0x03, 0xF8, 0x00, 0x78, 0x02, 0x60,
  0x03, 0xF8, 0x01, 0x68, 0x02, 0x60, 0x03, 0xF8, 0x00, 0x10, 0x02, 0x60, 0x03, 0xF8, 0x00, 0x20,
  0x02, 0x60, 0x03, 0xF8, 0x01, 0xB0, 0x02, 0x60, 0x03, 0xF8, 0x00, 0x98, 0x02, 0x60, 0x03, 0xF8,
  0x00, 0x70, 0x02, 0x60, 0x03, 0xF8, 0x01, 0x98, 0x02, 0x60, 0x03, 0xF8, 0x00, 0xB0, 0x02, 0x60,
  0x03, 0xF8, 0x00, 0x60, 0x02, 0x60, 0x03, 0xF8, 0x01, 0xA0, 0x02, 0x60, 0x03, 0xF8, 0x01, 0x18,
  0x02, 0x60, 0x03, 0xF8, 0x00, 0x78, 0x02, 0x60, 0x03, 0xF8, 0x00, 0xF0, 0x02, 0x60, 0x02, 0x44,
  0x03, 0x3E, 0x01, 0xC0, 0x02, 0x40, 0x01, 0x4F, 0x02, 0xB8, 0x00, 0x01, 0x02, 0x40, 0x01, 0x60,
  0x02, 0x40, 0x01, 0x5B, 0x02, 0xB8, 0x00, 0x13, 0x02, 0x40, 0x01, 0x5F, 0x02, 0xB8, 0x00, 0x06,
  0x02, 0x40, 0x01, 0x5C, 0x00, 0x04, 0x01, 0x54, 0x01, 0x4C, 0x02, 0xB8, 0x00, 0x01, 0x02, 0x40,
  0x01, 0x4D, 0x02, 0x40, 0x01, 0x45, 0x02, 0xB8, 0x00, 0x13, 0x02, 0x40, 0x01, 0x4B, 0x02, 0xB8,
  0x00, 0x06, 0x02, 0x40, 0x01, 0x46, 0x01, 0xC0, 0x02, 0x40, 0x01, 0x44, 0x02, 0x40, 0x01, 0x49,
  0x02, 0xB8, 0x00, 0x02, 0x02, 0x40, 0x01, 0x58, 0x02, 0xB7, 0x02, 0x75, 0x01, 0xC0, 0x02, 0x40,
  0x01, 0x19, 0x02, 0x80, 0x01, 0x20, 0x03, 0x78, 0x00, 0x04, 0x02, 0x05, 0x00, 0x54, 0x00, 0x81,
  0x02, 0xF9, 0x9D, 0x3C, 0x02, 0x88, 0x02, 0x40, 0x01, 0x50, 0x00, 0x04, 0x01, 0x64, 0x02, 0x14,
  0x02, 0x81, 0x01, 0x20, 0x02, 0xF9, 0x9D, 0x3D, 0x02, 0x88, 0x02, 0x40, 0x01, 0x51, 0x00, 0x04,
  0x01, 0x64, 0x02, 0x31, 0x02, 0x81, 0x01, 0x20, 0x02, 0xF9, 0x9D, 0x3E, 0x02, 0x88, 0x02, 0x40,
  0x01, 0x52, 0x00, 0x04, 0x01, 0x64, 0x02, 0x4E, 0x02, 0x81, 0x01, 0x20, 0x02, 0xF9, 0x9D, 0x3F,
  0x02, 0x88, 0x02, 0x40, 0x01, 0x53, 0x00, 0x04, 0x01, 0x64, 0x02, 0x6B, 0x02, 0x80, 0x01, 0x50,
  0x03, 0x78, 0x00, 0x2E, 0x02, 0xB8, 0xFF, 0xFF, 0x02, 0x04, 0x00, 0x01, 0x00, 0x08, 0x02, 0x81,
  0x01, 0x51, 0x03, 0x79, 0x00, 0x63, 0x02, 0xB9, 0xFF, 0xFF, 0x02, 0x04, 0x00, 0x01, 0x00, 0x09,
  0x01, 0x88, 0x02, 0x81, 0x01, 0x52, 0x03, 0x79, 0x00, 0x66, 0x02, 0xB9, 0xFF, 0xFF, 0x02, 0x04,
  0x00, 0x01, 0x00, 0x09, 0x01, 0x88, 0x02, 0x81, 0x01, 0x53, 0x03, 0x79, 0x00, 0x67, 0x02, 0xB9,
  0xFF, 0xFF, 0x02, 0x04, 0x00, 0x01, 0x00, 0x09, 0x01, 0x88, 0x02, 0x04, 0x00, 0x04, 0x02, 0xB8,
  0x00, 0x01, 0x02, 0x40, 0x01, 0x19, 0x02, 0xB7, 0x02, 0x75, 0x02, 0x80, 0x01, 0x50, 0x03, 0x78,
  0x00, 0x41, 0x02, 0xB8, 0xFF, 0xFF, 0x02, 0x0D, 0x00, 0x01, 0x00, 0x08, 0x02, 0x81, 0x01, 0x50,
  0x03, 0x79, 0x00, 0x5A, 0x02, 0xB9, 0xFF, 0xFF, 0x02, 0x06, 0x00, 0x01, 0x00, 0x09, 0x01, 0x88,
  0x02, 0x04, 0x00, 0x06, 0x02, 0x80, 0x01, 0x50, 0x02, 0xF8, 0x00, 0x20, 0x02, 0x40, 0x01, 0x50,
  0x02, 0xB7, 0x02, 0x75, 0x02, 0x80, 0x01, 0x51, 0x03, 0x78, 0x00, 0x41, 0x02, 0xB8, 0xFF, 0xFF,
  0x02, 0x0D, 0x00, 0x01, 0x00, 0x08, 0x02, 0x81, 0x01, 0x51, 0x03, 0x79, 0x00, 0x5A, 0x02, 0xB9,
  0xFF, 0xFF, 0x02, 0x06, 0x00, 0x01, 0x00, 0x09, 0x01, 0x88, 0x02, 0x04, 0x00, 0x06, 0x02, 0x80,
  0x01, 0x51, 0x02, 0xF8, 0x00, 0x20, 0x02, 0x40, 0x01, 0x51, 0x02, 0xB7, 0x02, 0x75, 0x02, 0x80,
  0x01, 0x52, 0x03, 0x78, 0x00, 0x41, 0x02, 0xB8, 0xFF, 0xFF, 0x02, 0x0D, 0x00, 0x01, 0x00, 0x08,
  0x02, 0x81, 0x01, 0x52, 0x03, 0x79, 0x00, 0x5A, 0x02, 0xB9, 0xFF, 0xFF, 0x02, 0x06, 0x00, 0x01,
  0x00, 0x09, 0x01, 0x88, 0x02, 0x04, 0x00, 0x06, 0x02, 0x80, 0x01, 0x52, 0x02, 0xF8, 0x00, 0x20,
  0x02, 0x40, 0x01, 0x52, 0x02, 0xB7, 0x02, 0x75, 0x02, 0x80, 0x01, 0x53, 0x03, 0x78, 0x00, 0x41,
  0x02, 0xB8, 0xFF, 0xFF, 0x02, 0x0D, 0x00, 0x01, 0x00, 0x08, 0x02, 0x81, 0x01, 0x53, 0x03, 0x79,
  0x00, 0x5A, 0x02, 0xB9, 0xFF, 0xFF, 0x02, 0x06, 0x00, 0x01, 0x00, 0x09, 0x01, 0x88, 0x02, 0x04,
  0x00, 0x06, 0x02, 0x80, 0x01, 0x53, 0x02, 0xF8, 0x00, 0x20, 0x02, 0x40, 0x01, 0x53, 0x02, 0xB7,
  0x02, 0x75, 0x00, 0x04, 0x01, 0x54, 0x02, 0x6D, 0x02, 0x80, 0x01, 0x33, 0x03, 0x78, 0x00, 0x04,
  0x02, 0xB8, 0xFF, 0xFF, 0x02, 0x04, 0x00, 0x01, 0x00, 0x08, 0x02, 0x81, 0x01, 0x4F, 0x03, 0x79,
  0x00, 0x00, 0x02, 0xB9, 0xFF, 0xFF, 0x02, 0x0E, 0x00, 0x01, 0x00, 0x09, 0x01, 0x88, 0x02, 0x04,
  0x00, 0x03, 0x00, 0x04, 0x01, 0x64, 0x03, 0x09, 0x02, 0x80, 0x01, 0x4F, 0x02, 0x81, 0x01, 0x40,
  0x00, 0x11, 0x01, 0x48, 0x02, 0xB8, 0xFF, 0xFF, 0x02, 0x05, 0x00, 0x01, 0x00, 0x08, 0x02, 0x81,
  0x01, 0x33, 0x03, 0x79, 0x00, 0x01, 0x02, 0xB9, 0xFF, 0xFF, 0x02, 0x04, 0x00, 0x01, 0x00, 0x09,
  0x01, 0x88, 0x02, 0x04, 0x00, 0x03, 0x00, 0x04, 0x01, 0x64, 0x03, 0x5C, 0x02, 0x80, 0x01, 0x34,
  0x03, 0x78, 0x00, 0x01, 0x02, 0x0C, 0x00, 0x04, 0x00, 0x04, 0x01, 0x64, 0x03, 0xAF, 0x02, 0xB7,
  0x02, 0x80, 0x01, 0x34, 0x03, 0x78, 0x00, 0x02, 0x02, 0x0C, 0x00, 0x04, 0x00, 0x04, 0x01, 0x64,
  0x03, 0xF9, 0x02, 0xB7, 0x02, 0x80, 0x01, 0x34, 0x03, 0x78, 0x00, 0x03, 0x02, 0x0C, 0x00, 0x04,
  0x00, 0x04, 0x01, 0x68, 0x00, 0x08, 0x02, 0xB7, 0x02, 0x80, 0x01, 0x34, 0x03, 0x78, 0x00, 0x0A,
  0x02, 0x0C, 0x00, 0x05, 0x02, 0xB8, 0x00, 0x03, 0x02, 0x40, 0x01, 0x59, 0x02, 0xB7, 0x02, 0x80,
  0x01, 0x32, 0x00, 0x80, 0x02, 0xB8, 0xFF, 0xFF, 0x02, 0x0C, 0x00, 0x01, 0x00, 0x08, 0x02, 0x81,
  0x01, 0x40, 0x03, 0x79, 0x00, 0x00, 0x02, 0xB9, 0xFF, 0xFF, 0x02, 0x0E, 0x00, 0x01, 0x00, 0x09,
  0x01, 0x88, 0x02, 0x04, 0x00, 0x04, 0x00, 0x04, 0x01, 0x68, 0x00, 0x6A, 0x02, 0xB7, 0x02, 0x80,
  0x01, 0x40, 0x03, 0x78, 0x00, 0x00, 0x02, 0x06, 0x00, 0x03, 0x00, 0x04, 0x01, 0x54, 0x01, 0xD9,
  0x02, 0xB7, 0x02, 0x75, 0x02, 0x80, 0x01, 0x4F, 0x00, 0x08, 0x02, 0x40, 0x01, 0x4D, 0x02, 0xB8,
  0x00, 0x01, 0x02, 0x40, 0x01, 0x45, 0x02, 0xB8, 0x00, 0x13, 0x02, 0x40, 0x01, 0x4B, 0x02, 0xB8,
  0x00, 0x07, 0x02, 0x40, 0x01, 0x46, 0x00, 0x04, 0x01, 0x54, 0x02, 0x52, 0x02, 0x80, 0x01, 0x4D,
  0x02, 0x40, 0x01, 0x60, 0x02, 0xB8, 0x00, 0x01, 0x02, 0x40, 0x01, 0x5B, 0x02, 0xB8, 0x00, 0x13,
  0x02, 0x40, 0x01, 0x5F, 0x02, 0xB8, 0x00, 0x07, 0x02, 0x40, 0x01, 0x5C, 0x00, 0x04, 0x01, 0x54,
  0x01, 0x4C, 0x02, 0x80, 0x01, 0x4F, 0x00, 0x10, 0x02, 0x40, 0x01, 0x4F, 0x02, 0x80, 0x01, 0x4F,
  0x00, 0x08, 0x02, 0x40, 0x01, 0x60, 0x02, 0xB8, 0x00, 0x01, 0x02, 0x40, 0x01, 0x5B, 0x02, 0xB8,
  0x00, 0x13, 0x02, 0x40, 0x01, 0x5F, 0x02, 0xB8, 0x00, 0x06, 0x02, 0x40, 0x01, 0x5C, 0x00, 0x04,
  0x01, 0x54, 0x01, 0x4C, 0x02, 0x80, 0x01, 0x4F, 0x00, 0x08, 0x02, 0x40, 0x01, 0x4D, 0x02, 0xB8,
  0x00, 0x01, 0x02, 0x40, 0x01, 0x45, 0x02, 0xB8, 0x00, 0x13, 0x02, 0x40, 0x01, 0x4B, 0x02, 0xB8,
  0x00, 0x06, 0x02, 0x40, 0x01, 0x46, 0x02, 0xB7, 0x02, 0x75, 0x02, 0x80, 0x01, 0x4F, 0x00, 0x08,
  0x02, 0x40, 0x01, 0x4D, 0x02, 0xB8, 0x00, 0x01, 0x02, 0x40, 0x01, 0x45, 0x02, 0xB8, 0x00, 0x13,
  0x02, 0x40, 0x01, 0x4B, 0x02, 0xB8, 0x00, 0x07, 0x02, 0x40, 0x01, 0x46, 0x00, 0x04, 0x01, 0x54,
  0x02, 0x52, 0x02, 0x80, 0x01, 0x4D, 0x02, 0x40, 0x01, 0x60, 0x02, 0xB8, 0x00, 0x01, 0x02, 0x40,
  0x01, 0x5B, 0x02, 0xB8, 0x00, 0x13, 0x02, 0x40, 0x01, 0x5F, 0x02, 0xB8, 0x00, 0x07, 0x02, 0x40,
  0x01, 0x5C, 0x00, 0x04, 0x01, 0x54, 0x01, 0x4C, 0x02, 0x80, 0x01, 0x4F, 0x00, 0x08, 0x02, 0x40,
  0x01, 0x4F, 0x02, 0x80, 0x01, 0x4F, 0x00, 0x08, 0x02, 0x40, 0x01, 0x60, 0x02, 0xB8, 0x00, 0x01,
  0x02, 0x40, 0x01, 0x5B, 0x02, 0xB8, 0x00, 0x13, 0x02, 0x40, 0x01, 0x5F, 0x02, 0xB8, 0x00, 0x06,
  0x02, 0x40, 0x01, 0x5C, 0x00, 0x04, 0x01, 0x54, 0x01, 0x4C, 0x02, 0x80, 0x01, 0x4F, 0x00, 0x08,
  0x02, 0x40, 0x01, 0x4D, 0x02, 0xB8, 0x00, 0x01, 0x02, 0x40, 0x01, 0x45, 0x02, 0xB8, 0x00, 0x13,
  0x02, 0x40, 0x01, 0x4B, 0x02, 0xB8, 0x00, 0x06, 0x02, 0x40, 0x01, 0x46, 0x02, 0xB7, 0x02, 0x75,
  0x02, 0xB8, 0x91, 0x00, 0x02, 0x40, 0x03, 0x0B, 0x02, 0xB8, 0x00, 0xC0, 0x02, 0x40, 0x01, 0x39,
  0x00, 0x04, 0x01, 0x50, 0x01, 0xD9, 0x02, 0x80, 0x01, 0x20, 0x03, 0x78, 0x00, 0x01, 0x02, 0x0E,
  0x00, 0x01, 0x02, 0xB7, 0x02, 0x80, 0x01, 0x20, 0x03, 0x38, 0x00, 0x02, 0x02, 0x40, 0x01, 0x55,
  0x02, 0x80, 0x01, 0x55, 0x03, 0x78, 0x00, 0x00, 0x02, 0xB8, 0xFF, 0xFF, 0x02, 0x0E, 0x00, 0x01,
  0x00, 0x08, 0x02, 0x81, 0x01, 0x55, 0x02, 0xF9, 0x91, 0x00, 0x02, 0x89, 0x03, 0xB9, 0x00, 0xFF,
  0x03, 0x79, 0x00, 0x2F, 0x02, 0xB9, 0xFF, 0xFF, 0x02, 0x0C, 0x00, 0x01, 0x00, 0x09, 0x01, 0x88,
  0x02, 0x04, 0x00, 0x07, 0x02, 0x80, 0x01, 0x55, 0x00, 0x10, 0x02, 0x40, 0x01, 0x55, 0x02, 0x20,
  0x00, 0x20, 0x01, 0xC0, 0x02, 0x81, 0x01, 0x55, 0x02, 0xF9, 0x91, 0x01, 0x02, 0x48, 0x02, 0x40,
  0x03, 0x09, 0x00, 0x34, 0x02, 0x40, 0x01, 0x43, 0x02, 0xB8, 0x00, 0x01, 0x02, 0x40, 0x01, 0x58,
  0x02, 0xB7, 0x02, 0x75, 0x02, 0x80, 0x01, 0x43, 0x03, 0x78, 0x00, 0x00, 0x02, 0x06, 0x00, 0x07,
  0x00, 0x04, 0x01, 0x68, 0x00, 0x4D, 0x02, 0xB8, 0x00, 0x01, 0x02, 0x40, 0x01, 0x58, 0x02, 0xB7,
  0x02, 0x75, 0x02, 0x80, 0x01, 0x17, 0x03, 0x78, 0x00, 0x01, 0x02, 0xB8, 0xFF, 0xFF, 0x02, 0x04,
  0x00, 0x01, 0x00, 0x08, 0x02, 0x81, 0x01, 0x40, 0x03, 0x79, 0x00, 0x0A, 0x02, 0xB9, 0xFF, 0xFF,
  0x02, 0x05, 0x00, 0x01, 0x00, 0x09, 0x01, 0x88, 0x02, 0x04, 0x00, 0x01, 0x02, 0xB7, 0x00, 0x04,
  0x01, 0x68, 0x00, 0x2B, 0x02, 0x80, 0x03, 0x08, 0x02, 0x40, 0x03, 0x09, 0x02, 0xB8, 0x00, 0x01,
  0x02, 0x40, 0x01, 0x58, 0x02, 0xB7, 0x02, 0x75, 0x02, 0x80, 0x01, 0x43, 0x03, 0x78, 0x00, 0x0A,
  0x02, 0x0D, 0x00, 0x1A, 0x02, 0x80, 0x03, 0x09, 0x03, 0xB8, 0x00, 0xFF, 0x02, 0x81, 0x01, 0x43,
  0x00, 0x49, 0x02, 0xF9, 0x93, 0xF0, 0x02, 0x48, 0x02, 0x80, 0x03, 0x09, 0x00, 0x40, 0x03, 0xB8,
  0x00, 0xFF, 0x02, 0x81, 0x01, 0x43, 0x00, 0x49, 0x02, 0xF9, 0x93, 0xF1, 0x02, 0x48, 0x02, 0x80,
  0x01, 0x43, 0x00, 0x08, 0x02, 0x40, 0x01, 0x43, 0x02, 0xB7, 0x02, 0x75, 0x02, 0x80, 0x01, 0x43,
  0x00, 0x10, 0x02, 0x40, 0x01, 0x43, 0x02, 0x81, 0x01, 0x43, 0x00, 0x49, 0x02, 0xF9, 0x93, 0xF0,
  0x02, 0x88, 0x03, 0xB8, 0x00, 0xFF, 0x02, 0x81, 0x01, 0x43, 0x00, 0x49, 0x02, 0xF9, 0x93, 0xF1,
  0x02, 0x89, 0x03, 0xB9, 0x00, 0xFF, 0x00, 0x41, 0x03, 0xB9, 0xFF, 0x00, 0x00, 0xC8, 0x02, 0x40,
  0x03, 0x09, 0x02, 0xB7, 0x02, 0x75, 0x02, 0x81, 0x01, 0x4F, 0x02, 0xF9, 0x93, 0xC0, 0x02, 0x88,
  0x02, 0x40, 0x01, 0x56, 0x02, 0x80, 0x01, 0x56, 0x03, 0x78, 0x00, 0x01, 0x02, 0x0C, 0x00, 0x05,
  0x00, 0x04, 0x01, 0x68, 0x00, 0xBF, 0x02, 0x00, 0x00, 0x03, 0x00, 0x04, 0x01, 0x68, 0x01, 0x13,
  0x02, 0xB7, 0x02, 0x75, 0x02, 0x80, 0x01, 0x2F, 0x02, 0x40, 0x01, 0x1B, 0x00, 0x04, 0x01, 0x50,
  0x03, 0x0C, 0x02, 0x80, 0x01, 0x21, 0x00, 0x80, 0x02, 0x0C, 0x00, 0x01, 0x02, 0xB7, 0x02, 0xB8,
  0x91, 0x00, 0x02, 0x40, 0x03, 0x0B, 0x00, 0x04, 0x01, 0x50, 0x03, 0x2E, 0x02, 0x80, 0x01, 0x21,
  0x00, 0x80, 0x02, 0x0C, 0x00, 0x01, 0x02, 0xB7, 0x02, 0x81, 0x01, 0x4F, 0x00, 0x49, 0x02, 0xF9,
  0x93, 0xD0, 0x02, 0x88, 0x03, 0xB8, 0x00, 0xFF, 0x02, 0x81, 0x01, 0x4F, 0x00, 0x49, 0x02, 0xF9,
  0x93, 0xD1, 0x02, 0x89, 0x03, 0xB9, 0x00, 0xFF, 0x00, 0x41, 0x03, 0xB9, 0xFF, 0x00, 0x00, 0xC8,
  0x02, 0x40, 0x03, 0x0A, 0x00, 0x04, 0x01, 0x50, 0x03, 0x7F, 0x01, 0xC0, 0x02, 0x40, 0x01, 0x18,
  0x00, 0x04, 0x01, 0x50, 0x03, 0xA1, 0x00, 0x04, 0x01, 0x50, 0x03, 0xF2, 0x02, 0xB7, 0x02, 0x75,
  0x02, 0xB8, 0x00, 0x80, 0x02, 0x40, 0x01, 0x1D, 0x00, 0x04, 0x01, 0x68, 0x00, 0x81, 0x02, 0x80,
  0x01, 0x21, 0x00, 0x80, 0x02, 0x0C, 0x00, 0x01, 0x02, 0xB7, 0x02, 0xB8, 0x91, 0x00, 0x02, 0x40,
  0x03, 0x0B, 0x02, 0xB8, 0x00, 0xC0, 0x02, 0x40, 0x01, 0x39, 0x00, 0x04, 0x01, 0x50, 0x01, 0xD9,
  0x02, 0x80, 0x01, 0x20, 0x02, 0x40, 0x01, 0x54, 0x02, 0xB8, 0x9D, 0x40, 0x02, 0x40, 0x03, 0x0B,
  0x02, 0xB8, 0x00, 0x80, 0x02, 0x40, 0x01, 0x39, 0x00, 0x04, 0x01, 0x50, 0x01, 0xD9, 0x02, 0x80,
  0x01, 0x54, 0x02, 0xC0, 0x01, 0x20, 0x03, 0x78, 0x00, 0xBE, 0x02, 0x0D, 0x00, 0x1A, 0x01, 0xC0,
  0x02, 0x40, 0x01, 0x55, 0x02, 0x81, 0x01, 0x55, 0x02, 0xF9, 0x9D, 0x40, 0x02, 0x88, 0x03, 0xB8,
  0x00, 0xFF, 0x02, 0x81, 0x01, 0x54, 0x02, 0xF9, 0x91, 0x00, 0x02, 0xC1, 0x01, 0x55, 0x02, 0x48,
  0x02, 0x80, 0x01, 0x55, 0x00, 0x08, 0x02, 0x40, 0x01, 0x55, 0x03, 0x40, 0x01, 0x20, 0x02, 0x26,
  0x00, 0x16, 0x01, 0xC0, 0x02, 0x40, 0x03, 0x09, 0x02, 0x40, 0x01, 0x43, 0x02, 0xB8, 0x00, 0x01,
  0x02, 0x40, 0x01, 0x58, 0x02, 0xB7, 0x02, 0x75, 0x02, 0xB8, 0x00, 0x80, 0x02, 0x40, 0x01, 0x1D,
  0x00, 0x04, 0x01, 0x68, 0x00, 0x81, 0x02, 0x80, 0x01, 0x21, 0x00, 0x80, 0x02, 0x0C, 0x00, 0x01,
  0x02, 0xB7, 0x02, 0xB8, 0x91, 0x00, 0x02, 0x40, 0x03, 0x0B, 0x02, 0xB8, 0x00, 0xC0, 0x02, 0x40,
  0x01, 0x39, 0x00, 0x04, 0x01, 0x50, 0x01, 0xD9, 0x01, 0xC0, 0x02, 0x40, 0x01, 0x55, 0x02, 0x81,
  0x01, 0x55, 0x02, 0xF9, 0x91, 0x00, 0x02, 0x88, 0x03, 0xB8, 0x00, 0xFF, 0x02, 0x81, 0x01, 0x55,
  0x02, 0xF9, 0x94, 0x10, 0x02, 0x48, 0x02, 0x80, 0x01, 0x55, 0x00, 0x08, 0x02, 0x40, 0x01, 0x55,
  0x02, 0x81, 0x01, 0x20, 0x00, 0x11, 0x01, 0x48, 0x02, 0x26, 0x00, 0x16, 0x02, 0x80, 0x01, 0x20,
  0x02, 0x40, 0x01, 0x54, 0x02, 0xB8, 0x9D, 0x40, 0x02, 0x40, 0x03, 0x0B, 0x02, 0xB8, 0x00, 0x80,
  0x02, 0x40, 0x01, 0x39, 0x00, 0x04, 0x01, 0x50, 0x01, 0xD9, 0x01, 0xC0, 0x02, 0x40, 0x01, 0x55,
  0x02, 0x81, 0x01, 0x55, 0x02, 0xF9, 0x9D, 0x40, 0x02, 0x88, 0x03, 0xB8, 0x00, 0xFF, 0x02, 0x81,
  0x01, 0x54, 0x02, 0xF9, 0x94, 0x10, 0x02, 0xC1, 0x01, 0x55, 0x02, 0x48, 0x02, 0x80, 0x01, 0x55,
  0x00, 0x08, 0x02, 0x40, 0x01, 0x55, 0x03, 0x40, 0x01, 0x20, 0x02, 0x26, 0x00, 0x16, 0x02, 0xB8,
  0x00, 0x07, 0x02, 0x40, 0x01, 0x58, 0x02, 0xB8, 0x00, 0x06, 0x02, 0x40, 0x01, 0x59, 0x02, 0xB7,
  0x02, 0x75, 0x02, 0xB8, 0x00, 0x80, 0x02, 0x40, 0x01, 0x1D, 0x00, 0x04, 0x01, 0x68, 0x00, 0x81,
  0x02, 0x80, 0x01, 0x21, 0x00, 0x80, 0x02, 0x0C, 0x00, 0x03, 0x02, 0x40, 0x01, 0x4A, 0x02, 0xB7,
  0x02, 0xB8, 0x9D, 0x40, 0x02, 0x40, 0x03, 0x0B, 0x02, 0xB8, 0x00, 0x80, 0x02, 0x40, 0x01, 0x39,
  0x00, 0x04, 0x01, 0x50, 0x01, 0xD9, 0x01, 0xC0, 0x02, 0x40, 0x01, 0x55, 0x02, 0x81, 0x01, 0x55,
  0x02, 0xF9, 0x9D, 0x40, 0x02, 0x88, 0x03, 0xB8, 0x00, 0xFF, 0x02, 0x81, 0x01, 0x55, 0x02, 0xF9,
  0x91, 0xC0, 0x02, 0x48, 0x02, 0x80, 0x01, 0x55, 0x00, 0x08, 0x02, 0x40, 0x01, 0x55, 0x03, 0x40,
  0x01, 0x20, 0x02, 0x26, 0x00, 0x14, 0x02, 0x80, 0x01, 0x20, 0x02, 0x40, 0x01, 0x4A, 0x02, 0xB7,
  0x02, 0x75, 0x02, 0x80, 0x01, 0x30, 0x00, 0x80, 0x02, 0x0C, 0x01, 0x4F, 0x00, 0x04, 0x01, 0x54,
  0x00, 0x97, 0x02, 0xB8, 0x02, 0x00, 0x02, 0x40, 0x03, 0x3E, 0x02, 0xB8, 0x00, 0x07, 0x02, 0x40,
  0x03, 0x3F, 0x02, 0x84, 0x03, 0x3E, 0x02, 0xB8, 0x01, 0x30, 0x03, 0xC0, 0x03, 0x3F, 0x02, 0x60,
  0x03, 0xF8, 0x00, 0x98, 0x02, 0x60, 0x03, 0xF8, 0x00, 0xF8, 0x02, 0x60, 0x03, 0xF8, 0x00, 0x18,
  0x02, 0x60, 0x03, 0xF8, 0x00, 0x38, 0x02, 0x60, 0x03, 0xF8, 0x00, 0x58, 0x02, 0x60, 0x03, 0xF8,
  0x00, 0x88, 0x02, 0x60, 0x03, 0xF8, 0x01, 0xA0, 0x02, 0x60, 0x03, 0xF8, 0x01, 0x48, 0x02, 0x60,
  0x03, 0xF8, 0x00, 0x38, 0x02, 0x60, 0x03, 0xF8, 0x00, 0x40, 0x02, 0x60, 0x03, 0xF8, 0x00, 0x48,
  0x02, 0x60, 0x02, 0x44, 0x03, 0x3E, 0x00, 0x04, 0x01, 0x50, 0x01, 0xFD, 0x02, 0x80, 0x01, 0x21,
  0x00, 0x80, 0x02, 0x0C, 0x00, 0x38, 0x02, 0xB8, 0x02, 0x3E, 0x02, 0x40, 0x03, 0x3E, 0x02, 0xB8,
  0x00, 0x02, 0x02, 0x40, 0x03, 0x3F, 0x02, 0x84, 0x03, 0x3E, 0x02, 0xB8, 0x01, 0x68, 0x03, 0xC0,
  0x03, 0x3F, 0x02, 0x60, 0x03, 0xF8, 0x00, 0x60, 0x02, 0x60, 0x03, 0xF8, 0x00, 0x40, 0x02, 0x60,
  0x03, 0xF8, 0x00, 0x28, 0x02, 0x60, 0x03, 0xF8, 0x00, 0x70, 0x02, 0x60, 0x03, 0xF8, 0x00, 0x68,
  0x02, 0x60, 0x03, 0xF8, 0x00, 0xB8, 0x02, 0x60, 0x03, 0xF8, 0x01, 0xC0, 0x02, 0x60, 0x03, 0xF8,
  0x01, 0x28, 0x02, 0x60, 0x03, 0xF8, 0x00, 0xB8, 0x02, 0x60, 0x02, 0x60, 0x03, 0xF8, 0x00, 0xE8,
  0x02, 0x60, 0x03, 0xF8, 0x00, 0xE8, 0x02, 0x60, 0x02, 0x44, 0x03, 0x3E, 0x02, 0xB8, 0x00, 0x01,
  0x02, 0x40, 0x01, 0x30, 0x02, 0xB7, 0x02, 0xB8, 0x02, 0x28, 0x02, 0x40, 0x03, 0x3E, 0x02, 0xB8,
  0x00, 0x01, 0x02, 0x40, 0x03, 0x3F, 0x02, 0x84, 0x03, 0x3E, 0x02, 0xB8, 0x01, 0x98, 0x03, 0xC0,
  0x03, 0x3F, 0x02, 0x60, 0x02, 0x60, 0x03, 0xF8, 0x00, 0xD0, 0x02, 0x60, 0x03, 0xF8, 0x00, 0x68,
  0x02, 0x60, 0x03, 0xF8, 0x01, 0xF0, 0x02, 0x60, 0x02, 0x44, 0x03, 0x3E, 0x02, 0xB8, 0x00, 0x03,
  0x02, 0x40, 0x01, 0x60, 0x02, 0xB8, 0x00, 0x02, 0x02, 0x40, 0x01, 0x5B, 0x02, 0xB8, 0x00, 0x11,
  0x02, 0x40, 0x01, 0x5F, 0x02, 0xB8, 0x00, 0x07, 0x02, 0x40, 0x01, 0x5C, 0x02, 0xB8, 0x9D, 0x40,
  0x02, 0x40, 0x03, 0x11, 0x00, 0x04, 0x01, 0x54, 0x00, 0xB8, 0x02, 0xB8, 0x02, 0x50, 0x02, 0x40,
  0x03, 0x3E, 0x02, 0xB8, 0x00, 0x01, 0x02, 0x40, 0x03, 0x3F, 0x02, 0x84, 0x03, 0x3E, 0x02, 0xB8,
  0x01, 0x48, 0x03, 0xC0, 0x03, 0x3F, 0x02, 0x60, 0x03, 0xF8, 0x00, 0xC8, 0x02, 0x60, 0x03, 0xF8,
  0x01, 0x50, 0x02, 0x60, 0x02, 0x44, 0x03, 0x3E, 0x02, 0xB8, 0x00, 0x05, 0x02, 0x40, 0x01, 0x60,
  0x02, 0xB8, 0x00, 0x02, 0x02, 0x40, 0x01, 0x5B, 0x02, 0xB8, 0x00, 0x11, 0x02, 0x40, 0x01, 0x5F,
  0x02, 0xB8, 0x00, 0x07, 0x02, 0x40, 0x01, 0x5C, 0x02, 0xB8, 0x9D, 0xCC, 0x02, 0x40, 0x03, 0x11,
  0x00, 0x04, 0x01, 0x54, 0x00, 0xB8, 0x02, 0xB8, 0x02, 0x78, 0x02, 0x40, 0x03, 0x3E, 0x02, 0xB8,
  0x00, 0x01, 0x02, 0x40, 0x03, 0x3F, 0x02, 0x84, 0x03, 0x3E, 0x02, 0xB8, 0x01, 0xB0, 0x03, 0xC0,
  0x03, 0x3F, 0x02, 0x60, 0x03, 0xF8, 0x00, 0x98, 0x02, 0x60, 0x03, 0xF8, 0x00, 0xB8, 0x02, 0x60,
  0x03, 0xF8, 0x00, 0x08, 0x02, 0x60, 0x03, 0xF8, 0x00, 0xD0, 0x02, 0x60, 0x03, 0xF8, 0x00, 0x30,
  0x02, 0x60, 0x03, 0xF8, 0x00, 0x08, 0x02, 0x60, 0x03, 0xF8, 0x01, 0xA0, 0x02, 0x60, 0x02, 0x44,
  0x03, 0x3E, 0x02, 0xB8, 0x00, 0x07, 0x02, 0x40, 0x01, 0x60, 0x02, 0xB8, 0x00, 0x02, 0x02, 0x40,
  0x01, 0x5B, 0x02, 0xB8, 0x00, 0x11, 0x02, 0x40, 0x01, 0x5F, 0x02, 0xB8, 0x00, 0x07, 0x02, 0x40,
  0x01, 0x5C, 0x02, 0xB8, 0x9D, 0xBD, 0x02, 0x40, 0x03, 0x11, 0x00, 0x04, 0x01, 0x54, 0x00, 0xB8,
  0x02, 0xB8, 0x02, 0xDC, 0x02, 0x40, 0x03, 0x3E, 0x02, 0xB8, 0x00, 0x01, 0x02, 0x40, 0x03, 0x3F,
  0x02, 0x84, 0x03, 0x3E, 0x02, 0xB8, 0x01, 0x08, 0x03, 0xC0, 0x03, 0x3F, 0x02, 0x60, 0x03, 0xF8,
  0x00, 0x78, 0x02, 0x60, 0x03, 0xF8, 0x00, 0xB8, 0x02, 0x60, 0x03, 0xF8, 0x01, 0xC8, 0x02, 0x60,
  0x03, 0xF8, 0x01, 0x10, 0x02, 0x60, 0x03, 0xF8, 0x00, 0xB8, 0x02, 0x60, 0x03, 0xF8, 0x00, 0x08,
  0x02, 0x60, 0x02, 0x60, 0x03, 0xF8, 0x00, 0xD8, 0x02, 0x60, 0x03, 0xF8, 0x00, 0x08, 0x02, 0x60,
  0x03, 0xF8, 0x01, 0x98, 0x02, 0x60, 0x03, 0xF8, 0x01, 0xF8, 0x02, 0x60, 0x03, 0xF8, 0x00, 0x18,
  0x02, 0x60, 0x03, 0xF8, 0x00, 0x10, 0x02, 0x60, 0x03, 0xF8, 0x00, 0x40, 0x02, 0x60, 0x02, 0x44,
  0x03, 0x3E, 0x02, 0xB8, 0x00, 0x01, 0x02, 0x40, 0x01, 0x30, 0x00, 0x04, 0x01, 0x54, 0x02, 0x6D,
  0x02, 0x80, 0x01, 0x32, 0x00, 0x80, 0x02, 0x04, 0x00, 0x07, 0x01, 0xC0, 0x02, 0x40, 0x01, 0x30,
  0x02, 0xB8, 0x00, 0x03, 0x02, 0x40, 0x01, 0x59, 0x02, 0xB7, 0x02, 0x75, 0x00, 0x04, 0x01, 0x54,
  0x00, 0x97, 0x02, 0xB8, 0x02, 0x00, 0x02, 0x40, 0x03, 0x3E, 0x02, 0xB8, 0x00, 0x07, 0x02, 0x40,
  0x03, 0x3F, 0x02, 0x84, 0x03, 0x3E, 0x02, 0xB8, 0x01, 0x10, 0x03, 0xC0, 0x03, 0x3F, 0x02, 0x60,
  0x03, 0xF8, 0x00, 0x68, 0x02, 0x60, 0x02, 0x60, 0x03, 0xF8, 0x00, 0xD8, 0x02, 0x60, 0x03, 0xF8,
  0x00, 0xE8, 0x02, 0x60, 0x03, 0xF8, 0x00, 0x38, 0x02, 0x60, 0x03, 0xF8, 0x00, 0x48, 0x02, 0x60,
  0x02, 0x44, 0x03, 0x3E, 0x02, 0xB8, 0x94, 0x10, 0x02, 0x40, 0x03, 0x0B, 0x02, 0xB8, 0x00, 0xFF,
  0x02, 0x40, 0x01, 0x39, 0x00, 0x04, 0x01, 0x50, 0x01, 0xD9, 0x01, 0xC0, 0x02, 0x40, 0x01, 0x12,
  0x02, 0x80, 0x01, 0x20, 0x03, 0x78, 0x00, 0x14, 0x02, 0x06, 0x00, 0x04, 0x03, 0x38, 0x00, 0x14,
  0x02, 0x40, 0x01, 0x12, 0x02, 0xB8, 0x00, 0x02, 0x02, 0x40, 0x01, 0x60, 0x01, 0xC0, 0x02, 0x40,
  0x01, 0x5B, 0x02, 0xB8, 0x00, 0x14, 0x02, 0x40, 0x01, 0x5F, 0x02, 0xB8, 0x00, 0x03, 0x02, 0x40,
  0x01, 0x5C, 0x02, 0x80, 0x01, 0x12, 0x02, 0xF8, 0x94, 0x10, 0x02, 0x40, 0x03, 0x11, 0x00, 0x04,
  0x01, 0x54, 0x00, 0xB8, 0x02, 0xB8, 0x02, 0xDC, 0x02, 0x40, 0x03, 0x3E, 0x02, 0xB8, 0x00, 0x01,
  0x02, 0x40, 0x03, 0x3F, 0x02, 0x84, 0x03, 0x3E, 0x02, 0xB8, 0x01, 0x20, 0x03, 0xC0, 0x03, 0x3F,
  0x02, 0x60, 0x03, 0xF8, 0x00, 0x58, 0x02, 0x60, 0x03, 0xF8, 0x01, 0x78, 0x02, 0x60, 0x03, 0xF8,
  0x01, 0x70, 0x02, 0x60, 0x03, 0xF8, 0x00, 0x08, 0x02, 0x60, 0x03, 0xF8, 0x00, 0xD8, 0x02, 0x60,
  0x03, 0xF8, 0x01, 0xA0, 0x02, 0x60, 0x03, 0xF8, 0x01, 0x80, 0x02, 0x60, 0x03, 0xF8, 0x00, 0xF8,
  0x02, 0x60, 0x03, 0xF8, 0x00, 0xC0, 0x02, 0x60, 0x03, 0xF8, 0x00, 0x90, 0x02, 0x60, 0x03, 0xF8,
  0x00, 0xB8, 0x02, 0x60, 0x03, 0xF8, 0x01, 0x90, 0x02, 0x60, 0x03, 0xF8, 0x01, 0x78, 0x02, 0x60,
  0x03, 0xF8, 0x00, 0x48, 0x02, 0x60, 0x02, 0x60, 0x00, 0x34, 0x02, 0x44, 0x03, 0x3E, 0x01, 0xC0,
  0x02, 0x40, 0x01, 0x1A, 0x02, 0x80, 0x01, 0x2F, 0x02, 0x40, 0x01, 0x1B, 0x02, 0xB8, 0x00, 0x01,
  0x02, 0x40, 0x01, 0x1E, 0x02, 0xB8, 0x94, 0x10, 0x02, 0x40, 0x03, 0x0B, 0x00, 0x04, 0x01, 0x54,
  0x00, 0x04, 0x02, 0x80, 0x01, 0x21, 0x00, 0x80, 0x02, 0x0C, 0x00, 0x04, 0x00, 0x04, 0x01, 0xD0,
  0x01, 0xD0, 0x02, 0xB7, 0x00, 0x04, 0x01, 0xD0, 0x00, 0xB4, 0x00, 0x04, 0x01, 0xD0, 0x01, 0xD0,
  0x02, 0xB7, 0x02, 0x75, 0x02, 0xB8, 0x00, 0x70, 0x02, 0x40, 0x9C, 0x05, 0x02, 0xB8, 0x00, 0xF8,
  0x02, 0x40, 0x9C, 0x06, 0x02, 0xB8, 0x00, 0x02, 0x02, 0x40, 0x9C, 0x07, 0x01, 0xC0, 0x02, 0x40,
  0x01, 0x41, 0x02, 0xB8, 0x00, 0x01, 0x02, 0x40, 0x01, 0x42, 0x01, 0xC0, 0x02, 0x40, 0x03, 0x0F,
  0x00, 0x04, 0x01, 0x50, 0x01, 0x7E, 0x02, 0xB8, 0x00, 0x01, 0x02, 0x40, 0x01, 0x41, 0x02, 0x40,
  0x01, 0x42, 0x00, 0x34, 0x02, 0x40, 0x03, 0x0F, 0x00, 0x04, 0x01, 0x50, 0x01, 0x7E, 0x01, 0xC0,
  0x02, 0x40, 0x9C, 0x08, 0x02, 0x40, 0x9C, 0x09, 0x02, 0x80, 0x9C, 0x04, 0x03, 0xB8, 0x00, 0xFF,
  0x00, 0x08, 0x02, 0x40, 0x01, 0x15, 0x02, 0x80, 0x01, 0x15, 0x00, 0x80, 0x02, 0x0C, 0x00, 0x04,
  0x02, 0xB8, 0x00, 0x01, 0x02, 0x40, 0x01, 0x15, 0x02, 0x80, 0x01, 0x15, 0x02, 0x40, 0x9C, 0x03,
  0x02, 0xB8, 0x00, 0xFF, 0x02, 0x40, 0x01, 0x13, 0x01, 0xC0, 0x02, 0x40, 0x01, 0x16, 0x02, 0x80,
  0x9C, 0x04, 0x03, 0xB8, 0x00, 0xFF, 0x03, 0x40, 0x01, 0x15, 0x02, 0xB8, 0xFF, 0xFF, 0x02, 0x0C,
  0x00, 0x01, 0x00, 0x08, 0x02, 0x81, 0x01, 0x16, 0x03, 0x79, 0x0E, 0x10, 0x02, 0xB9, 0xFF, 0xFF,
  0x02, 0x05, 0x00, 0x01, 0x00, 0x09, 0x01, 0x88, 0x02, 0x04, 0x00, 0x1B, 0x00, 0x04, 0x01, 0xD0,
  0x03, 0x59, 0x02, 0x80, 0x01, 0x16, 0x00, 0x08, 0x02, 0x40, 0x01, 0x16, 0x02, 0x80, 0x9C, 0x19,
  0x02, 0x40, 0x01, 0x14, 0x02, 0x80, 0x01, 0x14, 0x03, 0x40, 0x01, 0x13, 0x02, 0x04, 0x00, 0x07,
  0x00, 0x04, 0x01, 0xD0, 0x01, 0x5D, 0x02, 0x80, 0x01, 0x14, 0x02, 0x40, 0x01, 0x13, 0x02, 0x20,
  0x00, 0x31, 0x02, 0x80, 0x01, 0x16, 0x03, 0x78, 0x0E, 0x10, 0x02, 0x05, 0x00, 0x06, 0x01, 0xC0,
  0x02, 0x40, 0x01, 0x21, 0x02, 0x40, 0x01, 0x3C, 0x02, 0xB7, 0x02, 0x80, 0x9C, 0x0E, 0x03, 0xB8,
  0x00, 0xFF, 0x03, 0x78, 0x00, 0x06, 0x02, 0x04, 0x00, 0x08, 0x01, 0xC0, 0x02, 0x40, 0x01, 0x21,
  0x02, 0x80, 0x9C, 0x0B, 0x02, 0x40, 0x01, 0x3C, 0x02, 0xB7, 0x02, 0x80, 0x9C, 0x18, 0x03, 0xB8,
  0x00, 0xFF, 0x03, 0x78, 0x00, 0x80, 0x02, 0x0C, 0x00, 0x08, 0x01, 0xC0, 0x02, 0x40, 0x01, 0x21,
  0x02, 0x80, 0x9C, 0x1A, 0x02, 0x40, 0x01, 0x3C, 0x02, 0xB7, 0x02, 0xB8, 0x00, 0x01, 0x02, 0x40,
  0x01, 0x21, 0x02, 0xB7, 0x02, 0x75, 0x02, 0xB8, 0x00, 0x05, 0x02, 0x40, 0x01, 0x60, 0x01, 0xC0,
  0x02, 0x40, 0x01, 0x5D, 0x02, 0xB8, 0x00, 0x20, 0x02, 0x40, 0x01, 0x5A, 0x02, 0x80, 0x01, 0x5D,
  0x02, 0x81, 0x01, 0x14, 0x00, 0x4D, 0x00, 0x8C, 0x00, 0x4D, 0x00, 0xE1, 0x02, 0xBC, 0xFF, 0xFF,
  0x00, 0x0C, 0x03, 0x39, 0x00, 0x64, 0x02, 0x21, 0x00, 0x04, 0x00, 0xA1, 0x01, 0x48, 0x02, 0x0D,
  0x00, 0x04, 0x02, 0xB8, 0x00, 0x23, 0x02, 0x40, 0x01, 0x5A, 0x02, 0xB8, 0x02, 0x00, 0x02, 0x81,
  0x01, 0x60, 0x00, 0x4D, 0x00, 0x8C, 0x00, 0x4D, 0x00, 0xE1, 0x02, 0xC1, 0x01, 0x5D, 0x00, 0xC8,
  0x02, 0x81, 0x01, 0x5A, 0x03, 0x39, 0x00, 0x20, 0x00, 0x4D, 0x00, 0xC9, 0x02, 0xF9, 0x00, 0x06,
  0x00, 0x84, 0x02, 0x61, 0x02, 0x80, 0x01, 0x5D, 0x00, 0x08, 0x02, 0x40, 0x01, 0x5D, 0x03, 0x78,
  0x00, 0x13, 0x02, 0x26, 0x00, 0x38, 0x02, 0xB8, 0x00, 0x06, 0x02, 0x40, 0x01, 0x60, 0x00, 0x04,
  0x01, 0x54, 0x00, 0x9C, 0x02, 0x80, 0x01, 0x14, 0x02, 0x40, 0x03, 0x12, 0x02, 0xB8, 0x02, 0x80,
  0x02, 0x40, 0x03, 0x3E, 0x02, 0xB8, 0x00, 0x03, 0x02, 0x40, 0x03, 0x3F, 0x02, 0x80, 0x03, 0x12,
  0x02, 0xBA, 0x00, 0x03, 0x02, 0x83, 0x03, 0x3F, 0x02, 0x84, 0x03, 0x3E, 0x00, 0x04, 0x01, 0xD4,
  0x01, 0x09, 0x02, 0x44, 0x03, 0x3E, 0x02, 0xB8, 0x02, 0x83, 0x02, 0x40, 0x03, 0x3E, 0x02, 0xB8,
  0x00, 0x03, 0x02, 0x40, 0x03, 0x3F, 0x02, 0x84, 0x03, 0x3E, 0x02, 0xB8, 0x00, 0x28, 0x03, 0xC0,
  0x03, 0x3F, 0x02, 0x60, 0x02, 0x44, 0x03, 0x3E, 0x02, 0xB7, 0x02, 0x75, 0x02, 0xB8, 0x02, 0xA0,
  0x02, 0x40, 0x03, 0x3E, 0x02, 0xB8, 0x00, 0x01, 0x02, 0x40, 0x03, 0x3F, 0x02, 0x84, 0x03, 0x3E,
  0x02, 0xB8, 0x01, 0x28, 0x03, 0xC0, 0x03, 0x3F, 0x02, 0x60, 0x03, 0xF8, 0x00, 0xB8, 0x02, 0x60,
  0x02, 0x60, 0x03, 0xF8, 0x01, 0x90, 0x02, 0x60, 0x03, 0xF8, 0x01, 0x18, 0x02, 0x60, 0x03, 0xF8,
  0x00, 0x60, 0x02, 0x60, 0x03, 0xF8, 0x00, 0x58, 0x02, 0x60, 0x03, 0xF8, 0x00, 0x08, 0x02, 0x60,
  0x03, 0xF8, 0x01, 0xF8, 0x02, 0x60, 0x02, 0x44, 0x03, 0x3E, 0x02, 0x80, 0x01, 0x3C, 0x02, 0x40,
  0x03, 0x12, 0x02, 0xB8, 0x02, 0xAA, 0x02, 0x40, 0x03, 0x3E, 0x02, 0xB8, 0x00, 0x03, 0x02, 0x40,
  0x03, 0x3F, 0x02, 0x80, 0x03, 0x12, 0x02, 0xBA, 0x00, 0x03, 0x02, 0x83, 0x03, 0x3F, 0x02, 0x84,
  0x03, 0x3E, 0x00, 0x04, 0x01, 0xD4, 0x01, 0x09, 0x02, 0x44, 0x03, 0x3E, 0x02, 0xB8, 0x02, 0xDC,
  0x02, 0x40, 0x03, 0x3E, 0x02, 0xB8, 0x00, 0x02, 0x02, 0x40, 0x03, 0x3F, 0x02, 0x84, 0x03, 0x3E,
  0x02, 0xB8, 0x01, 0x10, 0x03, 0xC0, 0x03, 0x3F, 0x02, 0x60, 0x03, 0xF8, 0x00, 0x68, 0x02, 0x60,
  0x02, 0x60, 0x03, 0xF8, 0x00, 0xD8, 0x02, 0x60, 0x03, 0xF8, 0x01, 0xA0, 0x02, 0x60, 0x03, 0xF8,
  0x01, 0x30, 0x02, 0x60, 0x03, 0xF8, 0x00, 0x38, 0x02, 0x60, 0x03, 0xF8, 0x00, 0x40, 0x02, 0x60,
  0x03, 0xF8, 0x00, 0x28, 0x02, 0x60, 0x03, 0xF8, 0x00, 0x48, 0x02, 0x60, 0x03, 0xF8, 0x00, 0x08,
  0x02, 0x60, 0x03, 0xF8, 0x01, 0x20, 0x02, 0x60, 0x02, 0x60, 0x02, 0x60, 0x02, 0x60, 0x00, 0x34,
  0x02, 0x60, 0x02, 0x60, 0x02, 0x60, 0x02, 0x60, 0x00, 0x34, 0x02, 0x60, 0x02, 0x44, 0x03, 0x3E,
  0x01, 0xC0, 0x02, 0x40, 0x01, 0x16, 0x00, 0x04, 0x01, 0xD0, 0x03, 0x59, 0x02, 0x80, 0x01, 0x16,
  0x00, 0x08, 0x02, 0x40, 0x01, 0x16, 0x03, 0x78, 0x00, 0x77, 0x02, 0x26, 0x00, 0x0B, 0x02, 0xB8,
  0x00, 0x03, 0x02, 0x40, 0x01, 0x59, 0x02, 0xB7, 0x00, 0x04, 0x01, 0x54, 0x00, 0x97, 0x00, 0x04,
  0x01, 0x50, 0x00, 0xC7, 0x02, 0x80, 0x01, 0x21, 0x00, 0x80, 0x02, 0x0C, 0x00, 0x05, 0x00, 0x04,
  0x01, 0xD0, 0x02, 0x8E, 0x02, 0x00, 0x00, 0x1A, 0x01, 0xC0, 0x02, 0x40, 0x01, 0x59, 0x00, 0x04,
  0x01, 0xD0, 0x03, 0x59, 0x02, 0x81, 0x01, 0x59, 0x03, 0x79, 0x00, 0x07, 0x02, 0x01, 0x00, 0x0C,
  0x02, 0xBD, 0xD2, 0x87, 0x02, 0xF9, 0xD2, 0x80, 0x02, 0x8F, 0x5A, 0xE6, 0x5F, 0x28, 0x5B, 0x90,
  0x5F, 0xF7, 0x62, 0xB8, 0x69, 0xB0, 0xD0, 0x00, 0x02, 0x20, 0x00, 0x16, 0x00, 0x04, 0x01, 0xD0,
  0x03, 0x59, 0x02, 0x20, 0x00, 0x04, 0x02, 0x75, 0x02, 0xB8, 0x02, 0x00, 0x02, 0x40, 0x03, 0x3E,
  0x02, 0xB8, 0x00, 0x07, 0x02, 0x40, 0x03, 0x3F, 0x02, 0x84, 0x03, 0x3E, 0x02, 0xB8, 0x01, 0x30,
  0x03, 0xC0, 0x03, 0x3F, 0x02, 0x60, 0x03, 0xF8, 0x00, 0x98, 0x02, 0x60, 0x03, 0xF8, 0x00, 0xF8,
  0x02, 0x60, 0x03, 0xF8, 0x00, 0x18, 0x02, 0x60, 0x03, 0xF8, 0x00, 0x38, 0x02, 0x60, 0x03, 0xF8,
  0x00, 0x58, 0x02, 0x60, 0x03, 0xF8, 0x00, 0x88, 0x02, 0x60, 0x03, 0xF8, 0x01, 0xA0, 0x02, 0x60,
  0x03, 0xF8, 0x01, 0x18, 0x02, 0x60, 0x03, 0xF8, 0x00, 0x60, 0x02, 0x60, 0x03, 0xF8, 0x00, 0x08,
  0x02, 0x60, 0x03, 0xF8, 0x00, 0x40, 0x02, 0x60, 0x03, 0xF8, 0x00, 0x78, 0x02, 0x60, 0x03, 0xF8,
  0x00, 0x70, 0x02, 0x60, 0x03, 0xF8, 0x01, 0x38, 0x02, 0x60, 0x02, 0x60, 0x03, 0xF8, 0x01, 0x48,
  0x02, 0x60, 0x03, 0xF8, 0x00, 0x38, 0x02, 0x60, 0x03, 0xF8, 0x00, 0xD0, 0x02, 0x60, 0x03, 0xF8,
  0x00, 0x10, 0x02, 0x60, 0x02, 0x44, 0x03, 0x3E, 0x02, 0xB8, 0x02, 0x3E, 0x02, 0x40, 0x03, 0x3E,
  0x02, 0xB8, 0x00, 0x02, 0x02, 0x40, 0x03, 0x3F, 0x02, 0x84, 0x03, 0x3E, 0x02, 0xB8, 0x01, 0x70,
  0x03, 0xC0, 0x03, 0x3F, 0x02, 0x60, 0x03, 0xF8, 0x00, 0x08, 0x02, 0x60, 0x03, 0xF8, 0x01, 0x78,
  0x02, 0x60, 0x03, 0xF8, 0x01, 0x18, 0x02, 0x60, 0x03, 0xF8, 0x00, 0x10, 0x02, 0x60, 0x03, 0xF8,
  0x00, 0x98, 0x02, 0x60, 0x03, 0xF8, 0x00, 0x30, 0x02, 0x60, 0x03, 0xF8, 0x00, 0x30, 0x02, 0x60,
  0x03, 0xF8, 0x00, 0xD8, 0x02, 0x60, 0x03, 0xF8, 0x00, 0x68, 0x02, 0x60, 0x03, 0xF8, 0x00, 0x18,
  0x02, 0x60, 0x03, 0xF8, 0x00, 0x10, 0x02, 0x60, 0x02, 0x44, 0x03, 0x3E, 0x02, 0xB8, 0x02, 0x52,
  0x02, 0x40, 0x03, 0x3E, 0x02, 0xB8, 0x00, 0x02, 0x02, 0x40, 0x03, 0x3F, 0x02, 0x84, 0x03, 0x3E,
  0x02, 0xB8, 0x01, 0x68, 0x03, 0xC0, 0x03, 0x3F, 0x02, 0x60, 0x03, 0xF8, 0x00, 0x60, 0x02, 0x60,
  0x03, 0xF8, 0x00, 0x40, 0x02, 0x60, 0x03, 0xF8, 0x00, 0x28, 0x02, 0x60, 0x03, 0xF8, 0x00, 0x70,
  0x02, 0x60, 0x03, 0xF8, 0x00, 0x68, 0x02, 0x60, 0x03, 0xF8, 0x00, 0xB8, 0x02, 0x60, 0x02, 0x44,
  0x03, 0x3E, 0x02, 0xB7, 0x02, 0x20, 0x00, 0x01, 0x00, 0x83, 0x00, 0xAA, 0x02, 0xB0, 0x02, 0xB1,
  0x02, 0xB5, 0x02, 0xB4, 0x02, 0x72, 0x01, 0x0B, 0x02, 0x73, 0x00, 0x8B, 0x02, 0xA2, 0x02, 0x6A,
  0x00, 0x13, 0x02, 0x2C, 0x00, 0x04, 0x02, 0xB3, 0x00, 0xDC, 0x01, 0x0D, 0x02, 0xFD, 0x00, 0x14,
  0x00, 0x10, 0x02, 0x2C, 0x00, 0x0E, 0x02, 0xB7, 0x02, 0x75, 0x00, 0x9C, 0x00, 0x95, 0x00, 0x8B,
  0x02, 0xA2, 0x02, 0x6A, 0x00, 0x13, 0x02, 0x2C, 0x00, 0x04, 0x02, 0xBB, 0x00, 0x14, 0x01, 0x0B,
  0x00, 0xDC, 0x00, 0xDD, 0x00, 0x10, 0x02, 0x2C, 0x00, 0x0D, 0x02, 0xB7, 0x02, 0x80, 0x01, 0xFF,
  0x00, 0x18, 0x03, 0xB8, 0x00, 0xFF, 0x03, 0x40, 0x01, 0x0C, 0x02, 0x0C, 0x00, 0x34, 0x03, 0x40,
  0x01, 0x0D, 0x02, 0x0C, 0x00, 0x30, 0x00, 0x80, 0x02, 0xBC, 0xD3, 0xF4, 0x02, 0x04, 0x00, 0x27,
  0x02, 0xBC, 0xD3, 0xE7, 0x03, 0x60, 0x02, 0x04, 0x00, 0x22, 0x03, 0x60, 0x02, 0x04, 0x00, 0x1F,
  0x03, 0x60, 0x02, 0x04, 0x00, 0x1C, 0x03, 0x60, 0x02, 0x04, 0x00, 0x19, 0x03, 0x60, 0x02, 0x04,
  0x00, 0x16, 0x03, 0x60, 0x02, 0x04, 0x00, 0x13, 0x03, 0x60, 0x02, 0x04, 0x00, 0x10, 0x03, 0x60,
  0x02, 0x04, 0x00, 0x0D, 0x03, 0x60, 0x02, 0x04, 0x00, 0x0A, 0x03, 0x60, 0x02, 0x04, 0x00, 0x07,
  0x03, 0x60, 0x02, 0x04, 0x00, 0x04, 0x03, 0x60, 0x02, 0x04, 0x00, 0x01, 0x00, 0x0C, 0x03, 0x3C,
  0xD3, 0xE8, 0x02, 0x44, 0x01, 0x0E, 0x02, 0x81, 0x01, 0x0D, 0x02, 0x41, 0x01, 0x0C, 0x02, 0x40,
  0x01, 0x0D, 0x02, 0x80, 0x01, 0xFE, 0x00, 0x18, 0x03, 0xB8, 0x00, 0xFF, 0x03, 0x40, 0x01, 0x0F,
  0x02, 0x0C, 0x00, 0x34, 0x03, 0x40, 0x01, 0x10, 0x02, 0x0C, 0x00, 0x30, 0x00, 0x80, 0x02, 0xBC,
  0xD3, 0xF4, 0x02, 0x04, 0x00, 0x27, 0x02, 0xBC, 0xD3, 0xE7, 0x03, 0x60, 0x02, 0x04, 0x00, 0x22,
  0x03, 0x60, 0x02, 0x04, 0x00, 0x1F, 0x03, 0x60, 0x02, 0x04, 0x00, 0x1C, 0x03, 0x60, 0x02, 0x04,
  0x00, 0x19, 0x03, 0x60, 0x02, 0x04, 0x00, 0x16, 0x03, 0x60, 0x02, 0x04, 0x00, 0x13, 0x03, 0x60,
  0x02, 0x04, 0x00, 0x10, 0x03, 0x60, 0x02, 0x04, 0x00, 0x0D, 0x03, 0x60, 0x02, 0x04, 0x00, 0x0A,
  0x03, 0x60, 0x02, 0x04, 0x00, 0x07, 0x03, 0x60, 0x02, 0x04, 0x00, 0x04, 0x03, 0x60, 0x02, 0x04,
  0x00, 0x01, 0x00, 0x0C, 0x03, 0x3C, 0xD3, 0xE8, 0x02, 0x44, 0x01, 0x11, 0x02, 0x81, 0x01, 0x10,
  0x02, 0x41, 0x01, 0x0F, 0x02, 0x40, 0x01, 0x10, 0x01, 0xC0, 0x02, 0x40, 0x01, 0x02, 0x03, 0x40,
  0x01, 0x02, 0x02, 0x24, 0x00, 0x03, 0x00, 0xAF, 0x00, 0x48, 0x00, 0x81, 0x00, 0x41, 0x00, 0x21,
  0x00, 0x82, 0x00, 0x42, 0x00, 0x22, 0x00, 0x84, 0x00, 0x44, 0x00, 0x24, 0x00, 0x88, 0x00, 0x28,
  0x02, 0xA8, 0x02, 0x40, 0x01, 0x00, 0x00, 0x40, 0x02, 0x40, 0x01, 0x01, 0x00, 0xAF, 0x02, 0xB9,
  0x00, 0x01, 0x02, 0x41, 0x01, 0x02, 0x02, 0x80, 0x01, 0x09, 0x00, 0x7C, 0x02, 0x0C, 0x00, 0x02,
  0x02, 0x40, 0x00, 0x20, 0x02, 0x09, 0x00, 0x06, 0x02, 0x40, 0x00, 0x21, 0x02, 0x0A, 0x00, 0x1B,
  0x02, 0x00, 0x00, 0x13, 0x02, 0x80, 0x00, 0x21, 0x02, 0x0A, 0x00, 0x15, 0x01, 0xC9, 0x02, 0x80,
  0x03, 0x3F, 0x02, 0x40, 0x00, 0x28, 0x00, 0x40, 0x02, 0x40, 0x00, 0x29, 0x00, 0x64, 0x00, 0x64,
  0x02, 0x40, 0x00, 0x2A, 0x00, 0x40, 0x02, 0x40, 0x00, 0x2B, 0x02, 0x41, 0x01, 0x09, 0x02, 0xB8,
  0x00, 0x07, 0x02, 0x40, 0x03, 0x3F, 0x02, 0x75, 0x02, 0x80, 0x01, 0x0A, 0x02, 0x40, 0x00, 0x2C,
  0x02, 0x80, 0x01, 0x0B, 0x02, 0x40, 0x00, 0x32, 0x02, 0xBC, 0x00, 0x18, 0x02, 0xBD, 0x03, 0x40,
  0x02, 0xA0, 0x02, 0x68, 0x02, 0xA0, 0x02, 0x68, 0x02, 0xA0, 0x02, 0x68, 0x02, 0xA0, 0x02, 0x68,
  0x02, 0xA0, 0x02, 0x68, 0x02, 0xA0, 0x02, 0x68, 0x02, 0xA0, 0x02, 0x68, 0x02, 0xA0, 0x02, 0x68,
  0x00, 0xAC, 0x01, 0xED, 0x02, 0xA0, 0x02, 0x68, 0x02, 0xA0, 0x02, 0x68, 0x02, 0xA0, 0x02, 0x68,
  0x02, 0xA0, 0x02, 0x68, 0x02, 0xA0, 0x02, 0x68, 0x02, 0xA0, 0x02, 0x68, 0x02, 0xA0, 0x02, 0x68,
  0x02, 0xA0, 0x02, 0x68, 0x02, 0xA0, 0x02, 0x68, 0x02, 0xA0, 0x02, 0x68, 0x02, 0xA0, 0x02, 0x68,
  0x02, 0xA0, 0x02, 0x68, 0x02, 0xA0, 0x02, 0x68, 0x02, 0xA0, 0x02, 0x68, 0x02, 0xA0, 0x02, 0x68,
  0x02, 0xA0, 0x02, 0x68, 0x02, 0xA0, 0x02, 0x68, 0x02, 0xA0, 0x02, 0x68, 0x02, 0xA0, 0x02, 0x68,
  0x02, 0xA0, 0x02, 0x68, 0x02, 0xA0, 0x02, 0x68, 0x02, 0xA0, 0x02, 0x68, 0x02, 0xA0, 0x02, 0x68,
  0x02, 0xA0, 0x02, 0x68, 0x01, 0xC0, 0x02, 0x68, 0x02, 0x68, 0x02, 0x68, 0x02, 0x68, 0x02, 0x68,
  0x02, 0x68, 0x02, 0x68, 0x02, 0x68, 0x02, 0x84, 0x03, 0x3C, 0x00, 0xA4, 0x02, 0x04, 0x00, 0x1E,
  0x02, 0x81, 0x01, 0x05, 0x00, 0x4D, 0x00, 0x49, 0x02, 0xF9, 0x38, 0x00, 0x00, 0x8D, 0x02, 0x80,
  0x01, 0x06, 0x02, 0xA1, 0x02, 0x69, 0x00, 0x41, 0x02, 0x69, 0x02, 0xA1, 0x02, 0x69, 0x00, 0x41,
  0x02, 0x69, 0x02, 0xA1, 0x02, 0x69, 0x00, 0x41, 0x02, 0x69, 0x02, 0xA1, 0x02, 0x69, 0x00, 0x41,
  0x02, 0x69, 0x00, 0x10, 0x02, 0x2C, 0x00, 0x12, 0x02, 0x40, 0x03, 0x3C, 0x02, 0x84, 0x03, 0x3D,
  0x00, 0xA4, 0x02, 0x04, 0x00, 0x1E, 0x02, 0x81, 0x01, 0x07, 0x00, 0x4D, 0x00, 0x49, 0x02, 0xF9,
  0x38, 0x00, 0x00, 0x8D, 0x02, 0x80, 0x01, 0x08, 0x02, 0xA1, 0x02, 0x69, 0x00, 0x41, 0x02, 0x69,
  0x02, 0xA1, 0x02, 0x69, 0x00, 0x41, 0x02, 0x69, 0x02, 0xA1, 0x02, 0x69, 0x00, 0x41, 0x02, 0x69,
  0x02, 0xA1, 0x02, 0x69, 0x00, 0x41, 0x02, 0x69, 0x00, 0x10, 0x02, 0x2C, 0x00, 0x12, 0x02, 0x40,
  0x03, 0x3D, 0x00, 0x04, 0x01, 0xD4, 0x00, 0xCD, 0x02, 0x80, 0x03, 0x3A, 0x00, 0x08, 0x02, 0x40,
  0x03, 0x3A, 0x02, 0xB7, 0x02, 0x80, 0x01, 0x04, 0x00, 0x07, 0x00, 0x70, 0x00, 0x82, 0x00, 0x66,
  0x00, 0x66, 0x03, 0xBA, 0x08, 0x00, 0x00, 0x66, 0x00, 0x66, 0x03, 0xB8, 0x00, 0x7F, 0x01, 0xD0,
  0x03, 0xC0, 0x03, 0x3A, 0x00, 0x70, 0x00, 0x82, 0x00, 0x66, 0x00, 0x66, 0x03, 0xBA, 0x08, 0x00,
  0x00, 0x66, 0x00, 0x66, 0x03, 0xB8, 0x00, 0x7F, 0x01, 0xD0, 0x03, 0xC0, 0x01, 0x04, 0x00, 0x70,
  0x00, 0x82, 0x00, 0x66, 0x00, 0x66, 0x03, 0xBA, 0x08, 0x00, 0x00, 0x66, 0x00, 0x66, 0x03, 0xB8,
  0x00, 0x7F, 0x01, 0xD0, 0x03, 0xF8, 0x00, 0x09, 0x02, 0x40, 0x01, 0x04, 0x00, 0xAF, 0x00, 0xAF,
  0x27, 0x10, 0x03, 0xE8, 0x00, 0x64, 0x00, 0x0A, 0x00, 0x01, 0x00, 0x00, 0x02, 0x75, 0x02, 0xBD,
  0x00, 0x01, 0x02, 0x72, 0x02, 0xBA, 0x00, 0x05, 0x02, 0x00, 0x00, 0x05, 0x02, 0x75, 0x01, 0xED,
  0x00, 0x0F, 0x02, 0x75, 0x02, 0x72, 0x02, 0x71, 0x02, 0xB9, 0xD5, 0x00, 0x01, 0x11, 0x02, 0x73,
  0x03, 0x7D, 0x00, 0x02, 0x02, 0x09, 0x00, 0x08, 0x01, 0xED, 0x02, 0xFB, 0x00, 0x80, 0x02, 0x00,
  0x00, 0x03, 0x02, 0x63, 0x01, 0x2C, 0x00, 0x09, 0x00, 0x12, 0x02, 0x04, 0x00, 0x07, 0x03, 0x7A,
  0x00, 0x05, 0x02, 0x2D, 0x00, 0x09, 0x03, 0x48, 0x02, 0x29, 0x00, 0x0C, 0x02, 0xB3, 0x00, 0x80,
  0x02, 0x0C, 0x00, 0x06, 0x00, 0x9D, 0x02, 0xFD, 0x00, 0x80, 0x02, 0x65, 0x02, 0x00, 0x00, 0x0E,
  0x00, 0x9D, 0x02, 0xFD, 0x00, 0x78, 0x02, 0xFD, 0x00, 0x08, 0x03, 0x08, 0x02, 0x21, 0x00, 0x04,
  0x02, 0xC8, 0x02, 0x65, 0x00, 0x09, 0x00, 0x12, 0x02, 0x23, 0x00, 0x0D, 0x02, 0xB1, 0x02, 0xB2,
  0x02, 0xB7,
};

#endif /* FUJICONFIGROM_H */
